/*
 Navicat Premium Data Transfer

 Source Server         : localhost
 Source Server Type    : MySQL
 Source Server Version : 100432
 Source Host           : localhost:3306
 Source Schema         : cyg-website

 Target Server Type    : MySQL
 Target Server Version : 100432
 File Encoding         : 65001

 Date: 12/11/2025 18:26:22
*/

SET NAMES utf8mb4;
SET FOREIGN_KEY_CHECKS = 0;

-- ----------------------------
-- Table structure for about_team_sections
-- ----------------------------
DROP TABLE IF EXISTS `about_team_sections`;
CREATE TABLE `about_team_sections`  (
  `id` int(10) UNSIGNED NOT NULL AUTO_INCREMENT,
  `document_id` varchar(255) CHARACTER SET utf8mb4 COLLATE utf8mb4_general_ci NULL DEFAULT NULL,
  `title` varchar(255) CHARACTER SET utf8mb4 COLLATE utf8mb4_general_ci NULL DEFAULT NULL,
  `title_accent` varchar(255) CHARACTER SET utf8mb4 COLLATE utf8mb4_general_ci NULL DEFAULT NULL,
  `description` longtext CHARACTER SET utf8mb4 COLLATE utf8mb4_general_ci NULL,
  `created_at` datetime(6) NULL DEFAULT NULL,
  `updated_at` datetime(6) NULL DEFAULT NULL,
  `published_at` datetime(6) NULL DEFAULT NULL,
  `created_by_id` int(10) UNSIGNED NULL DEFAULT NULL,
  `updated_by_id` int(10) UNSIGNED NULL DEFAULT NULL,
  `locale` varchar(255) CHARACTER SET utf8mb4 COLLATE utf8mb4_general_ci NULL DEFAULT NULL,
  PRIMARY KEY (`id`) USING BTREE,
  INDEX `about_team_sections_documents_idx`(`document_id`, `locale`, `published_at`) USING BTREE,
  INDEX `about_team_sections_created_by_id_fk`(`created_by_id`) USING BTREE,
  INDEX `about_team_sections_updated_by_id_fk`(`updated_by_id`) USING BTREE,
  CONSTRAINT `about_team_sections_created_by_id_fk` FOREIGN KEY (`created_by_id`) REFERENCES `admin_users` (`id`) ON DELETE SET NULL ON UPDATE RESTRICT,
  CONSTRAINT `about_team_sections_updated_by_id_fk` FOREIGN KEY (`updated_by_id`) REFERENCES `admin_users` (`id`) ON DELETE SET NULL ON UPDATE RESTRICT
) ENGINE = InnoDB AUTO_INCREMENT = 3 CHARACTER SET = utf8mb4 COLLATE = utf8mb4_general_ci ROW_FORMAT = Dynamic;

-- ----------------------------
-- Records of about_team_sections
-- ----------------------------
INSERT INTO `about_team_sections` VALUES (1, 'uaw5qgy14kevqsd4o33x8ppb', 'test', 'test', 'test', '2025-11-10 16:22:54.598000', '2025-11-10 16:22:54.598000', NULL, 2, 2, NULL);
INSERT INTO `about_team_sections` VALUES (2, 'uaw5qgy14kevqsd4o33x8ppb', 'test', 'test', 'test', '2025-11-10 16:22:54.598000', '2025-11-10 16:22:54.598000', '2025-11-10 16:22:54.610000', 2, 2, NULL);

-- ----------------------------
-- Table structure for admin_permissions
-- ----------------------------
DROP TABLE IF EXISTS `admin_permissions`;
CREATE TABLE `admin_permissions`  (
  `id` int(10) UNSIGNED NOT NULL AUTO_INCREMENT,
  `document_id` varchar(255) CHARACTER SET utf8mb4 COLLATE utf8mb4_general_ci NULL DEFAULT NULL,
  `action` varchar(255) CHARACTER SET utf8mb4 COLLATE utf8mb4_general_ci NULL DEFAULT NULL,
  `action_parameters` longtext CHARACTER SET utf8mb4 COLLATE utf8mb4_bin NULL,
  `subject` varchar(255) CHARACTER SET utf8mb4 COLLATE utf8mb4_general_ci NULL DEFAULT NULL,
  `properties` longtext CHARACTER SET utf8mb4 COLLATE utf8mb4_bin NULL,
  `conditions` longtext CHARACTER SET utf8mb4 COLLATE utf8mb4_bin NULL,
  `created_at` datetime(6) NULL DEFAULT NULL,
  `updated_at` datetime(6) NULL DEFAULT NULL,
  `published_at` datetime(6) NULL DEFAULT NULL,
  `created_by_id` int(10) UNSIGNED NULL DEFAULT NULL,
  `updated_by_id` int(10) UNSIGNED NULL DEFAULT NULL,
  `locale` varchar(255) CHARACTER SET utf8mb4 COLLATE utf8mb4_general_ci NULL DEFAULT NULL,
  PRIMARY KEY (`id`) USING BTREE,
  INDEX `admin_permissions_documents_idx`(`document_id`, `locale`, `published_at`) USING BTREE,
  INDEX `admin_permissions_created_by_id_fk`(`created_by_id`) USING BTREE,
  INDEX `admin_permissions_updated_by_id_fk`(`updated_by_id`) USING BTREE,
  CONSTRAINT `admin_permissions_created_by_id_fk` FOREIGN KEY (`created_by_id`) REFERENCES `admin_users` (`id`) ON DELETE SET NULL ON UPDATE RESTRICT,
  CONSTRAINT `admin_permissions_updated_by_id_fk` FOREIGN KEY (`updated_by_id`) REFERENCES `admin_users` (`id`) ON DELETE SET NULL ON UPDATE RESTRICT
) ENGINE = InnoDB AUTO_INCREMENT = 210 CHARACTER SET = utf8mb4 COLLATE = utf8mb4_general_ci ROW_FORMAT = Dynamic;

-- ----------------------------
-- Records of admin_permissions
-- ----------------------------
INSERT INTO `admin_permissions` VALUES (1, 'gnsjd4rmpo8zazwe3nkaxr2k', 'plugin::upload.read', '{}', NULL, '{}', '[]', '2025-09-19 14:41:50.262000', '2025-09-19 14:41:50.262000', '2025-09-19 14:41:50.262000', NULL, NULL, NULL);
INSERT INTO `admin_permissions` VALUES (2, 'pn5tvbry3gijp6e040y3bvbu', 'plugin::upload.configure-view', '{}', NULL, '{}', '[]', '2025-09-19 14:41:50.272000', '2025-09-19 14:41:50.272000', '2025-09-19 14:41:50.272000', NULL, NULL, NULL);
INSERT INTO `admin_permissions` VALUES (3, 'qlxciswq1yzkcgqqhx7fen5m', 'plugin::upload.assets.create', '{}', NULL, '{}', '[]', '2025-09-19 14:41:50.283000', '2025-09-19 14:41:50.283000', '2025-09-19 14:41:50.284000', NULL, NULL, NULL);
INSERT INTO `admin_permissions` VALUES (4, 'uy2xiheljbee7ixsr55c00js', 'plugin::upload.assets.update', '{}', NULL, '{}', '[]', '2025-09-19 14:41:50.292000', '2025-09-19 14:41:50.292000', '2025-09-19 14:41:50.292000', NULL, NULL, NULL);
INSERT INTO `admin_permissions` VALUES (5, 'mc7k731a4l81u4c8b2pdhz1q', 'plugin::upload.assets.download', '{}', NULL, '{}', '[]', '2025-09-19 14:41:50.299000', '2025-09-19 14:41:50.299000', '2025-09-19 14:41:50.299000', NULL, NULL, NULL);
INSERT INTO `admin_permissions` VALUES (6, 'sk55rq17a5gczoetj99lx8hz', 'plugin::upload.assets.copy-link', '{}', NULL, '{}', '[]', '2025-09-19 14:41:50.306000', '2025-09-19 14:41:50.306000', '2025-09-19 14:41:50.306000', NULL, NULL, NULL);
INSERT INTO `admin_permissions` VALUES (7, 'oi42vhiz06vcku6i32dp4x9q', 'plugin::upload.read', '{}', NULL, '{}', '[\"admin::is-creator\"]', '2025-09-19 14:41:50.316000', '2025-09-19 14:41:50.316000', '2025-09-19 14:41:50.316000', NULL, NULL, NULL);
INSERT INTO `admin_permissions` VALUES (8, 'clcsy0b4q8lvynawyk08do86', 'plugin::upload.configure-view', '{}', NULL, '{}', '[]', '2025-09-19 14:41:50.323000', '2025-09-19 14:41:50.323000', '2025-09-19 14:41:50.324000', NULL, NULL, NULL);
INSERT INTO `admin_permissions` VALUES (9, 'p4g9wvc1vlpj40u7do5gls0z', 'plugin::upload.assets.create', '{}', NULL, '{}', '[]', '2025-09-19 14:41:50.332000', '2025-09-19 14:41:50.332000', '2025-09-19 14:41:50.332000', NULL, NULL, NULL);
INSERT INTO `admin_permissions` VALUES (10, 'ri471st8uegh7xlej7mu116i', 'plugin::upload.assets.update', '{}', NULL, '{}', '[\"admin::is-creator\"]', '2025-09-19 14:41:50.340000', '2025-09-19 14:41:50.340000', '2025-09-19 14:41:50.340000', NULL, NULL, NULL);
INSERT INTO `admin_permissions` VALUES (11, 'ab43pybao4qu1hft5p34f6tg', 'plugin::upload.assets.download', '{}', NULL, '{}', '[]', '2025-09-19 14:41:50.348000', '2025-09-19 14:41:50.348000', '2025-09-19 14:41:50.348000', NULL, NULL, NULL);
INSERT INTO `admin_permissions` VALUES (12, 'nprqj7r6mmn4b0sjwb82kbv8', 'plugin::upload.assets.copy-link', '{}', NULL, '{}', '[]', '2025-09-19 14:41:50.355000', '2025-09-19 14:41:50.355000', '2025-09-19 14:41:50.355000', NULL, NULL, NULL);
INSERT INTO `admin_permissions` VALUES (13, 'hw4ojsqjpdmlr8i64rne8kbb', 'plugin::content-manager.explorer.create', '{}', 'plugin::users-permissions.user', '{\"fields\":[\"username\",\"email\",\"provider\",\"password\",\"resetPasswordToken\",\"confirmationToken\",\"confirmed\",\"blocked\",\"role\"]}', '[]', '2025-09-19 14:41:50.385000', '2025-09-19 14:41:50.385000', '2025-09-19 14:41:50.385000', NULL, NULL, NULL);
INSERT INTO `admin_permissions` VALUES (14, 'ec5mjwcxbe2fchchygyh1ouh', 'plugin::content-manager.explorer.read', '{}', 'plugin::users-permissions.user', '{\"fields\":[\"username\",\"email\",\"provider\",\"password\",\"resetPasswordToken\",\"confirmationToken\",\"confirmed\",\"blocked\",\"role\"]}', '[]', '2025-09-19 14:41:50.428000', '2025-09-19 14:41:50.428000', '2025-09-19 14:41:50.428000', NULL, NULL, NULL);
INSERT INTO `admin_permissions` VALUES (15, 'mxd5dffwlz9kgk78cyt0klbx', 'plugin::content-manager.explorer.update', '{}', 'plugin::users-permissions.user', '{\"fields\":[\"username\",\"email\",\"provider\",\"password\",\"resetPasswordToken\",\"confirmationToken\",\"confirmed\",\"blocked\",\"role\"]}', '[]', '2025-09-19 14:41:50.436000', '2025-09-19 14:41:50.436000', '2025-09-19 14:41:50.436000', NULL, NULL, NULL);
INSERT INTO `admin_permissions` VALUES (16, 'grzbd48i2d6wca63xoqm31tf', 'plugin::content-manager.explorer.delete', '{}', 'plugin::users-permissions.user', '{}', '[]', '2025-09-19 14:41:50.443000', '2025-09-19 14:41:50.443000', '2025-09-19 14:41:50.443000', NULL, NULL, NULL);
INSERT INTO `admin_permissions` VALUES (17, 's6fjo3don67jz4ieardod0av', 'plugin::content-manager.explorer.publish', '{}', 'plugin::users-permissions.user', '{}', '[]', '2025-09-19 14:41:50.449000', '2025-09-19 14:41:50.449000', '2025-09-19 14:41:50.449000', NULL, NULL, NULL);
INSERT INTO `admin_permissions` VALUES (18, 'krw00ht8lvmvj6alq4as20qw', 'plugin::content-manager.single-types.configure-view', '{}', NULL, '{}', '[]', '2025-09-19 14:41:50.456000', '2025-09-19 14:41:50.456000', '2025-09-19 14:41:50.456000', NULL, NULL, NULL);
INSERT INTO `admin_permissions` VALUES (19, 'nlo17h02xozpsetes022vh5v', 'plugin::content-manager.collection-types.configure-view', '{}', NULL, '{}', '[]', '2025-09-19 14:41:50.463000', '2025-09-19 14:41:50.463000', '2025-09-19 14:41:50.464000', NULL, NULL, NULL);
INSERT INTO `admin_permissions` VALUES (20, 'ie2gnqiesdtp0x4ehf6qxex8', 'plugin::content-manager.components.configure-layout', '{}', NULL, '{}', '[]', '2025-09-19 14:41:50.471000', '2025-09-19 14:41:50.471000', '2025-09-19 14:41:50.471000', NULL, NULL, NULL);
INSERT INTO `admin_permissions` VALUES (21, 'v4bbylkro426eyuinkz96u6g', 'plugin::content-type-builder.read', '{}', NULL, '{}', '[]', '2025-09-19 14:41:50.478000', '2025-09-19 14:41:50.478000', '2025-09-19 14:41:50.478000', NULL, NULL, NULL);
INSERT INTO `admin_permissions` VALUES (22, 'f4f041ns2mmdpyngpljeutsi', 'plugin::email.settings.read', '{}', NULL, '{}', '[]', '2025-09-19 14:41:50.485000', '2025-09-19 14:41:50.485000', '2025-09-19 14:41:50.485000', NULL, NULL, NULL);
INSERT INTO `admin_permissions` VALUES (23, 'f67u15n60x79v39k6uyxq0es', 'plugin::upload.read', '{}', NULL, '{}', '[]', '2025-09-19 14:41:50.490000', '2025-09-19 14:41:50.490000', '2025-09-19 14:41:50.490000', NULL, NULL, NULL);
INSERT INTO `admin_permissions` VALUES (24, 'zo14j15atfvuhb0qflemdmlf', 'plugin::upload.assets.create', '{}', NULL, '{}', '[]', '2025-09-19 14:41:50.496000', '2025-09-19 14:41:50.496000', '2025-09-19 14:41:50.496000', NULL, NULL, NULL);
INSERT INTO `admin_permissions` VALUES (25, 'n5ar7w21pwf0t3vayn7cv95x', 'plugin::upload.assets.update', '{}', NULL, '{}', '[]', '2025-09-19 14:41:50.502000', '2025-09-19 14:41:50.502000', '2025-09-19 14:41:50.502000', NULL, NULL, NULL);
INSERT INTO `admin_permissions` VALUES (26, 'm33hdfx56cnsf6edfn9cnoqa', 'plugin::upload.assets.download', '{}', NULL, '{}', '[]', '2025-09-19 14:41:50.508000', '2025-09-19 14:41:50.508000', '2025-09-19 14:41:50.508000', NULL, NULL, NULL);
INSERT INTO `admin_permissions` VALUES (27, 'va8vbf1p4xpmphfe6zp33t6w', 'plugin::upload.assets.copy-link', '{}', NULL, '{}', '[]', '2025-09-19 14:41:50.514000', '2025-09-19 14:41:50.514000', '2025-09-19 14:41:50.514000', NULL, NULL, NULL);
INSERT INTO `admin_permissions` VALUES (28, 'u08qj3xs4s7h7aub7no9k0mk', 'plugin::upload.configure-view', '{}', NULL, '{}', '[]', '2025-09-19 14:41:50.520000', '2025-09-19 14:41:50.520000', '2025-09-19 14:41:50.520000', NULL, NULL, NULL);
INSERT INTO `admin_permissions` VALUES (29, 'mjgfbtl7m0tsyvshrn9roauj', 'plugin::upload.settings.read', '{}', NULL, '{}', '[]', '2025-09-19 14:41:50.526000', '2025-09-19 14:41:50.526000', '2025-09-19 14:41:50.526000', NULL, NULL, NULL);
INSERT INTO `admin_permissions` VALUES (30, 'me17yb7ao7kvgc7hgkh3grhw', 'plugin::i18n.locale.create', '{}', NULL, '{}', '[]', '2025-09-19 14:41:50.532000', '2025-09-19 14:41:50.532000', '2025-09-19 14:41:50.532000', NULL, NULL, NULL);
INSERT INTO `admin_permissions` VALUES (31, 'hvlg1rw71kss7dubrob15zvj', 'plugin::i18n.locale.read', '{}', NULL, '{}', '[]', '2025-09-19 14:41:50.538000', '2025-09-19 14:41:50.538000', '2025-09-19 14:41:50.538000', NULL, NULL, NULL);
INSERT INTO `admin_permissions` VALUES (32, 'c4zpt58k9mhbpfwh683jch1r', 'plugin::i18n.locale.update', '{}', NULL, '{}', '[]', '2025-09-19 14:41:50.546000', '2025-09-19 14:41:50.546000', '2025-09-19 14:41:50.547000', NULL, NULL, NULL);
INSERT INTO `admin_permissions` VALUES (33, 'r5ekm50etbemh9q47nqzoho5', 'plugin::i18n.locale.delete', '{}', NULL, '{}', '[]', '2025-09-19 14:41:50.553000', '2025-09-19 14:41:50.553000', '2025-09-19 14:41:50.553000', NULL, NULL, NULL);
INSERT INTO `admin_permissions` VALUES (34, 'hcb1rd0b3dnddf7zyf6of2qy', 'plugin::users-permissions.roles.create', '{}', NULL, '{}', '[]', '2025-09-19 14:41:50.559000', '2025-09-19 14:41:50.559000', '2025-09-19 14:41:50.559000', NULL, NULL, NULL);
INSERT INTO `admin_permissions` VALUES (35, 'ktt8cn0xjckcwl4jnf5pviux', 'plugin::users-permissions.roles.read', '{}', NULL, '{}', '[]', '2025-09-19 14:41:50.565000', '2025-09-19 14:41:50.565000', '2025-09-19 14:41:50.565000', NULL, NULL, NULL);
INSERT INTO `admin_permissions` VALUES (36, 'bhcuieyrb809jtyvtl5mtkti', 'plugin::users-permissions.roles.update', '{}', NULL, '{}', '[]', '2025-09-19 14:41:50.571000', '2025-09-19 14:41:50.571000', '2025-09-19 14:41:50.571000', NULL, NULL, NULL);
INSERT INTO `admin_permissions` VALUES (37, 'f4kt3lpomub1ztzbv9wp7mn4', 'plugin::users-permissions.roles.delete', '{}', NULL, '{}', '[]', '2025-09-19 14:41:50.582000', '2025-09-19 14:41:50.582000', '2025-09-19 14:41:50.582000', NULL, NULL, NULL);
INSERT INTO `admin_permissions` VALUES (38, 'zb9i75rdsyiqkzflrp7ji2el', 'plugin::users-permissions.providers.read', '{}', NULL, '{}', '[]', '2025-09-19 14:41:50.589000', '2025-09-19 14:41:50.589000', '2025-09-19 14:41:50.589000', NULL, NULL, NULL);
INSERT INTO `admin_permissions` VALUES (39, 'e1vptw0g0w7jp9b15eu9rfh5', 'plugin::users-permissions.providers.update', '{}', NULL, '{}', '[]', '2025-09-19 14:41:50.595000', '2025-09-19 14:41:50.595000', '2025-09-19 14:41:50.595000', NULL, NULL, NULL);
INSERT INTO `admin_permissions` VALUES (40, 'qzve40q1s1ht32n6dq0d7yx4', 'plugin::users-permissions.email-templates.read', '{}', NULL, '{}', '[]', '2025-09-19 14:41:50.601000', '2025-09-19 14:41:50.601000', '2025-09-19 14:41:50.601000', NULL, NULL, NULL);
INSERT INTO `admin_permissions` VALUES (41, 'skuk1i7e8m9zs3ijvs65buiq', 'plugin::users-permissions.email-templates.update', '{}', NULL, '{}', '[]', '2025-09-19 14:41:50.609000', '2025-09-19 14:41:50.609000', '2025-09-19 14:41:50.610000', NULL, NULL, NULL);
INSERT INTO `admin_permissions` VALUES (42, 'bd05odcyuy800y6fm1z86izt', 'plugin::users-permissions.advanced-settings.read', '{}', NULL, '{}', '[]', '2025-09-19 14:41:50.616000', '2025-09-19 14:41:50.616000', '2025-09-19 14:41:50.616000', NULL, NULL, NULL);
INSERT INTO `admin_permissions` VALUES (43, 'ocjsx6g1d8mfm7oovlwc9zg5', 'plugin::users-permissions.advanced-settings.update', '{}', NULL, '{}', '[]', '2025-09-19 14:41:50.623000', '2025-09-19 14:41:50.623000', '2025-09-19 14:41:50.623000', NULL, NULL, NULL);
INSERT INTO `admin_permissions` VALUES (44, 'i7ufcdvvb8onhpb3jw9wglog', 'admin::marketplace.read', '{}', NULL, '{}', '[]', '2025-09-19 14:41:50.630000', '2025-09-19 14:41:50.630000', '2025-09-19 14:41:50.630000', NULL, NULL, NULL);
INSERT INTO `admin_permissions` VALUES (45, 'au746c10daaht755szeq3gow', 'admin::webhooks.create', '{}', NULL, '{}', '[]', '2025-09-19 14:41:50.637000', '2025-09-19 14:41:50.637000', '2025-09-19 14:41:50.637000', NULL, NULL, NULL);
INSERT INTO `admin_permissions` VALUES (46, 'rk0iheaz0cvotqlbzuuw6j6s', 'admin::webhooks.read', '{}', NULL, '{}', '[]', '2025-09-19 14:41:50.643000', '2025-09-19 14:41:50.643000', '2025-09-19 14:41:50.643000', NULL, NULL, NULL);
INSERT INTO `admin_permissions` VALUES (47, 'n1ewqcvirfz6cjggt2d1pi6q', 'admin::webhooks.update', '{}', NULL, '{}', '[]', '2025-09-19 14:41:50.648000', '2025-09-19 14:41:50.648000', '2025-09-19 14:41:50.649000', NULL, NULL, NULL);
INSERT INTO `admin_permissions` VALUES (48, 'qsdcto6ek1lz0saem5a9wbhx', 'admin::webhooks.delete', '{}', NULL, '{}', '[]', '2025-09-19 14:41:50.654000', '2025-09-19 14:41:50.654000', '2025-09-19 14:41:50.654000', NULL, NULL, NULL);
INSERT INTO `admin_permissions` VALUES (49, 'y6q01m56kzttieqgyiu1h4oj', 'admin::users.create', '{}', NULL, '{}', '[]', '2025-09-19 14:41:50.660000', '2025-09-19 14:41:50.660000', '2025-09-19 14:41:50.660000', NULL, NULL, NULL);
INSERT INTO `admin_permissions` VALUES (50, 'baaimivxwa0u315on131l8vi', 'admin::users.read', '{}', NULL, '{}', '[]', '2025-09-19 14:41:50.666000', '2025-09-19 14:41:50.666000', '2025-09-19 14:41:50.666000', NULL, NULL, NULL);
INSERT INTO `admin_permissions` VALUES (51, 'fmr584zzmhx9349k78k49c7u', 'admin::users.update', '{}', NULL, '{}', '[]', '2025-09-19 14:41:50.672000', '2025-09-19 14:41:50.672000', '2025-09-19 14:41:50.672000', NULL, NULL, NULL);
INSERT INTO `admin_permissions` VALUES (52, 'e4xncl3674dgl07wh6xib0t0', 'admin::users.delete', '{}', NULL, '{}', '[]', '2025-09-19 14:41:50.678000', '2025-09-19 14:41:50.678000', '2025-09-19 14:41:50.678000', NULL, NULL, NULL);
INSERT INTO `admin_permissions` VALUES (53, 'arv5v0haoihler39hsw34iqc', 'admin::roles.create', '{}', NULL, '{}', '[]', '2025-09-19 14:41:50.683000', '2025-09-19 14:41:50.683000', '2025-09-19 14:41:50.683000', NULL, NULL, NULL);
INSERT INTO `admin_permissions` VALUES (54, 'nupd5crdrpnun5indfabqlxc', 'admin::roles.read', '{}', NULL, '{}', '[]', '2025-09-19 14:41:50.689000', '2025-09-19 14:41:50.689000', '2025-09-19 14:41:50.689000', NULL, NULL, NULL);
INSERT INTO `admin_permissions` VALUES (55, 'kcu9knyp63b7drkz23dmiax9', 'admin::roles.update', '{}', NULL, '{}', '[]', '2025-09-19 14:41:50.698000', '2025-09-19 14:41:50.698000', '2025-09-19 14:41:50.698000', NULL, NULL, NULL);
INSERT INTO `admin_permissions` VALUES (56, 'qe7a3kql791azhtztx0xly15', 'admin::roles.delete', '{}', NULL, '{}', '[]', '2025-09-19 14:41:50.705000', '2025-09-19 14:41:50.705000', '2025-09-19 14:41:50.705000', NULL, NULL, NULL);
INSERT INTO `admin_permissions` VALUES (57, 'xl1iawfpy9sep8w6v3tl3mx6', 'admin::api-tokens.access', '{}', NULL, '{}', '[]', '2025-09-19 14:41:50.713000', '2025-09-19 14:41:50.713000', '2025-09-19 14:41:50.713000', NULL, NULL, NULL);
INSERT INTO `admin_permissions` VALUES (58, 'rdsqpdsmr0xtepbjuhzfp7jt', 'admin::api-tokens.create', '{}', NULL, '{}', '[]', '2025-09-19 14:41:50.719000', '2025-09-19 14:41:50.719000', '2025-09-19 14:41:50.719000', NULL, NULL, NULL);
INSERT INTO `admin_permissions` VALUES (59, 'hvqjjqfwu71jhfq9loqzkh8p', 'admin::api-tokens.read', '{}', NULL, '{}', '[]', '2025-09-19 14:41:50.725000', '2025-09-19 14:41:50.725000', '2025-09-19 14:41:50.725000', NULL, NULL, NULL);
INSERT INTO `admin_permissions` VALUES (60, 'cztudjcn3ajnebre3kv576sr', 'admin::api-tokens.update', '{}', NULL, '{}', '[]', '2025-09-19 14:41:50.731000', '2025-09-19 14:41:50.731000', '2025-09-19 14:41:50.731000', NULL, NULL, NULL);
INSERT INTO `admin_permissions` VALUES (61, 'lfjnukq8v6u7ddsev2i8558m', 'admin::api-tokens.regenerate', '{}', NULL, '{}', '[]', '2025-09-19 14:41:50.737000', '2025-09-19 14:41:50.737000', '2025-09-19 14:41:50.737000', NULL, NULL, NULL);
INSERT INTO `admin_permissions` VALUES (62, 'ayde1r6ybzr2ubrsict7209l', 'admin::api-tokens.delete', '{}', NULL, '{}', '[]', '2025-09-19 14:41:50.744000', '2025-09-19 14:41:50.744000', '2025-09-19 14:41:50.744000', NULL, NULL, NULL);
INSERT INTO `admin_permissions` VALUES (63, 'rossqhin0ervnlszaaqszxea', 'admin::project-settings.update', '{}', NULL, '{}', '[]', '2025-09-19 14:41:50.751000', '2025-09-19 14:41:50.751000', '2025-09-19 14:41:50.751000', NULL, NULL, NULL);
INSERT INTO `admin_permissions` VALUES (64, 'f4klmd56n1yqt5lbnlqmfr7k', 'admin::project-settings.read', '{}', NULL, '{}', '[]', '2025-09-19 14:41:50.757000', '2025-09-19 14:41:50.757000', '2025-09-19 14:41:50.757000', NULL, NULL, NULL);
INSERT INTO `admin_permissions` VALUES (65, 'e474ahffii61dj5nl7ji1vi9', 'admin::transfer.tokens.access', '{}', NULL, '{}', '[]', '2025-09-19 14:41:50.763000', '2025-09-19 14:41:50.763000', '2025-09-19 14:41:50.763000', NULL, NULL, NULL);
INSERT INTO `admin_permissions` VALUES (66, 'pyjcrionm88azh9m7z41u568', 'admin::transfer.tokens.create', '{}', NULL, '{}', '[]', '2025-09-19 14:41:50.769000', '2025-09-19 14:41:50.769000', '2025-09-19 14:41:50.769000', NULL, NULL, NULL);
INSERT INTO `admin_permissions` VALUES (67, 'khkfv1fvp9822y7r0v7epbpk', 'admin::transfer.tokens.read', '{}', NULL, '{}', '[]', '2025-09-19 14:41:50.775000', '2025-09-19 14:41:50.775000', '2025-09-19 14:41:50.775000', NULL, NULL, NULL);
INSERT INTO `admin_permissions` VALUES (68, 'oyl27ynt0y8gld035o21e97k', 'admin::transfer.tokens.update', '{}', NULL, '{}', '[]', '2025-09-19 14:41:50.787000', '2025-09-19 14:41:50.787000', '2025-09-19 14:41:50.787000', NULL, NULL, NULL);
INSERT INTO `admin_permissions` VALUES (69, 'qekw0fcco6d7xgy24sima35a', 'admin::transfer.tokens.regenerate', '{}', NULL, '{}', '[]', '2025-09-19 14:41:50.794000', '2025-09-19 14:41:50.794000', '2025-09-19 14:41:50.794000', NULL, NULL, NULL);
INSERT INTO `admin_permissions` VALUES (70, 'wp7i5yzl9uxm9sf7ekokxfwl', 'admin::transfer.tokens.delete', '{}', NULL, '{}', '[]', '2025-09-19 14:41:50.800000', '2025-09-19 14:41:50.800000', '2025-09-19 14:41:50.800000', NULL, NULL, NULL);
INSERT INTO `admin_permissions` VALUES (76, 'g94qve1sunrur9u1m3zhz3a6', 'plugin::content-manager.explorer.create', '{}', 'api::service.service', '{\"fields\":[\"title\",\"titleAccent\",\"description\",\"image\",\"imageAlt\",\"buttonText\",\"buttonHref\",\"serviceKey\",\"SubServices.title\",\"SubServices.icon\",\"SubServices.backgroundColor\",\"SubServices.href\"]}', '[]', '2025-09-19 15:40:44.176000', '2025-09-19 15:40:44.176000', '2025-09-19 15:40:44.177000', NULL, NULL, NULL);
INSERT INTO `admin_permissions` VALUES (77, 'l8zsh0iuotf7hozssxyzi6i3', 'plugin::content-manager.explorer.read', '{}', 'api::service.service', '{\"fields\":[\"title\",\"titleAccent\",\"description\",\"image\",\"imageAlt\",\"buttonText\",\"buttonHref\",\"serviceKey\",\"SubServices.title\",\"SubServices.icon\",\"SubServices.backgroundColor\",\"SubServices.href\"]}', '[]', '2025-09-19 15:40:44.186000', '2025-09-19 15:40:44.186000', '2025-09-19 15:40:44.187000', NULL, NULL, NULL);
INSERT INTO `admin_permissions` VALUES (78, 'uc4dv8txgm7n6zutrcknfd8v', 'plugin::content-manager.explorer.update', '{}', 'api::service.service', '{\"fields\":[\"title\",\"titleAccent\",\"description\",\"image\",\"imageAlt\",\"buttonText\",\"buttonHref\",\"serviceKey\",\"SubServices.title\",\"SubServices.icon\",\"SubServices.backgroundColor\",\"SubServices.href\"]}', '[]', '2025-09-19 15:40:44.194000', '2025-09-19 15:40:44.194000', '2025-09-19 15:40:44.194000', NULL, NULL, NULL);
INSERT INTO `admin_permissions` VALUES (79, 'r8r134g3qx6m7kie7qxxua55', 'plugin::content-manager.explorer.delete', '{}', 'api::service.service', '{}', '[]', '2025-09-19 15:40:44.200000', '2025-09-19 15:40:44.200000', '2025-09-19 15:40:44.200000', NULL, NULL, NULL);
INSERT INTO `admin_permissions` VALUES (80, 'xohdt7a3ei80xhdc32ekrrlg', 'plugin::content-manager.explorer.publish', '{}', 'api::service.service', '{}', '[]', '2025-09-19 15:40:44.207000', '2025-09-19 15:40:44.207000', '2025-09-19 15:40:44.207000', NULL, NULL, NULL);
INSERT INTO `admin_permissions` VALUES (102, 'zc3uowfjxkey2q99mwe9botz', 'plugin::content-manager.explorer.create', '{}', 'api::contact-form-submission.contact-form-submission', '{\"fields\":[\"name\",\"companyName\",\"email\",\"phone\",\"service\",\"message\"]}', '[]', '2025-09-24 17:59:31.248000', '2025-09-24 17:59:31.248000', '2025-09-24 17:59:31.248000', NULL, NULL, NULL);
INSERT INTO `admin_permissions` VALUES (103, 'trwtnp2gvvl2m30ber96enmh', 'plugin::content-manager.explorer.create', '{}', 'api::footer.footer', '{\"fields\":[\"email\",\"phone\",\"address\",\"copyrightText\",\"logo\"]}', '[]', '2025-09-24 17:59:31.255000', '2025-09-24 17:59:31.255000', '2025-09-24 17:59:31.255000', NULL, NULL, NULL);
INSERT INTO `admin_permissions` VALUES (106, 'zpadm3pq7me5m3uu8ongygon', 'plugin::content-manager.explorer.create', '{}', 'api::office-location.office-location', '{\"fields\":[\"title\",\"email\",\"phone\",\"officeType\",\"mapLink\",\"image\"]}', '[]', '2025-09-24 17:59:31.274000', '2025-09-24 17:59:31.274000', '2025-09-24 17:59:31.275000', NULL, NULL, NULL);
INSERT INTO `admin_permissions` VALUES (107, 'bcmjzoydpsvpy3i5ic48tahl', 'plugin::content-manager.explorer.create', '{}', 'api::page-hero-section.page-hero-section', '{\"fields\":[\"backgroundImage\",\"title\",\"titleAccent\",\"description\",\"HeroButton.text\",\"HeroButton.href\",\"HeroButton.Options\",\"HeroButton.icon\",\"textAlign\",\"showFooter\",\"reviewLink\",\"pageName\"]}', '[]', '2025-09-24 17:59:31.283000', '2025-09-24 17:59:31.283000', '2025-09-24 17:59:31.284000', NULL, NULL, NULL);
INSERT INTO `admin_permissions` VALUES (108, 'ifkel44do73vnop7q6ffso0m', 'plugin::content-manager.explorer.create', '{}', 'api::page-section.page-section', '{\"fields\":[\"sectionId\",\"title\",\"titleAccent\",\"description\",\"backgroundImage\"]}', '[]', '2025-09-24 17:59:31.291000', '2025-09-24 17:59:31.291000', '2025-09-24 17:59:31.291000', NULL, NULL, NULL);
INSERT INTO `admin_permissions` VALUES (109, 'w6p29zhk4hql8e42tbx03hy7', 'plugin::content-manager.explorer.create', '{}', 'api::page-service-section.page-service-section', '{\"fields\":[\"pageName\",\"title\",\"titleAccent\",\"description\",\"backgroundGradient\",\"showSpecialService\",\"clickableCards\",\"services.title\",\"services.titleAccent\",\"services.description\",\"services.image\",\"services.imageAlt\",\"services.buttonText\",\"services.buttonHref\"]}', '[]', '2025-09-24 17:59:31.299000', '2025-09-24 17:59:31.299000', '2025-09-24 17:59:31.299000', NULL, NULL, NULL);
INSERT INTO `admin_permissions` VALUES (110, 'yt4iapcekxq6mplg14slzshf', 'plugin::content-manager.explorer.create', '{}', 'api::team-member.team-member', '{\"fields\":[\"image\",\"name\",\"description\",\"alt\",\"position\"]}', '[]', '2025-09-24 17:59:31.307000', '2025-09-24 17:59:31.307000', '2025-09-24 17:59:31.307000', NULL, NULL, NULL);
INSERT INTO `admin_permissions` VALUES (112, 'm24hmsrf2piizvr9lc023e59', 'plugin::content-manager.explorer.read', '{}', 'api::contact-form-submission.contact-form-submission', '{\"fields\":[\"name\",\"companyName\",\"email\",\"phone\",\"service\",\"message\"]}', '[]', '2025-09-24 17:59:31.319000', '2025-09-24 17:59:31.319000', '2025-09-24 17:59:31.320000', NULL, NULL, NULL);
INSERT INTO `admin_permissions` VALUES (113, 'o05pnl3tkqol06topl1zghdt', 'plugin::content-manager.explorer.read', '{}', 'api::footer.footer', '{\"fields\":[\"email\",\"phone\",\"address\",\"copyrightText\",\"logo\"]}', '[]', '2025-09-24 17:59:31.326000', '2025-09-24 17:59:31.326000', '2025-09-24 17:59:31.326000', NULL, NULL, NULL);
INSERT INTO `admin_permissions` VALUES (116, 'ohgokiabfpk7i6t09460qa9a', 'plugin::content-manager.explorer.read', '{}', 'api::office-location.office-location', '{\"fields\":[\"title\",\"email\",\"phone\",\"officeType\",\"mapLink\",\"image\"]}', '[]', '2025-09-24 17:59:31.344000', '2025-09-24 17:59:31.344000', '2025-09-24 17:59:31.344000', NULL, NULL, NULL);
INSERT INTO `admin_permissions` VALUES (117, 'oz858fht0k6oxuivfm2s8f4r', 'plugin::content-manager.explorer.read', '{}', 'api::page-hero-section.page-hero-section', '{\"fields\":[\"backgroundImage\",\"title\",\"titleAccent\",\"description\",\"HeroButton.text\",\"HeroButton.href\",\"HeroButton.Options\",\"HeroButton.icon\",\"textAlign\",\"showFooter\",\"reviewLink\",\"pageName\"]}', '[]', '2025-09-24 17:59:31.350000', '2025-09-24 17:59:31.350000', '2025-09-24 17:59:31.350000', NULL, NULL, NULL);
INSERT INTO `admin_permissions` VALUES (118, 'tlh6i6q23e4bw3egaaxejlar', 'plugin::content-manager.explorer.read', '{}', 'api::page-section.page-section', '{\"fields\":[\"sectionId\",\"title\",\"titleAccent\",\"description\",\"backgroundImage\"]}', '[]', '2025-09-24 17:59:31.356000', '2025-09-24 17:59:31.356000', '2025-09-24 17:59:31.356000', NULL, NULL, NULL);
INSERT INTO `admin_permissions` VALUES (119, 'iatyvf1pucgvn9lolgy59nhk', 'plugin::content-manager.explorer.read', '{}', 'api::page-service-section.page-service-section', '{\"fields\":[\"pageName\",\"title\",\"titleAccent\",\"description\",\"backgroundGradient\",\"showSpecialService\",\"clickableCards\",\"services.title\",\"services.titleAccent\",\"services.description\",\"services.image\",\"services.imageAlt\",\"services.buttonText\",\"services.buttonHref\"]}', '[]', '2025-09-24 17:59:31.363000', '2025-09-24 17:59:31.363000', '2025-09-24 17:59:31.363000', NULL, NULL, NULL);
INSERT INTO `admin_permissions` VALUES (120, 'h0m3zkz8aychf63owtq3efsl', 'plugin::content-manager.explorer.read', '{}', 'api::team-member.team-member', '{\"fields\":[\"image\",\"name\",\"description\",\"alt\",\"position\"]}', '[]', '2025-09-24 17:59:31.370000', '2025-09-24 17:59:31.370000', '2025-09-24 17:59:31.370000', NULL, NULL, NULL);
INSERT INTO `admin_permissions` VALUES (122, 'nnorn2jae13wlk0a02hmzgle', 'plugin::content-manager.explorer.update', '{}', 'api::contact-form-submission.contact-form-submission', '{\"fields\":[\"name\",\"companyName\",\"email\",\"phone\",\"service\",\"message\"]}', '[]', '2025-09-24 17:59:31.386000', '2025-09-24 17:59:31.386000', '2025-09-24 17:59:31.386000', NULL, NULL, NULL);
INSERT INTO `admin_permissions` VALUES (123, 'u2on9tvks063l92b7vst8nrq', 'plugin::content-manager.explorer.update', '{}', 'api::footer.footer', '{\"fields\":[\"email\",\"phone\",\"address\",\"copyrightText\",\"logo\"]}', '[]', '2025-09-24 17:59:31.393000', '2025-09-24 17:59:31.393000', '2025-09-24 17:59:31.393000', NULL, NULL, NULL);
INSERT INTO `admin_permissions` VALUES (126, 't8jz95k2jxeslw1ccw53w3ay', 'plugin::content-manager.explorer.update', '{}', 'api::office-location.office-location', '{\"fields\":[\"title\",\"email\",\"phone\",\"officeType\",\"mapLink\",\"image\"]}', '[]', '2025-09-24 17:59:31.411000', '2025-09-24 17:59:31.411000', '2025-09-24 17:59:31.411000', NULL, NULL, NULL);
INSERT INTO `admin_permissions` VALUES (127, 'wcqgt3wo5g696zvtfc5x4ggc', 'plugin::content-manager.explorer.update', '{}', 'api::page-hero-section.page-hero-section', '{\"fields\":[\"backgroundImage\",\"title\",\"titleAccent\",\"description\",\"HeroButton.text\",\"HeroButton.href\",\"HeroButton.Options\",\"HeroButton.icon\",\"textAlign\",\"showFooter\",\"reviewLink\",\"pageName\"]}', '[]', '2025-09-24 17:59:31.418000', '2025-09-24 17:59:31.418000', '2025-09-24 17:59:31.418000', NULL, NULL, NULL);
INSERT INTO `admin_permissions` VALUES (128, 'pkp95c4o87krbprn3umcougf', 'plugin::content-manager.explorer.update', '{}', 'api::page-section.page-section', '{\"fields\":[\"sectionId\",\"title\",\"titleAccent\",\"description\",\"backgroundImage\"]}', '[]', '2025-09-24 17:59:31.425000', '2025-09-24 17:59:31.425000', '2025-09-24 17:59:31.425000', NULL, NULL, NULL);
INSERT INTO `admin_permissions` VALUES (129, 'e0m3830uca42hfykqc52crp3', 'plugin::content-manager.explorer.update', '{}', 'api::page-service-section.page-service-section', '{\"fields\":[\"pageName\",\"title\",\"titleAccent\",\"description\",\"backgroundGradient\",\"showSpecialService\",\"clickableCards\",\"services.title\",\"services.titleAccent\",\"services.description\",\"services.image\",\"services.imageAlt\",\"services.buttonText\",\"services.buttonHref\"]}', '[]', '2025-09-24 17:59:31.431000', '2025-09-24 17:59:31.431000', '2025-09-24 17:59:31.432000', NULL, NULL, NULL);
INSERT INTO `admin_permissions` VALUES (130, 'rtakio9u7ils1imrneq79ptd', 'plugin::content-manager.explorer.update', '{}', 'api::team-member.team-member', '{\"fields\":[\"image\",\"name\",\"description\",\"alt\",\"position\"]}', '[]', '2025-09-24 17:59:31.438000', '2025-09-24 17:59:31.438000', '2025-09-24 17:59:31.438000', NULL, NULL, NULL);
INSERT INTO `admin_permissions` VALUES (131, 'xtdxvhecxm05whup6teabd8f', 'plugin::content-manager.explorer.delete', '{}', 'api::client-review.client-review', '{}', '[]', '2025-09-24 17:59:31.446000', '2025-09-24 17:59:31.446000', '2025-09-24 17:59:31.447000', NULL, NULL, NULL);
INSERT INTO `admin_permissions` VALUES (132, 'bltsspj6gqbcwkdkb4hqsrsu', 'plugin::content-manager.explorer.delete', '{}', 'api::contact-form-submission.contact-form-submission', '{}', '[]', '2025-09-24 17:59:31.454000', '2025-09-24 17:59:31.454000', '2025-09-24 17:59:31.454000', NULL, NULL, NULL);
INSERT INTO `admin_permissions` VALUES (133, 'l6cf56oynenn2v24no7drxx8', 'plugin::content-manager.explorer.delete', '{}', 'api::footer.footer', '{}', '[]', '2025-09-24 17:59:31.465000', '2025-09-24 17:59:31.465000', '2025-09-24 17:59:31.465000', NULL, NULL, NULL);
INSERT INTO `admin_permissions` VALUES (135, 'xbia141mp8q1ror9dxgtedxw', 'plugin::content-manager.explorer.delete', '{}', 'api::navigation.navigation', '{}', '[]', '2025-09-24 17:59:31.476000', '2025-09-24 17:59:31.476000', '2025-09-24 17:59:31.476000', NULL, NULL, NULL);
INSERT INTO `admin_permissions` VALUES (136, 'ynf9f8jvdi232uhn7vzmdvy1', 'plugin::content-manager.explorer.delete', '{}', 'api::office-location.office-location', '{}', '[]', '2025-09-24 17:59:31.482000', '2025-09-24 17:59:31.482000', '2025-09-24 17:59:31.482000', NULL, NULL, NULL);
INSERT INTO `admin_permissions` VALUES (137, 'w6rdejcz9k0spcjl2zy2eyzi', 'plugin::content-manager.explorer.delete', '{}', 'api::page-hero-section.page-hero-section', '{}', '[]', '2025-09-24 17:59:31.488000', '2025-09-24 17:59:31.488000', '2025-09-24 17:59:31.488000', NULL, NULL, NULL);
INSERT INTO `admin_permissions` VALUES (138, 'duud1ketc55i9l7qbrf3jell', 'plugin::content-manager.explorer.delete', '{}', 'api::page-section.page-section', '{}', '[]', '2025-09-24 17:59:31.494000', '2025-09-24 17:59:31.494000', '2025-09-24 17:59:31.494000', NULL, NULL, NULL);
INSERT INTO `admin_permissions` VALUES (139, 'fa963jt5053gpyxrr9hzw0qw', 'plugin::content-manager.explorer.delete', '{}', 'api::page-service-section.page-service-section', '{}', '[]', '2025-09-24 17:59:31.500000', '2025-09-24 17:59:31.500000', '2025-09-24 17:59:31.500000', NULL, NULL, NULL);
INSERT INTO `admin_permissions` VALUES (140, 'r3t3s2onse64l6ufsku1xj2x', 'plugin::content-manager.explorer.delete', '{}', 'api::team-member.team-member', '{}', '[]', '2025-09-24 17:59:31.506000', '2025-09-24 17:59:31.506000', '2025-09-24 17:59:31.506000', NULL, NULL, NULL);
INSERT INTO `admin_permissions` VALUES (141, 'ni5ed4pfhblgd8qyih4i7c1b', 'plugin::content-manager.explorer.publish', '{}', 'api::client-review.client-review', '{}', '[]', '2025-09-24 17:59:31.511000', '2025-09-24 17:59:31.511000', '2025-09-24 17:59:31.511000', NULL, NULL, NULL);
INSERT INTO `admin_permissions` VALUES (142, 'qn2h6fhcj9ipe3bqhi4cyl05', 'plugin::content-manager.explorer.publish', '{}', 'api::contact-form-submission.contact-form-submission', '{}', '[]', '2025-09-24 17:59:31.517000', '2025-09-24 17:59:31.517000', '2025-09-24 17:59:31.517000', NULL, NULL, NULL);
INSERT INTO `admin_permissions` VALUES (143, 'egbntovq1r60k9kzyt4g820u', 'plugin::content-manager.explorer.publish', '{}', 'api::footer.footer', '{}', '[]', '2025-09-24 17:59:31.523000', '2025-09-24 17:59:31.523000', '2025-09-24 17:59:31.523000', NULL, NULL, NULL);
INSERT INTO `admin_permissions` VALUES (145, 'bef8f23451bp3l4m1s0ti8vg', 'plugin::content-manager.explorer.publish', '{}', 'api::navigation.navigation', '{}', '[]', '2025-09-24 17:59:31.537000', '2025-09-24 17:59:31.537000', '2025-09-24 17:59:31.537000', NULL, NULL, NULL);
INSERT INTO `admin_permissions` VALUES (146, 'b2or9bxuuqb20f0iyroqupa0', 'plugin::content-manager.explorer.publish', '{}', 'api::office-location.office-location', '{}', '[]', '2025-09-24 17:59:31.544000', '2025-09-24 17:59:31.544000', '2025-09-24 17:59:31.544000', NULL, NULL, NULL);
INSERT INTO `admin_permissions` VALUES (147, 'yo2l0sdmsl8bmrlfp9p4ql40', 'plugin::content-manager.explorer.publish', '{}', 'api::page-hero-section.page-hero-section', '{}', '[]', '2025-09-24 17:59:31.550000', '2025-09-24 17:59:31.550000', '2025-09-24 17:59:31.550000', NULL, NULL, NULL);
INSERT INTO `admin_permissions` VALUES (148, 'dxmojsawikf6t7t1l38n505a', 'plugin::content-manager.explorer.publish', '{}', 'api::page-section.page-section', '{}', '[]', '2025-09-24 17:59:31.556000', '2025-09-24 17:59:31.556000', '2025-09-24 17:59:31.556000', NULL, NULL, NULL);
INSERT INTO `admin_permissions` VALUES (149, 'dlvj22mv9vmdood9sq2xk0gm', 'plugin::content-manager.explorer.publish', '{}', 'api::page-service-section.page-service-section', '{}', '[]', '2025-09-24 17:59:31.569000', '2025-09-24 17:59:31.569000', '2025-09-24 17:59:31.569000', NULL, NULL, NULL);
INSERT INTO `admin_permissions` VALUES (150, 'jrmhtteocikhgfimvfh402ri', 'plugin::content-manager.explorer.publish', '{}', 'api::team-member.team-member', '{}', '[]', '2025-09-24 17:59:31.575000', '2025-09-24 17:59:31.575000', '2025-09-24 17:59:31.575000', NULL, NULL, NULL);
INSERT INTO `admin_permissions` VALUES (151, 'f3mu4hb46y2dkpiu48vchnuz', 'plugin::content-manager.explorer.create', '{}', 'api::industry.industry', '{\"fields\":[\"title\",\"icon\",\"href\",\"order\"]}', '[]', '2025-11-10 03:26:05.663000', '2025-11-10 03:26:05.663000', '2025-11-10 03:26:05.664000', NULL, NULL, NULL);
INSERT INTO `admin_permissions` VALUES (152, 'xm0xpn3p4dtnao4nzci6zxkm', 'plugin::content-manager.explorer.read', '{}', 'api::industry.industry', '{\"fields\":[\"title\",\"icon\",\"href\",\"order\"]}', '[]', '2025-11-10 03:26:05.677000', '2025-11-10 03:26:05.677000', '2025-11-10 03:26:05.677000', NULL, NULL, NULL);
INSERT INTO `admin_permissions` VALUES (153, 'toau5yo9zsxmf3eb00vf2hvx', 'plugin::content-manager.explorer.update', '{}', 'api::industry.industry', '{\"fields\":[\"title\",\"icon\",\"href\",\"order\"]}', '[]', '2025-11-10 03:26:05.688000', '2025-11-10 03:26:05.688000', '2025-11-10 03:26:05.688000', NULL, NULL, NULL);
INSERT INTO `admin_permissions` VALUES (154, 'uiegung6wb1h2eeuoobdmr1q', 'plugin::content-manager.explorer.delete', '{}', 'api::industry.industry', '{}', '[]', '2025-11-10 03:26:05.698000', '2025-11-10 03:26:05.698000', '2025-11-10 03:26:05.699000', NULL, NULL, NULL);
INSERT INTO `admin_permissions` VALUES (155, 'tslotvmwbrjtmixb3srgm2po', 'plugin::content-manager.explorer.publish', '{}', 'api::industry.industry', '{}', '[]', '2025-11-10 03:26:05.709000', '2025-11-10 03:26:05.709000', '2025-11-10 03:26:05.709000', NULL, NULL, NULL);
INSERT INTO `admin_permissions` VALUES (161, 'vyxbh9bhsbr2yz96caq7gymf', 'plugin::content-manager.explorer.create', '{}', 'api::about-team-section.about-team-section', '{\"fields\":[\"title\",\"titleAccent\",\"description\"]}', '[]', '2025-11-10 15:51:01.219000', '2025-11-10 15:51:01.219000', '2025-11-10 15:51:01.219000', NULL, NULL, NULL);
INSERT INTO `admin_permissions` VALUES (162, 'bkbwmvws025q53uo8pthkha6', 'plugin::content-manager.explorer.create', '{}', 'api::client-review.client-review', '{\"fields\":[\"image\",\"clientName\",\"company\",\"review\",\"alt\",\"rating\",\"displayInCarousel\"]}', '[]', '2025-11-10 15:51:01.231000', '2025-11-10 15:51:01.231000', '2025-11-10 15:51:01.231000', NULL, NULL, NULL);
INSERT INTO `admin_permissions` VALUES (165, 'u4643yg87dqlf6t3dc2svu83', 'plugin::content-manager.explorer.create', '{}', 'api::home-hero-section.home-hero-section', '{\"fields\":[\"title\",\"titleAccent\",\"description\",\"backgroundImage\",\"buttons.text\",\"buttons.href\",\"buttons.Options\",\"buttons.icon\",\"textAlign\",\"showFooter\",\"reviewsLink\"]}', '[]', '2025-11-10 15:51:01.261000', '2025-11-10 15:51:01.261000', '2025-11-10 15:51:01.261000', NULL, NULL, NULL);
INSERT INTO `admin_permissions` VALUES (166, 'n621iyvwze9jk2ervdguszlf', 'plugin::content-manager.explorer.create', '{}', 'api::home-industry-perspective.home-industry-perspective', '{\"fields\":[\"imageSrc\",\"title\",\"category1\",\"category2\",\"date\",\"href\"]}', '[]', '2025-11-10 15:51:01.270000', '2025-11-10 15:51:01.270000', '2025-11-10 15:51:01.270000', NULL, NULL, NULL);
INSERT INTO `admin_permissions` VALUES (167, 'pkrkbruqo20i3ikrfb1hoinx', 'plugin::content-manager.explorer.create', '{}', 'api::home-stock-section.home-stock-section', '{\"fields\":[\"title\",\"titleAccent\",\"description\",\"backgroundImage\",\"backgroundImageAlt\"]}', '[]', '2025-11-10 15:51:01.279000', '2025-11-10 15:51:01.279000', '2025-11-10 15:51:01.279000', NULL, NULL, NULL);
INSERT INTO `admin_permissions` VALUES (168, 'fown89kkhmrbgymoj4lwwca2', 'plugin::content-manager.explorer.create', '{}', 'api::home-strategic-growth.home-strategic-growth', '{\"fields\":[\"backgroundImage\",\"title\",\"titleAccent\",\"description\",\"buttonText\",\"buttonHref\"]}', '[]', '2025-11-10 15:51:01.288000', '2025-11-10 15:51:01.288000', '2025-11-10 15:51:01.288000', NULL, NULL, NULL);
INSERT INTO `admin_permissions` VALUES (169, 'yafuou6uqshvcfy5uaezhq4v', 'plugin::content-manager.explorer.create', '{}', 'api::service-detail.service-detail', '{\"fields\":[\"service\",\"overview\",\"benefits.text\",\"process.step\",\"process.title\",\"process.description\",\"process.iconName\",\"features.title\",\"features.description\",\"features.iconName\",\"ctaTitle\",\"ctaTitleAccent\",\"ctaButtonText\"]}', '[]', '2025-11-10 15:51:01.297000', '2025-11-10 15:51:01.297000', '2025-11-10 15:51:01.297000', NULL, NULL, NULL);
INSERT INTO `admin_permissions` VALUES (170, 'dgqfln07d73l42pw4w7pe8qu', 'plugin::content-manager.explorer.read', '{}', 'api::about-team-section.about-team-section', '{\"fields\":[\"title\",\"titleAccent\",\"description\"]}', '[]', '2025-11-10 15:51:01.306000', '2025-11-10 15:51:01.306000', '2025-11-10 15:51:01.306000', NULL, NULL, NULL);
INSERT INTO `admin_permissions` VALUES (171, 'nle7esxwt69vf5rsb9magidd', 'plugin::content-manager.explorer.read', '{}', 'api::client-review.client-review', '{\"fields\":[\"image\",\"clientName\",\"company\",\"review\",\"alt\",\"rating\",\"displayInCarousel\"]}', '[]', '2025-11-10 15:51:01.316000', '2025-11-10 15:51:01.316000', '2025-11-10 15:51:01.316000', NULL, NULL, NULL);
INSERT INTO `admin_permissions` VALUES (174, 'fq2rkhfazosa0w00oiso9g4h', 'plugin::content-manager.explorer.read', '{}', 'api::home-hero-section.home-hero-section', '{\"fields\":[\"title\",\"titleAccent\",\"description\",\"backgroundImage\",\"buttons.text\",\"buttons.href\",\"buttons.Options\",\"buttons.icon\",\"textAlign\",\"showFooter\",\"reviewsLink\"]}', '[]', '2025-11-10 15:51:01.344000', '2025-11-10 15:51:01.344000', '2025-11-10 15:51:01.344000', NULL, NULL, NULL);
INSERT INTO `admin_permissions` VALUES (175, 'hggnb65vg53ervbq10peack5', 'plugin::content-manager.explorer.read', '{}', 'api::home-industry-perspective.home-industry-perspective', '{\"fields\":[\"imageSrc\",\"title\",\"category1\",\"category2\",\"date\",\"href\"]}', '[]', '2025-11-10 15:51:01.354000', '2025-11-10 15:51:01.354000', '2025-11-10 15:51:01.354000', NULL, NULL, NULL);
INSERT INTO `admin_permissions` VALUES (176, 'dvf0pb5ur1sssqljyqru6d98', 'plugin::content-manager.explorer.read', '{}', 'api::home-stock-section.home-stock-section', '{\"fields\":[\"title\",\"titleAccent\",\"description\",\"backgroundImage\",\"backgroundImageAlt\"]}', '[]', '2025-11-10 15:51:01.367000', '2025-11-10 15:51:01.367000', '2025-11-10 15:51:01.367000', NULL, NULL, NULL);
INSERT INTO `admin_permissions` VALUES (177, 'y59ezpeh800zktmdcaj0f9im', 'plugin::content-manager.explorer.read', '{}', 'api::home-strategic-growth.home-strategic-growth', '{\"fields\":[\"backgroundImage\",\"title\",\"titleAccent\",\"description\",\"buttonText\",\"buttonHref\"]}', '[]', '2025-11-10 15:51:01.377000', '2025-11-10 15:51:01.377000', '2025-11-10 15:51:01.377000', NULL, NULL, NULL);
INSERT INTO `admin_permissions` VALUES (178, 'slpjrh8a6rp0vnjs29dqfnzd', 'plugin::content-manager.explorer.read', '{}', 'api::service-detail.service-detail', '{\"fields\":[\"service\",\"overview\",\"benefits.text\",\"process.step\",\"process.title\",\"process.description\",\"process.iconName\",\"features.title\",\"features.description\",\"features.iconName\",\"ctaTitle\",\"ctaTitleAccent\",\"ctaButtonText\"]}', '[]', '2025-11-10 15:51:01.387000', '2025-11-10 15:51:01.387000', '2025-11-10 15:51:01.387000', NULL, NULL, NULL);
INSERT INTO `admin_permissions` VALUES (179, 'ojm8csy701mky41rrtbcydhy', 'plugin::content-manager.explorer.update', '{}', 'api::about-team-section.about-team-section', '{\"fields\":[\"title\",\"titleAccent\",\"description\"]}', '[]', '2025-11-10 15:51:01.397000', '2025-11-10 15:51:01.397000', '2025-11-10 15:51:01.397000', NULL, NULL, NULL);
INSERT INTO `admin_permissions` VALUES (180, 'ounl3qntjxkm98widzgn2ifg', 'plugin::content-manager.explorer.update', '{}', 'api::client-review.client-review', '{\"fields\":[\"image\",\"clientName\",\"company\",\"review\",\"alt\",\"rating\",\"displayInCarousel\"]}', '[]', '2025-11-10 15:51:01.407000', '2025-11-10 15:51:01.407000', '2025-11-10 15:51:01.407000', NULL, NULL, NULL);
INSERT INTO `admin_permissions` VALUES (183, 'go2g4hmekjsdpjxfhyuystnp', 'plugin::content-manager.explorer.update', '{}', 'api::home-hero-section.home-hero-section', '{\"fields\":[\"title\",\"titleAccent\",\"description\",\"backgroundImage\",\"buttons.text\",\"buttons.href\",\"buttons.Options\",\"buttons.icon\",\"textAlign\",\"showFooter\",\"reviewsLink\"]}', '[]', '2025-11-10 15:51:01.437000', '2025-11-10 15:51:01.437000', '2025-11-10 15:51:01.437000', NULL, NULL, NULL);
INSERT INTO `admin_permissions` VALUES (184, 'diwg7qhu97stptht9ug6d4et', 'plugin::content-manager.explorer.update', '{}', 'api::home-industry-perspective.home-industry-perspective', '{\"fields\":[\"imageSrc\",\"title\",\"category1\",\"category2\",\"date\",\"href\"]}', '[]', '2025-11-10 15:51:01.445000', '2025-11-10 15:51:01.445000', '2025-11-10 15:51:01.445000', NULL, NULL, NULL);
INSERT INTO `admin_permissions` VALUES (185, 'b9k1qs7it7x2gf3wdlivikc3', 'plugin::content-manager.explorer.update', '{}', 'api::home-stock-section.home-stock-section', '{\"fields\":[\"title\",\"titleAccent\",\"description\",\"backgroundImage\",\"backgroundImageAlt\"]}', '[]', '2025-11-10 15:51:01.454000', '2025-11-10 15:51:01.454000', '2025-11-10 15:51:01.454000', NULL, NULL, NULL);
INSERT INTO `admin_permissions` VALUES (186, 'af239fwuvpuysbbseuw6bisi', 'plugin::content-manager.explorer.update', '{}', 'api::home-strategic-growth.home-strategic-growth', '{\"fields\":[\"backgroundImage\",\"title\",\"titleAccent\",\"description\",\"buttonText\",\"buttonHref\"]}', '[]', '2025-11-10 15:51:01.463000', '2025-11-10 15:51:01.463000', '2025-11-10 15:51:01.463000', NULL, NULL, NULL);
INSERT INTO `admin_permissions` VALUES (187, 'oraikh6kg7ftbs9pc537smay', 'plugin::content-manager.explorer.update', '{}', 'api::service-detail.service-detail', '{\"fields\":[\"service\",\"overview\",\"benefits.text\",\"process.step\",\"process.title\",\"process.description\",\"process.iconName\",\"features.title\",\"features.description\",\"features.iconName\",\"ctaTitle\",\"ctaTitleAccent\",\"ctaButtonText\"]}', '[]', '2025-11-10 15:51:01.473000', '2025-11-10 15:51:01.473000', '2025-11-10 15:51:01.473000', NULL, NULL, NULL);
INSERT INTO `admin_permissions` VALUES (188, 'rwti4cx5m512py8m1dlo46rz', 'plugin::content-manager.explorer.delete', '{}', 'api::about-team-section.about-team-section', '{}', '[]', '2025-11-10 15:51:01.482000', '2025-11-10 15:51:01.482000', '2025-11-10 15:51:01.482000', NULL, NULL, NULL);
INSERT INTO `admin_permissions` VALUES (190, 'te2yxl0u96in6va2ab3b9wrh', 'plugin::content-manager.explorer.delete', '{}', 'api::home-hero-footer-logo.home-hero-footer-logo', '{}', '[]', '2025-11-10 15:51:01.500000', '2025-11-10 15:51:01.500000', '2025-11-10 15:51:01.500000', NULL, NULL, NULL);
INSERT INTO `admin_permissions` VALUES (191, 'svqjnyugrv8uibvoq2u5qwkw', 'plugin::content-manager.explorer.delete', '{}', 'api::home-hero-section.home-hero-section', '{}', '[]', '2025-11-10 15:51:01.509000', '2025-11-10 15:51:01.509000', '2025-11-10 15:51:01.509000', NULL, NULL, NULL);
INSERT INTO `admin_permissions` VALUES (192, 'x37rm9bpq0ranwqr0as8bu5j', 'plugin::content-manager.explorer.delete', '{}', 'api::home-industry-perspective.home-industry-perspective', '{}', '[]', '2025-11-10 15:51:01.518000', '2025-11-10 15:51:01.518000', '2025-11-10 15:51:01.518000', NULL, NULL, NULL);
INSERT INTO `admin_permissions` VALUES (193, 'ikcu0fbikhlt9tsjhohoeh79', 'plugin::content-manager.explorer.delete', '{}', 'api::home-stock-section.home-stock-section', '{}', '[]', '2025-11-10 15:51:01.531000', '2025-11-10 15:51:01.531000', '2025-11-10 15:51:01.531000', NULL, NULL, NULL);
INSERT INTO `admin_permissions` VALUES (194, 'qi2u9n3kyja5l8c3lygr2jn5', 'plugin::content-manager.explorer.delete', '{}', 'api::home-strategic-growth.home-strategic-growth', '{}', '[]', '2025-11-10 15:51:01.539000', '2025-11-10 15:51:01.539000', '2025-11-10 15:51:01.539000', NULL, NULL, NULL);
INSERT INTO `admin_permissions` VALUES (195, 'qvsncter1jzr7j3hpwzbq71e', 'plugin::content-manager.explorer.delete', '{}', 'api::service-detail.service-detail', '{}', '[]', '2025-11-10 15:51:01.549000', '2025-11-10 15:51:01.549000', '2025-11-10 15:51:01.549000', NULL, NULL, NULL);
INSERT INTO `admin_permissions` VALUES (196, 'sgliafsnqx5jun1yem2fcjt2', 'plugin::content-manager.explorer.publish', '{}', 'api::about-team-section.about-team-section', '{}', '[]', '2025-11-10 15:51:01.558000', '2025-11-10 15:51:01.558000', '2025-11-10 15:51:01.558000', NULL, NULL, NULL);
INSERT INTO `admin_permissions` VALUES (198, 'gnhz61vq3sihl6ef0dv8xu34', 'plugin::content-manager.explorer.publish', '{}', 'api::home-hero-footer-logo.home-hero-footer-logo', '{}', '[]', '2025-11-10 15:51:01.581000', '2025-11-10 15:51:01.581000', '2025-11-10 15:51:01.581000', NULL, NULL, NULL);
INSERT INTO `admin_permissions` VALUES (199, 'dc2qqnus2ycm6jnck6hif0hj', 'plugin::content-manager.explorer.publish', '{}', 'api::home-hero-section.home-hero-section', '{}', '[]', '2025-11-10 15:51:01.590000', '2025-11-10 15:51:01.590000', '2025-11-10 15:51:01.590000', NULL, NULL, NULL);
INSERT INTO `admin_permissions` VALUES (200, 'jaxvhn9bq2efyu7q88a690wd', 'plugin::content-manager.explorer.publish', '{}', 'api::home-industry-perspective.home-industry-perspective', '{}', '[]', '2025-11-10 15:51:01.598000', '2025-11-10 15:51:01.598000', '2025-11-10 15:51:01.598000', NULL, NULL, NULL);
INSERT INTO `admin_permissions` VALUES (201, 'udujtrcugonpnpcb0bx5nw0q', 'plugin::content-manager.explorer.publish', '{}', 'api::home-stock-section.home-stock-section', '{}', '[]', '2025-11-10 15:51:01.607000', '2025-11-10 15:51:01.607000', '2025-11-10 15:51:01.607000', NULL, NULL, NULL);
INSERT INTO `admin_permissions` VALUES (202, 'fkqcd3yy2k8lhkxocwnjrepg', 'plugin::content-manager.explorer.publish', '{}', 'api::home-strategic-growth.home-strategic-growth', '{}', '[]', '2025-11-10 15:51:01.615000', '2025-11-10 15:51:01.615000', '2025-11-10 15:51:01.615000', NULL, NULL, NULL);
INSERT INTO `admin_permissions` VALUES (203, 'twvoddh0ed7kauu6hjvlctr2', 'plugin::content-manager.explorer.publish', '{}', 'api::service-detail.service-detail', '{}', '[]', '2025-11-10 15:51:01.624000', '2025-11-10 15:51:01.624000', '2025-11-10 15:51:01.624000', NULL, NULL, NULL);
INSERT INTO `admin_permissions` VALUES (204, 'z865iq5y3stqqulh9ornzaja', 'plugin::content-manager.explorer.create', '{}', 'api::navigation.navigation', '{\"fields\":[\"logo\",\"navLinks.label\",\"navLinks.url\",\"navLinks.order\"]}', '[]', '2025-11-12 17:54:49.610000', '2025-11-12 17:54:49.610000', '2025-11-12 17:54:49.611000', NULL, NULL, NULL);
INSERT INTO `admin_permissions` VALUES (205, 'giupnid6asnutfbqkm1whggt', 'plugin::content-manager.explorer.read', '{}', 'api::navigation.navigation', '{\"fields\":[\"logo\",\"navLinks.label\",\"navLinks.url\",\"navLinks.order\"]}', '[]', '2025-11-12 17:54:49.626000', '2025-11-12 17:54:49.626000', '2025-11-12 17:54:49.626000', NULL, NULL, NULL);
INSERT INTO `admin_permissions` VALUES (206, 'byk15t0olv8lmri3y9ubxq6t', 'plugin::content-manager.explorer.update', '{}', 'api::navigation.navigation', '{\"fields\":[\"logo\",\"navLinks.label\",\"navLinks.url\",\"navLinks.order\"]}', '[]', '2025-11-12 17:54:49.637000', '2025-11-12 17:54:49.637000', '2025-11-12 17:54:49.638000', NULL, NULL, NULL);
INSERT INTO `admin_permissions` VALUES (207, 'wt42dceyxk57kz6r0ec4du9o', 'plugin::content-manager.explorer.create', '{}', 'api::home-hero-footer-logo.home-hero-footer-logo', '{\"fields\":[\"brands\",\"quote\",\"brandLogoUrl\"]}', '[]', '2025-11-12 18:20:27.374000', '2025-11-12 18:20:27.374000', '2025-11-12 18:20:27.375000', NULL, NULL, NULL);
INSERT INTO `admin_permissions` VALUES (208, 'q6f17cgn03a2hep55w749mdg', 'plugin::content-manager.explorer.read', '{}', 'api::home-hero-footer-logo.home-hero-footer-logo', '{\"fields\":[\"brands\",\"quote\",\"brandLogoUrl\"]}', '[]', '2025-11-12 18:20:27.387000', '2025-11-12 18:20:27.387000', '2025-11-12 18:20:27.388000', NULL, NULL, NULL);
INSERT INTO `admin_permissions` VALUES (209, 'fu331emto9ewbbf9j7vgo3zx', 'plugin::content-manager.explorer.update', '{}', 'api::home-hero-footer-logo.home-hero-footer-logo', '{\"fields\":[\"brands\",\"quote\",\"brandLogoUrl\"]}', '[]', '2025-11-12 18:20:27.398000', '2025-11-12 18:20:27.398000', '2025-11-12 18:20:27.398000', NULL, NULL, NULL);

-- ----------------------------
-- Table structure for admin_permissions_role_lnk
-- ----------------------------
DROP TABLE IF EXISTS `admin_permissions_role_lnk`;
CREATE TABLE `admin_permissions_role_lnk`  (
  `id` int(10) UNSIGNED NOT NULL AUTO_INCREMENT,
  `permission_id` int(10) UNSIGNED NULL DEFAULT NULL,
  `role_id` int(10) UNSIGNED NULL DEFAULT NULL,
  `permission_ord` double unsigned NULL,
  PRIMARY KEY (`id`) USING BTREE,
  UNIQUE INDEX `admin_permissions_role_lnk_uq`(`permission_id`, `role_id`) USING BTREE,
  INDEX `admin_permissions_role_lnk_fk`(`permission_id`) USING BTREE,
  INDEX `admin_permissions_role_lnk_ifk`(`role_id`) USING BTREE,
  INDEX `admin_permissions_role_lnk_oifk`(`permission_ord`) USING BTREE,
  CONSTRAINT `admin_permissions_role_lnk_fk` FOREIGN KEY (`permission_id`) REFERENCES `admin_permissions` (`id`) ON DELETE CASCADE ON UPDATE RESTRICT,
  CONSTRAINT `admin_permissions_role_lnk_ifk` FOREIGN KEY (`role_id`) REFERENCES `admin_roles` (`id`) ON DELETE CASCADE ON UPDATE RESTRICT
) ENGINE = InnoDB AUTO_INCREMENT = 210 CHARACTER SET = utf8mb4 COLLATE = utf8mb4_general_ci ROW_FORMAT = Dynamic;

-- ----------------------------
-- Records of admin_permissions_role_lnk
-- ----------------------------
INSERT INTO `admin_permissions_role_lnk` VALUES (1, 1, 2, 1);
INSERT INTO `admin_permissions_role_lnk` VALUES (2, 2, 2, 2);
INSERT INTO `admin_permissions_role_lnk` VALUES (3, 3, 2, 3);
INSERT INTO `admin_permissions_role_lnk` VALUES (4, 4, 2, 4);
INSERT INTO `admin_permissions_role_lnk` VALUES (5, 5, 2, 5);
INSERT INTO `admin_permissions_role_lnk` VALUES (6, 6, 2, 6);
INSERT INTO `admin_permissions_role_lnk` VALUES (7, 7, 3, 1);
INSERT INTO `admin_permissions_role_lnk` VALUES (8, 8, 3, 2);
INSERT INTO `admin_permissions_role_lnk` VALUES (9, 9, 3, 3);
INSERT INTO `admin_permissions_role_lnk` VALUES (10, 10, 3, 4);
INSERT INTO `admin_permissions_role_lnk` VALUES (11, 11, 3, 5);
INSERT INTO `admin_permissions_role_lnk` VALUES (12, 12, 3, 6);
INSERT INTO `admin_permissions_role_lnk` VALUES (13, 13, 1, 1);
INSERT INTO `admin_permissions_role_lnk` VALUES (14, 14, 1, 2);
INSERT INTO `admin_permissions_role_lnk` VALUES (15, 15, 1, 3);
INSERT INTO `admin_permissions_role_lnk` VALUES (16, 16, 1, 4);
INSERT INTO `admin_permissions_role_lnk` VALUES (17, 17, 1, 5);
INSERT INTO `admin_permissions_role_lnk` VALUES (18, 18, 1, 6);
INSERT INTO `admin_permissions_role_lnk` VALUES (19, 19, 1, 7);
INSERT INTO `admin_permissions_role_lnk` VALUES (20, 20, 1, 8);
INSERT INTO `admin_permissions_role_lnk` VALUES (21, 21, 1, 9);
INSERT INTO `admin_permissions_role_lnk` VALUES (22, 22, 1, 10);
INSERT INTO `admin_permissions_role_lnk` VALUES (23, 23, 1, 11);
INSERT INTO `admin_permissions_role_lnk` VALUES (24, 24, 1, 12);
INSERT INTO `admin_permissions_role_lnk` VALUES (25, 25, 1, 13);
INSERT INTO `admin_permissions_role_lnk` VALUES (26, 26, 1, 14);
INSERT INTO `admin_permissions_role_lnk` VALUES (27, 27, 1, 15);
INSERT INTO `admin_permissions_role_lnk` VALUES (28, 28, 1, 16);
INSERT INTO `admin_permissions_role_lnk` VALUES (29, 29, 1, 17);
INSERT INTO `admin_permissions_role_lnk` VALUES (30, 30, 1, 18);
INSERT INTO `admin_permissions_role_lnk` VALUES (31, 31, 1, 19);
INSERT INTO `admin_permissions_role_lnk` VALUES (32, 32, 1, 20);
INSERT INTO `admin_permissions_role_lnk` VALUES (33, 33, 1, 21);
INSERT INTO `admin_permissions_role_lnk` VALUES (34, 34, 1, 22);
INSERT INTO `admin_permissions_role_lnk` VALUES (35, 35, 1, 23);
INSERT INTO `admin_permissions_role_lnk` VALUES (36, 36, 1, 24);
INSERT INTO `admin_permissions_role_lnk` VALUES (37, 37, 1, 25);
INSERT INTO `admin_permissions_role_lnk` VALUES (38, 38, 1, 26);
INSERT INTO `admin_permissions_role_lnk` VALUES (39, 39, 1, 27);
INSERT INTO `admin_permissions_role_lnk` VALUES (40, 40, 1, 28);
INSERT INTO `admin_permissions_role_lnk` VALUES (41, 41, 1, 29);
INSERT INTO `admin_permissions_role_lnk` VALUES (42, 42, 1, 30);
INSERT INTO `admin_permissions_role_lnk` VALUES (43, 43, 1, 31);
INSERT INTO `admin_permissions_role_lnk` VALUES (44, 44, 1, 32);
INSERT INTO `admin_permissions_role_lnk` VALUES (45, 45, 1, 33);
INSERT INTO `admin_permissions_role_lnk` VALUES (46, 46, 1, 34);
INSERT INTO `admin_permissions_role_lnk` VALUES (47, 47, 1, 35);
INSERT INTO `admin_permissions_role_lnk` VALUES (48, 48, 1, 36);
INSERT INTO `admin_permissions_role_lnk` VALUES (49, 49, 1, 37);
INSERT INTO `admin_permissions_role_lnk` VALUES (50, 50, 1, 38);
INSERT INTO `admin_permissions_role_lnk` VALUES (51, 51, 1, 39);
INSERT INTO `admin_permissions_role_lnk` VALUES (52, 52, 1, 40);
INSERT INTO `admin_permissions_role_lnk` VALUES (53, 53, 1, 41);
INSERT INTO `admin_permissions_role_lnk` VALUES (54, 54, 1, 42);
INSERT INTO `admin_permissions_role_lnk` VALUES (55, 55, 1, 43);
INSERT INTO `admin_permissions_role_lnk` VALUES (56, 56, 1, 44);
INSERT INTO `admin_permissions_role_lnk` VALUES (57, 57, 1, 45);
INSERT INTO `admin_permissions_role_lnk` VALUES (58, 58, 1, 46);
INSERT INTO `admin_permissions_role_lnk` VALUES (59, 59, 1, 47);
INSERT INTO `admin_permissions_role_lnk` VALUES (60, 60, 1, 48);
INSERT INTO `admin_permissions_role_lnk` VALUES (61, 61, 1, 49);
INSERT INTO `admin_permissions_role_lnk` VALUES (62, 62, 1, 50);
INSERT INTO `admin_permissions_role_lnk` VALUES (63, 63, 1, 51);
INSERT INTO `admin_permissions_role_lnk` VALUES (64, 64, 1, 52);
INSERT INTO `admin_permissions_role_lnk` VALUES (65, 65, 1, 53);
INSERT INTO `admin_permissions_role_lnk` VALUES (66, 66, 1, 54);
INSERT INTO `admin_permissions_role_lnk` VALUES (67, 67, 1, 55);
INSERT INTO `admin_permissions_role_lnk` VALUES (68, 68, 1, 56);
INSERT INTO `admin_permissions_role_lnk` VALUES (69, 69, 1, 57);
INSERT INTO `admin_permissions_role_lnk` VALUES (70, 70, 1, 58);
INSERT INTO `admin_permissions_role_lnk` VALUES (76, 76, 1, 64);
INSERT INTO `admin_permissions_role_lnk` VALUES (77, 77, 1, 65);
INSERT INTO `admin_permissions_role_lnk` VALUES (78, 78, 1, 66);
INSERT INTO `admin_permissions_role_lnk` VALUES (79, 79, 1, 67);
INSERT INTO `admin_permissions_role_lnk` VALUES (80, 80, 1, 68);
INSERT INTO `admin_permissions_role_lnk` VALUES (102, 102, 1, 85);
INSERT INTO `admin_permissions_role_lnk` VALUES (103, 103, 1, 86);
INSERT INTO `admin_permissions_role_lnk` VALUES (106, 106, 1, 89);
INSERT INTO `admin_permissions_role_lnk` VALUES (107, 107, 1, 90);
INSERT INTO `admin_permissions_role_lnk` VALUES (108, 108, 1, 91);
INSERT INTO `admin_permissions_role_lnk` VALUES (109, 109, 1, 92);
INSERT INTO `admin_permissions_role_lnk` VALUES (110, 110, 1, 93);
INSERT INTO `admin_permissions_role_lnk` VALUES (112, 112, 1, 95);
INSERT INTO `admin_permissions_role_lnk` VALUES (113, 113, 1, 96);
INSERT INTO `admin_permissions_role_lnk` VALUES (116, 116, 1, 99);
INSERT INTO `admin_permissions_role_lnk` VALUES (117, 117, 1, 100);
INSERT INTO `admin_permissions_role_lnk` VALUES (118, 118, 1, 101);
INSERT INTO `admin_permissions_role_lnk` VALUES (119, 119, 1, 102);
INSERT INTO `admin_permissions_role_lnk` VALUES (120, 120, 1, 103);
INSERT INTO `admin_permissions_role_lnk` VALUES (122, 122, 1, 105);
INSERT INTO `admin_permissions_role_lnk` VALUES (123, 123, 1, 106);
INSERT INTO `admin_permissions_role_lnk` VALUES (126, 126, 1, 109);
INSERT INTO `admin_permissions_role_lnk` VALUES (127, 127, 1, 110);
INSERT INTO `admin_permissions_role_lnk` VALUES (128, 128, 1, 111);
INSERT INTO `admin_permissions_role_lnk` VALUES (129, 129, 1, 112);
INSERT INTO `admin_permissions_role_lnk` VALUES (130, 130, 1, 113);
INSERT INTO `admin_permissions_role_lnk` VALUES (131, 131, 1, 114);
INSERT INTO `admin_permissions_role_lnk` VALUES (132, 132, 1, 115);
INSERT INTO `admin_permissions_role_lnk` VALUES (133, 133, 1, 116);
INSERT INTO `admin_permissions_role_lnk` VALUES (135, 135, 1, 118);
INSERT INTO `admin_permissions_role_lnk` VALUES (136, 136, 1, 119);
INSERT INTO `admin_permissions_role_lnk` VALUES (137, 137, 1, 120);
INSERT INTO `admin_permissions_role_lnk` VALUES (138, 138, 1, 121);
INSERT INTO `admin_permissions_role_lnk` VALUES (139, 139, 1, 122);
INSERT INTO `admin_permissions_role_lnk` VALUES (140, 140, 1, 123);
INSERT INTO `admin_permissions_role_lnk` VALUES (141, 141, 1, 124);
INSERT INTO `admin_permissions_role_lnk` VALUES (142, 142, 1, 125);
INSERT INTO `admin_permissions_role_lnk` VALUES (143, 143, 1, 126);
INSERT INTO `admin_permissions_role_lnk` VALUES (145, 145, 1, 128);
INSERT INTO `admin_permissions_role_lnk` VALUES (146, 146, 1, 129);
INSERT INTO `admin_permissions_role_lnk` VALUES (147, 147, 1, 130);
INSERT INTO `admin_permissions_role_lnk` VALUES (148, 148, 1, 131);
INSERT INTO `admin_permissions_role_lnk` VALUES (149, 149, 1, 132);
INSERT INTO `admin_permissions_role_lnk` VALUES (150, 150, 1, 133);
INSERT INTO `admin_permissions_role_lnk` VALUES (151, 151, 1, 134);
INSERT INTO `admin_permissions_role_lnk` VALUES (152, 152, 1, 135);
INSERT INTO `admin_permissions_role_lnk` VALUES (153, 153, 1, 136);
INSERT INTO `admin_permissions_role_lnk` VALUES (154, 154, 1, 137);
INSERT INTO `admin_permissions_role_lnk` VALUES (155, 155, 1, 138);
INSERT INTO `admin_permissions_role_lnk` VALUES (161, 161, 1, 139);
INSERT INTO `admin_permissions_role_lnk` VALUES (162, 162, 1, 140);
INSERT INTO `admin_permissions_role_lnk` VALUES (165, 165, 1, 143);
INSERT INTO `admin_permissions_role_lnk` VALUES (166, 166, 1, 144);
INSERT INTO `admin_permissions_role_lnk` VALUES (167, 167, 1, 145);
INSERT INTO `admin_permissions_role_lnk` VALUES (168, 168, 1, 146);
INSERT INTO `admin_permissions_role_lnk` VALUES (169, 169, 1, 147);
INSERT INTO `admin_permissions_role_lnk` VALUES (170, 170, 1, 148);
INSERT INTO `admin_permissions_role_lnk` VALUES (171, 171, 1, 149);
INSERT INTO `admin_permissions_role_lnk` VALUES (174, 174, 1, 152);
INSERT INTO `admin_permissions_role_lnk` VALUES (175, 175, 1, 153);
INSERT INTO `admin_permissions_role_lnk` VALUES (176, 176, 1, 154);
INSERT INTO `admin_permissions_role_lnk` VALUES (177, 177, 1, 155);
INSERT INTO `admin_permissions_role_lnk` VALUES (178, 178, 1, 156);
INSERT INTO `admin_permissions_role_lnk` VALUES (179, 179, 1, 157);
INSERT INTO `admin_permissions_role_lnk` VALUES (180, 180, 1, 158);
INSERT INTO `admin_permissions_role_lnk` VALUES (183, 183, 1, 161);
INSERT INTO `admin_permissions_role_lnk` VALUES (184, 184, 1, 162);
INSERT INTO `admin_permissions_role_lnk` VALUES (185, 185, 1, 163);
INSERT INTO `admin_permissions_role_lnk` VALUES (186, 186, 1, 164);
INSERT INTO `admin_permissions_role_lnk` VALUES (187, 187, 1, 165);
INSERT INTO `admin_permissions_role_lnk` VALUES (188, 188, 1, 166);
INSERT INTO `admin_permissions_role_lnk` VALUES (190, 190, 1, 168);
INSERT INTO `admin_permissions_role_lnk` VALUES (191, 191, 1, 169);
INSERT INTO `admin_permissions_role_lnk` VALUES (192, 192, 1, 170);
INSERT INTO `admin_permissions_role_lnk` VALUES (193, 193, 1, 171);
INSERT INTO `admin_permissions_role_lnk` VALUES (194, 194, 1, 172);
INSERT INTO `admin_permissions_role_lnk` VALUES (195, 195, 1, 173);
INSERT INTO `admin_permissions_role_lnk` VALUES (196, 196, 1, 174);
INSERT INTO `admin_permissions_role_lnk` VALUES (198, 198, 1, 176);
INSERT INTO `admin_permissions_role_lnk` VALUES (199, 199, 1, 177);
INSERT INTO `admin_permissions_role_lnk` VALUES (200, 200, 1, 178);
INSERT INTO `admin_permissions_role_lnk` VALUES (201, 201, 1, 179);
INSERT INTO `admin_permissions_role_lnk` VALUES (202, 202, 1, 180);
INSERT INTO `admin_permissions_role_lnk` VALUES (203, 203, 1, 181);
INSERT INTO `admin_permissions_role_lnk` VALUES (204, 204, 1, 182);
INSERT INTO `admin_permissions_role_lnk` VALUES (205, 205, 1, 183);
INSERT INTO `admin_permissions_role_lnk` VALUES (206, 206, 1, 184);
INSERT INTO `admin_permissions_role_lnk` VALUES (207, 207, 1, 185);
INSERT INTO `admin_permissions_role_lnk` VALUES (208, 208, 1, 186);
INSERT INTO `admin_permissions_role_lnk` VALUES (209, 209, 1, 187);

-- ----------------------------
-- Table structure for admin_roles
-- ----------------------------
DROP TABLE IF EXISTS `admin_roles`;
CREATE TABLE `admin_roles`  (
  `id` int(10) UNSIGNED NOT NULL AUTO_INCREMENT,
  `document_id` varchar(255) CHARACTER SET utf8mb4 COLLATE utf8mb4_general_ci NULL DEFAULT NULL,
  `name` varchar(255) CHARACTER SET utf8mb4 COLLATE utf8mb4_general_ci NULL DEFAULT NULL,
  `code` varchar(255) CHARACTER SET utf8mb4 COLLATE utf8mb4_general_ci NULL DEFAULT NULL,
  `description` varchar(255) CHARACTER SET utf8mb4 COLLATE utf8mb4_general_ci NULL DEFAULT NULL,
  `created_at` datetime(6) NULL DEFAULT NULL,
  `updated_at` datetime(6) NULL DEFAULT NULL,
  `published_at` datetime(6) NULL DEFAULT NULL,
  `created_by_id` int(10) UNSIGNED NULL DEFAULT NULL,
  `updated_by_id` int(10) UNSIGNED NULL DEFAULT NULL,
  `locale` varchar(255) CHARACTER SET utf8mb4 COLLATE utf8mb4_general_ci NULL DEFAULT NULL,
  PRIMARY KEY (`id`) USING BTREE,
  INDEX `admin_roles_documents_idx`(`document_id`, `locale`, `published_at`) USING BTREE,
  INDEX `admin_roles_created_by_id_fk`(`created_by_id`) USING BTREE,
  INDEX `admin_roles_updated_by_id_fk`(`updated_by_id`) USING BTREE,
  CONSTRAINT `admin_roles_created_by_id_fk` FOREIGN KEY (`created_by_id`) REFERENCES `admin_users` (`id`) ON DELETE SET NULL ON UPDATE RESTRICT,
  CONSTRAINT `admin_roles_updated_by_id_fk` FOREIGN KEY (`updated_by_id`) REFERENCES `admin_users` (`id`) ON DELETE SET NULL ON UPDATE RESTRICT
) ENGINE = InnoDB AUTO_INCREMENT = 4 CHARACTER SET = utf8mb4 COLLATE = utf8mb4_general_ci ROW_FORMAT = Dynamic;

-- ----------------------------
-- Records of admin_roles
-- ----------------------------
INSERT INTO `admin_roles` VALUES (1, 'qkpwo2eqbfqrppxs1ei580fh', 'Super Admin', 'strapi-super-admin', 'Super Admins can access and manage all features and settings.', '2025-09-19 14:41:50.241000', '2025-09-19 14:41:50.241000', '2025-09-19 14:41:50.241000', NULL, NULL, NULL);
INSERT INTO `admin_roles` VALUES (2, 'y2wxbu99fbpzg5po8eizlpnd', 'Editor', 'strapi-editor', 'Editors can manage and publish contents including those of other users.', '2025-09-19 14:41:50.248000', '2025-09-19 14:41:50.248000', '2025-09-19 14:41:50.248000', NULL, NULL, NULL);
INSERT INTO `admin_roles` VALUES (3, 'j479au4tta3i6h1ojk62ccz6', 'Author', 'strapi-author', 'Authors can manage the content they have created.', '2025-09-19 14:41:50.257000', '2025-09-19 14:41:50.257000', '2025-09-19 14:41:50.257000', NULL, NULL, NULL);

-- ----------------------------
-- Table structure for admin_users
-- ----------------------------
DROP TABLE IF EXISTS `admin_users`;
CREATE TABLE `admin_users`  (
  `id` int(10) UNSIGNED NOT NULL AUTO_INCREMENT,
  `document_id` varchar(255) CHARACTER SET utf8mb4 COLLATE utf8mb4_general_ci NULL DEFAULT NULL,
  `firstname` varchar(255) CHARACTER SET utf8mb4 COLLATE utf8mb4_general_ci NULL DEFAULT NULL,
  `lastname` varchar(255) CHARACTER SET utf8mb4 COLLATE utf8mb4_general_ci NULL DEFAULT NULL,
  `username` varchar(255) CHARACTER SET utf8mb4 COLLATE utf8mb4_general_ci NULL DEFAULT NULL,
  `email` varchar(255) CHARACTER SET utf8mb4 COLLATE utf8mb4_general_ci NULL DEFAULT NULL,
  `password` varchar(255) CHARACTER SET utf8mb4 COLLATE utf8mb4_general_ci NULL DEFAULT NULL,
  `reset_password_token` varchar(255) CHARACTER SET utf8mb4 COLLATE utf8mb4_general_ci NULL DEFAULT NULL,
  `registration_token` varchar(255) CHARACTER SET utf8mb4 COLLATE utf8mb4_general_ci NULL DEFAULT NULL,
  `is_active` tinyint(1) NULL DEFAULT NULL,
  `blocked` tinyint(1) NULL DEFAULT NULL,
  `prefered_language` varchar(255) CHARACTER SET utf8mb4 COLLATE utf8mb4_general_ci NULL DEFAULT NULL,
  `created_at` datetime(6) NULL DEFAULT NULL,
  `updated_at` datetime(6) NULL DEFAULT NULL,
  `published_at` datetime(6) NULL DEFAULT NULL,
  `created_by_id` int(10) UNSIGNED NULL DEFAULT NULL,
  `updated_by_id` int(10) UNSIGNED NULL DEFAULT NULL,
  `locale` varchar(255) CHARACTER SET utf8mb4 COLLATE utf8mb4_general_ci NULL DEFAULT NULL,
  PRIMARY KEY (`id`) USING BTREE,
  INDEX `admin_users_documents_idx`(`document_id`, `locale`, `published_at`) USING BTREE,
  INDEX `admin_users_created_by_id_fk`(`created_by_id`) USING BTREE,
  INDEX `admin_users_updated_by_id_fk`(`updated_by_id`) USING BTREE,
  CONSTRAINT `admin_users_created_by_id_fk` FOREIGN KEY (`created_by_id`) REFERENCES `admin_users` (`id`) ON DELETE SET NULL ON UPDATE RESTRICT,
  CONSTRAINT `admin_users_updated_by_id_fk` FOREIGN KEY (`updated_by_id`) REFERENCES `admin_users` (`id`) ON DELETE SET NULL ON UPDATE RESTRICT
) ENGINE = InnoDB AUTO_INCREMENT = 3 CHARACTER SET = utf8mb4 COLLATE = utf8mb4_general_ci ROW_FORMAT = Dynamic;

-- ----------------------------
-- Records of admin_users
-- ----------------------------
INSERT INTO `admin_users` VALUES (1, 'ai2g11bgd5uw01o2i973m3f9', 'Aous', 'Mohammad', NULL, 'aous@thetechbuilders.com', '$2a$10$c9Er/IoQhMSYBu4FkDKbsuhdNhtuvMY7Nh2rDohrC6VDRl3bVkS.O', NULL, NULL, 1, 0, NULL, '2025-09-19 14:42:40.925000', '2025-09-19 14:42:40.925000', '2025-09-19 14:42:40.925000', NULL, NULL, NULL);
INSERT INTO `admin_users` VALUES (2, 'kha8gk8c7uif02oe2pdxuddi', 'admin', 'admin', NULL, 'admin@example.com', '$2a$10$zaJJF7PuxpNMuCkbl3gMu.GPlEpK5d5DkXOb7mV3/c7SAkWaRLie2', NULL, NULL, 1, 0, NULL, '2025-11-10 03:30:08.989000', '2025-11-10 03:30:08.989000', '2025-11-10 03:30:08.990000', NULL, NULL, NULL);

-- ----------------------------
-- Table structure for admin_users_roles_lnk
-- ----------------------------
DROP TABLE IF EXISTS `admin_users_roles_lnk`;
CREATE TABLE `admin_users_roles_lnk`  (
  `id` int(10) UNSIGNED NOT NULL AUTO_INCREMENT,
  `user_id` int(10) UNSIGNED NULL DEFAULT NULL,
  `role_id` int(10) UNSIGNED NULL DEFAULT NULL,
  `role_ord` double unsigned NULL,
  `user_ord` double unsigned NULL,
  PRIMARY KEY (`id`) USING BTREE,
  UNIQUE INDEX `admin_users_roles_lnk_uq`(`user_id`, `role_id`) USING BTREE,
  INDEX `admin_users_roles_lnk_fk`(`user_id`) USING BTREE,
  INDEX `admin_users_roles_lnk_ifk`(`role_id`) USING BTREE,
  INDEX `admin_users_roles_lnk_ofk`(`role_ord`) USING BTREE,
  INDEX `admin_users_roles_lnk_oifk`(`user_ord`) USING BTREE,
  CONSTRAINT `admin_users_roles_lnk_fk` FOREIGN KEY (`user_id`) REFERENCES `admin_users` (`id`) ON DELETE CASCADE ON UPDATE RESTRICT,
  CONSTRAINT `admin_users_roles_lnk_ifk` FOREIGN KEY (`role_id`) REFERENCES `admin_roles` (`id`) ON DELETE CASCADE ON UPDATE RESTRICT
) ENGINE = InnoDB AUTO_INCREMENT = 3 CHARACTER SET = utf8mb4 COLLATE = utf8mb4_general_ci ROW_FORMAT = Dynamic;

-- ----------------------------
-- Records of admin_users_roles_lnk
-- ----------------------------
INSERT INTO `admin_users_roles_lnk` VALUES (1, 1, 1, 1, 1);
INSERT INTO `admin_users_roles_lnk` VALUES (2, 2, 1, 1, 2);

-- ----------------------------
-- Table structure for client_reviews
-- ----------------------------
DROP TABLE IF EXISTS `client_reviews`;
CREATE TABLE `client_reviews`  (
  `id` int(10) UNSIGNED NOT NULL AUTO_INCREMENT,
  `document_id` varchar(255) CHARACTER SET utf8mb4 COLLATE utf8mb4_general_ci NULL DEFAULT NULL,
  `client_name` varchar(255) CHARACTER SET utf8mb4 COLLATE utf8mb4_general_ci NULL DEFAULT NULL,
  `company` varchar(255) CHARACTER SET utf8mb4 COLLATE utf8mb4_general_ci NULL DEFAULT NULL,
  `review` longtext CHARACTER SET utf8mb4 COLLATE utf8mb4_general_ci NULL,
  `alt` varchar(255) CHARACTER SET utf8mb4 COLLATE utf8mb4_general_ci NULL DEFAULT NULL,
  `rating` int(11) NULL DEFAULT NULL,
  `created_at` datetime(6) NULL DEFAULT NULL,
  `updated_at` datetime(6) NULL DEFAULT NULL,
  `published_at` datetime(6) NULL DEFAULT NULL,
  `created_by_id` int(10) UNSIGNED NULL DEFAULT NULL,
  `updated_by_id` int(10) UNSIGNED NULL DEFAULT NULL,
  `locale` varchar(255) CHARACTER SET utf8mb4 COLLATE utf8mb4_general_ci NULL DEFAULT NULL,
  `display_in_carousel` tinyint(1) NULL DEFAULT NULL,
  PRIMARY KEY (`id`) USING BTREE,
  INDEX `client_reviews_documents_idx`(`document_id`, `locale`, `published_at`) USING BTREE,
  INDEX `client_reviews_created_by_id_fk`(`created_by_id`) USING BTREE,
  INDEX `client_reviews_updated_by_id_fk`(`updated_by_id`) USING BTREE,
  CONSTRAINT `client_reviews_created_by_id_fk` FOREIGN KEY (`created_by_id`) REFERENCES `admin_users` (`id`) ON DELETE SET NULL ON UPDATE RESTRICT,
  CONSTRAINT `client_reviews_updated_by_id_fk` FOREIGN KEY (`updated_by_id`) REFERENCES `admin_users` (`id`) ON DELETE SET NULL ON UPDATE RESTRICT
) ENGINE = InnoDB AUTO_INCREMENT = 5 CHARACTER SET = utf8mb4 COLLATE = utf8mb4_general_ci ROW_FORMAT = Dynamic;

-- ----------------------------
-- Records of client_reviews
-- ----------------------------
INSERT INTO `client_reviews` VALUES (1, 'g2ms71dthzmv6naoxcdw9960', 'John Smith', 'CYG', 'Test review', 'Fouad Najjar', 5, '2025-09-24 18:19:08.476000', '2025-09-24 18:19:08.476000', NULL, 1, 1, NULL, NULL);
INSERT INTO `client_reviews` VALUES (2, 'g2ms71dthzmv6naoxcdw9960', 'John Smith', 'CYG', 'Test review', 'Fouad Najjar', 5, '2025-09-24 18:19:08.476000', '2025-09-24 18:19:08.476000', '2025-09-24 18:19:08.509000', 1, 1, NULL, NULL);

-- ----------------------------
-- Table structure for components_buttons_hero_buttons
-- ----------------------------
DROP TABLE IF EXISTS `components_buttons_hero_buttons`;
CREATE TABLE `components_buttons_hero_buttons`  (
  `id` int(10) UNSIGNED NOT NULL AUTO_INCREMENT,
  `text` varchar(255) CHARACTER SET utf8mb4 COLLATE utf8mb4_general_ci NULL DEFAULT NULL,
  `href` varchar(255) CHARACTER SET utf8mb4 COLLATE utf8mb4_general_ci NULL DEFAULT NULL,
  `options` varchar(255) CHARACTER SET utf8mb4 COLLATE utf8mb4_general_ci NULL DEFAULT NULL,
  `icon` tinyint(1) NULL DEFAULT NULL,
  PRIMARY KEY (`id`) USING BTREE
) ENGINE = InnoDB AUTO_INCREMENT = 5 CHARACTER SET = utf8mb4 COLLATE = utf8mb4_general_ci ROW_FORMAT = Dynamic;

-- ----------------------------
-- Records of components_buttons_hero_buttons
-- ----------------------------
INSERT INTO `components_buttons_hero_buttons` VALUES (1, 'Explore Services', 'services', 'Secondary', 1);
INSERT INTO `components_buttons_hero_buttons` VALUES (2, 'Get Started', 'contact', 'Primary', NULL);
INSERT INTO `components_buttons_hero_buttons` VALUES (3, 'Explore Services', 'services', 'Secondary', 1);
INSERT INTO `components_buttons_hero_buttons` VALUES (4, 'Get Started', 'contact', 'Primary', NULL);

-- ----------------------------
-- Table structure for components_hero_buttons_hero_buttons
-- ----------------------------
DROP TABLE IF EXISTS `components_hero_buttons_hero_buttons`;
CREATE TABLE `components_hero_buttons_hero_buttons`  (
  `id` int(10) UNSIGNED NOT NULL AUTO_INCREMENT,
  `text` varchar(255) CHARACTER SET utf8mb4 COLLATE utf8mb4_general_ci NULL DEFAULT NULL,
  `href` varchar(255) CHARACTER SET utf8mb4 COLLATE utf8mb4_general_ci NULL DEFAULT NULL,
  `options` varchar(255) CHARACTER SET utf8mb4 COLLATE utf8mb4_general_ci NULL DEFAULT NULL,
  `icon` tinyint(1) NULL DEFAULT NULL,
  PRIMARY KEY (`id`) USING BTREE
) ENGINE = InnoDB AUTO_INCREMENT = 26 CHARACTER SET = utf8mb4 COLLATE = utf8mb4_general_ci ROW_FORMAT = Dynamic;

-- ----------------------------
-- Records of components_hero_buttons_hero_buttons
-- ----------------------------
INSERT INTO `components_hero_buttons_hero_buttons` VALUES (1, 'Explore Services', '/services', 'Secondary', 1);
INSERT INTO `components_hero_buttons_hero_buttons` VALUES (2, 'Get Started', '/contact', 'Primary', NULL);
INSERT INTO `components_hero_buttons_hero_buttons` VALUES (5, 'Explore Services', '/services', 'Secondary', 1);
INSERT INTO `components_hero_buttons_hero_buttons` VALUES (6, 'Get Started', '/contact', 'Primary', NULL);
INSERT INTO `components_hero_buttons_hero_buttons` VALUES (7, 'Explore Services', '/services', 'Secondary', 1);
INSERT INTO `components_hero_buttons_hero_buttons` VALUES (8, 'Get Started', '/contact', 'Primary', NULL);
INSERT INTO `components_hero_buttons_hero_buttons` VALUES (9, 'Explore Services', '/services', 'Primary', 1);
INSERT INTO `components_hero_buttons_hero_buttons` VALUES (10, 'Explore Services', '/services', 'Primary', 1);
INSERT INTO `components_hero_buttons_hero_buttons` VALUES (11, 'Get Started', '/contact', 'Primary', 1);
INSERT INTO `components_hero_buttons_hero_buttons` VALUES (13, 'Let\'s Talk', '/contact', 'Primary', NULL);
INSERT INTO `components_hero_buttons_hero_buttons` VALUES (15, 'Let\'s Talk', '/contact', 'Primary', NULL);
INSERT INTO `components_hero_buttons_hero_buttons` VALUES (18, 'Let\'s Talk', '/contact', 'Primary', NULL);
INSERT INTO `components_hero_buttons_hero_buttons` VALUES (19, 'Let\'s Talk', '/contact', 'Primary', NULL);
INSERT INTO `components_hero_buttons_hero_buttons` VALUES (20, 'Explore Services', '/services', 'Secondary', 1);
INSERT INTO `components_hero_buttons_hero_buttons` VALUES (21, 'Get Started', '/contact', 'Primary', NULL);
INSERT INTO `components_hero_buttons_hero_buttons` VALUES (22, 'Get Started', '/contact', 'Primary', 1);
INSERT INTO `components_hero_buttons_hero_buttons` VALUES (24, 'Let\'s Talk', '/contact', 'Primary', NULL);
INSERT INTO `components_hero_buttons_hero_buttons` VALUES (25, 'Let\'s Talk', '/contact', 'Primary', NULL);

-- ----------------------------
-- Table structure for components_links_nav_links
-- ----------------------------
DROP TABLE IF EXISTS `components_links_nav_links`;
CREATE TABLE `components_links_nav_links`  (
  `id` int(10) UNSIGNED NOT NULL AUTO_INCREMENT,
  `label` varchar(255) CHARACTER SET utf8mb4 COLLATE utf8mb4_general_ci NULL DEFAULT NULL,
  `url` varchar(255) CHARACTER SET utf8mb4 COLLATE utf8mb4_general_ci NULL DEFAULT NULL,
  `order` int(11) NULL DEFAULT NULL,
  PRIMARY KEY (`id`) USING BTREE
) ENGINE = InnoDB AUTO_INCREMENT = 21 CHARACTER SET = utf8mb4 COLLATE = utf8mb4_general_ci ROW_FORMAT = Dynamic;

-- ----------------------------
-- Records of components_links_nav_links
-- ----------------------------
INSERT INTO `components_links_nav_links` VALUES (1, 'Home', '/', 1);
INSERT INTO `components_links_nav_links` VALUES (2, 'About us', '/about', 2);
INSERT INTO `components_links_nav_links` VALUES (3, 'Clients', '/clients', 4);
INSERT INTO `components_links_nav_links` VALUES (4, 'Contact us', '/contact', 5);
INSERT INTO `components_links_nav_links` VALUES (17, 'Home', '/', 1);
INSERT INTO `components_links_nav_links` VALUES (18, 'About us', '/about', 2);
INSERT INTO `components_links_nav_links` VALUES (19, 'Clients', '/clients', 4);
INSERT INTO `components_links_nav_links` VALUES (20, 'Contact us', '/contact', 5);

-- ----------------------------
-- Table structure for components_service_detail_benefits
-- ----------------------------
DROP TABLE IF EXISTS `components_service_detail_benefits`;
CREATE TABLE `components_service_detail_benefits`  (
  `id` int(10) UNSIGNED NOT NULL AUTO_INCREMENT,
  `text` varchar(255) CHARACTER SET utf8mb4 COLLATE utf8mb4_general_ci NULL DEFAULT NULL,
  PRIMARY KEY (`id`) USING BTREE
) ENGINE = InnoDB AUTO_INCREMENT = 1 CHARACTER SET = utf8mb4 COLLATE = utf8mb4_general_ci ROW_FORMAT = Dynamic;

-- ----------------------------
-- Table structure for components_service_detail_features
-- ----------------------------
DROP TABLE IF EXISTS `components_service_detail_features`;
CREATE TABLE `components_service_detail_features`  (
  `id` int(10) UNSIGNED NOT NULL AUTO_INCREMENT,
  `title` varchar(255) CHARACTER SET utf8mb4 COLLATE utf8mb4_general_ci NULL DEFAULT NULL,
  `description` longtext CHARACTER SET utf8mb4 COLLATE utf8mb4_general_ci NULL,
  `icon_name` varchar(255) CHARACTER SET utf8mb4 COLLATE utf8mb4_general_ci NULL DEFAULT NULL,
  PRIMARY KEY (`id`) USING BTREE
) ENGINE = InnoDB AUTO_INCREMENT = 1 CHARACTER SET = utf8mb4 COLLATE = utf8mb4_general_ci ROW_FORMAT = Dynamic;

-- ----------------------------
-- Table structure for components_service_detail_process_steps
-- ----------------------------
DROP TABLE IF EXISTS `components_service_detail_process_steps`;
CREATE TABLE `components_service_detail_process_steps`  (
  `id` int(10) UNSIGNED NOT NULL AUTO_INCREMENT,
  `step` int(11) NULL DEFAULT NULL,
  `title` varchar(255) CHARACTER SET utf8mb4 COLLATE utf8mb4_general_ci NULL DEFAULT NULL,
  `description` longtext CHARACTER SET utf8mb4 COLLATE utf8mb4_general_ci NULL,
  `icon_name` varchar(255) CHARACTER SET utf8mb4 COLLATE utf8mb4_general_ci NULL DEFAULT NULL,
  PRIMARY KEY (`id`) USING BTREE
) ENGINE = InnoDB AUTO_INCREMENT = 1 CHARACTER SET = utf8mb4 COLLATE = utf8mb4_general_ci ROW_FORMAT = Dynamic;

-- ----------------------------
-- Table structure for components_service_sub_services
-- ----------------------------
DROP TABLE IF EXISTS `components_service_sub_services`;
CREATE TABLE `components_service_sub_services`  (
  `id` int(10) UNSIGNED NOT NULL AUTO_INCREMENT,
  `title` varchar(255) CHARACTER SET utf8mb4 COLLATE utf8mb4_general_ci NULL DEFAULT NULL,
  `background_color` varchar(255) CHARACTER SET utf8mb4 COLLATE utf8mb4_general_ci NULL DEFAULT NULL,
  `href` varchar(255) CHARACTER SET utf8mb4 COLLATE utf8mb4_general_ci NULL DEFAULT NULL,
  PRIMARY KEY (`id`) USING BTREE
) ENGINE = InnoDB AUTO_INCREMENT = 4 CHARACTER SET = utf8mb4 COLLATE = utf8mb4_general_ci ROW_FORMAT = Dynamic;

-- ----------------------------
-- Records of components_service_sub_services
-- ----------------------------
INSERT INTO `components_service_sub_services` VALUES (1, 'Monthly & Quarterly Performance', 'black', '/services/strategic-advisory');
INSERT INTO `components_service_sub_services` VALUES (3, 'Monthly & Quarterly Performance', 'black', '/services/strategic-advisory');

-- ----------------------------
-- Table structure for components_services_services
-- ----------------------------
DROP TABLE IF EXISTS `components_services_services`;
CREATE TABLE `components_services_services`  (
  `id` int(10) UNSIGNED NOT NULL AUTO_INCREMENT,
  `title` varchar(255) CHARACTER SET utf8mb4 COLLATE utf8mb4_general_ci NULL DEFAULT NULL,
  `title_accent` varchar(255) CHARACTER SET utf8mb4 COLLATE utf8mb4_general_ci NULL DEFAULT NULL,
  `description` longtext CHARACTER SET utf8mb4 COLLATE utf8mb4_general_ci NULL,
  `image_alt` varchar(255) CHARACTER SET utf8mb4 COLLATE utf8mb4_general_ci NULL DEFAULT NULL,
  `button_text` varchar(255) CHARACTER SET utf8mb4 COLLATE utf8mb4_general_ci NULL DEFAULT NULL,
  `button_href` varchar(255) CHARACTER SET utf8mb4 COLLATE utf8mb4_general_ci NULL DEFAULT NULL,
  PRIMARY KEY (`id`) USING BTREE
) ENGINE = InnoDB AUTO_INCREMENT = 11 CHARACTER SET = utf8mb4 COLLATE = utf8mb4_general_ci ROW_FORMAT = Dynamic;

-- ----------------------------
-- Records of components_services_services
-- ----------------------------
INSERT INTO `components_services_services` VALUES (1, 'Build', 'financial security', 'We help you gain clarity, monitor key performance metrics, and build a foundation for sustainable growth.', 'hands icon', NULL, NULL);
INSERT INTO `components_services_services` VALUES (2, 'Build', 'financial security', 'We help you gain clarity, monitor key performance metrics, and build a foundation for sustainable growth.', 'hands icon', NULL, NULL);
INSERT INTO `components_services_services` VALUES (3, 'Founders & ', 'Startups', 'From business model validation to investor readiness and scaling frameworks.', 'Founders icon', NULL, NULL);
INSERT INTO `components_services_services` VALUES (4, 'Founders & ', 'Startups', 'From business model validation to investor readiness and scaling frameworks.', 'Founders icon', NULL, NULL);
INSERT INTO `components_services_services` VALUES (5, 'Made For', 'Businesses', 'We help you gain clarity, monitor key performance metrics, and build a foundation for sustainable growth.', 'hands icon', NULL, NULL);
INSERT INTO `components_services_services` VALUES (6, 'Made For', 'Businesses', 'We help you gain clarity, monitor key performance metrics, and build a foundation for sustainable growth.', 'hands icon', NULL, NULL);
INSERT INTO `components_services_services` VALUES (7, 'Made For', 'Founders', 'We streamline decisions and boost efficiency by optimizing your financial and operational setup.', 'Bag icon', NULL, NULL);
INSERT INTO `components_services_services` VALUES (8, 'Made For', 'Founders', 'We streamline decisions and boost efficiency by optimizing your financial and operational setup.', 'Bag icon', NULL, NULL);
INSERT INTO `components_services_services` VALUES (9, 'Made For', 'Entrepreneurs', 'Strategic guidance and tailored solutions to help you grow and adapt with confidence.', 'Idea icon', NULL, NULL);
INSERT INTO `components_services_services` VALUES (10, 'Made For', 'Entrepreneurs', 'Strategic guidance and tailored solutions to help you grow and adapt with confidence.', 'Idea icon', NULL, NULL);

-- ----------------------------
-- Table structure for contact_form_submissions
-- ----------------------------
DROP TABLE IF EXISTS `contact_form_submissions`;
CREATE TABLE `contact_form_submissions`  (
  `id` int(10) UNSIGNED NOT NULL AUTO_INCREMENT,
  `document_id` varchar(255) CHARACTER SET utf8mb4 COLLATE utf8mb4_general_ci NULL DEFAULT NULL,
  `name` varchar(255) CHARACTER SET utf8mb4 COLLATE utf8mb4_general_ci NULL DEFAULT NULL,
  `company_name` varchar(255) CHARACTER SET utf8mb4 COLLATE utf8mb4_general_ci NULL DEFAULT NULL,
  `email` varchar(255) CHARACTER SET utf8mb4 COLLATE utf8mb4_general_ci NULL DEFAULT NULL,
  `phone` varchar(255) CHARACTER SET utf8mb4 COLLATE utf8mb4_general_ci NULL DEFAULT NULL,
  `service` varchar(255) CHARACTER SET utf8mb4 COLLATE utf8mb4_general_ci NULL DEFAULT NULL,
  `message` longtext CHARACTER SET utf8mb4 COLLATE utf8mb4_general_ci NULL,
  `created_at` datetime(6) NULL DEFAULT NULL,
  `updated_at` datetime(6) NULL DEFAULT NULL,
  `published_at` datetime(6) NULL DEFAULT NULL,
  `created_by_id` int(10) UNSIGNED NULL DEFAULT NULL,
  `updated_by_id` int(10) UNSIGNED NULL DEFAULT NULL,
  `locale` varchar(255) CHARACTER SET utf8mb4 COLLATE utf8mb4_general_ci NULL DEFAULT NULL,
  PRIMARY KEY (`id`) USING BTREE,
  INDEX `contact_form_submissions_documents_idx`(`document_id`, `locale`, `published_at`) USING BTREE,
  INDEX `contact_form_submissions_created_by_id_fk`(`created_by_id`) USING BTREE,
  INDEX `contact_form_submissions_updated_by_id_fk`(`updated_by_id`) USING BTREE,
  CONSTRAINT `contact_form_submissions_created_by_id_fk` FOREIGN KEY (`created_by_id`) REFERENCES `admin_users` (`id`) ON DELETE SET NULL ON UPDATE RESTRICT,
  CONSTRAINT `contact_form_submissions_updated_by_id_fk` FOREIGN KEY (`updated_by_id`) REFERENCES `admin_users` (`id`) ON DELETE SET NULL ON UPDATE RESTRICT
) ENGINE = InnoDB AUTO_INCREMENT = 3 CHARACTER SET = utf8mb4 COLLATE = utf8mb4_general_ci ROW_FORMAT = Dynamic;

-- ----------------------------
-- Records of contact_form_submissions
-- ----------------------------
INSERT INTO `contact_form_submissions` VALUES (1, 'blebr9h3e446p2eo0c73jrru', 'Public', 'Test company', 'test@example.com', '', 'strategic', 'test', '2025-09-24 18:22:30.566000', '2025-09-24 18:22:30.566000', NULL, NULL, NULL, NULL);
INSERT INTO `contact_form_submissions` VALUES (2, 'blebr9h3e446p2eo0c73jrru', 'Public', 'Test company', 'test@example.com', '', 'strategic', 'test', '2025-09-24 18:22:30.566000', '2025-09-24 18:22:30.566000', '2025-09-24 18:22:30.571000', NULL, NULL, NULL);

-- ----------------------------
-- Table structure for files
-- ----------------------------
DROP TABLE IF EXISTS `files`;
CREATE TABLE `files`  (
  `id` int(10) UNSIGNED NOT NULL AUTO_INCREMENT,
  `document_id` varchar(255) CHARACTER SET utf8mb4 COLLATE utf8mb4_general_ci NULL DEFAULT NULL,
  `name` varchar(255) CHARACTER SET utf8mb4 COLLATE utf8mb4_general_ci NULL DEFAULT NULL,
  `alternative_text` varchar(255) CHARACTER SET utf8mb4 COLLATE utf8mb4_general_ci NULL DEFAULT NULL,
  `caption` varchar(255) CHARACTER SET utf8mb4 COLLATE utf8mb4_general_ci NULL DEFAULT NULL,
  `width` int(11) NULL DEFAULT NULL,
  `height` int(11) NULL DEFAULT NULL,
  `formats` longtext CHARACTER SET utf8mb4 COLLATE utf8mb4_bin NULL,
  `hash` varchar(255) CHARACTER SET utf8mb4 COLLATE utf8mb4_general_ci NULL DEFAULT NULL,
  `ext` varchar(255) CHARACTER SET utf8mb4 COLLATE utf8mb4_general_ci NULL DEFAULT NULL,
  `mime` varchar(255) CHARACTER SET utf8mb4 COLLATE utf8mb4_general_ci NULL DEFAULT NULL,
  `size` decimal(10, 2) NULL DEFAULT NULL,
  `url` varchar(255) CHARACTER SET utf8mb4 COLLATE utf8mb4_general_ci NULL DEFAULT NULL,
  `preview_url` varchar(255) CHARACTER SET utf8mb4 COLLATE utf8mb4_general_ci NULL DEFAULT NULL,
  `provider` varchar(255) CHARACTER SET utf8mb4 COLLATE utf8mb4_general_ci NULL DEFAULT NULL,
  `provider_metadata` longtext CHARACTER SET utf8mb4 COLLATE utf8mb4_bin NULL,
  `folder_path` varchar(255) CHARACTER SET utf8mb4 COLLATE utf8mb4_general_ci NULL DEFAULT NULL,
  `created_at` datetime(6) NULL DEFAULT NULL,
  `updated_at` datetime(6) NULL DEFAULT NULL,
  `published_at` datetime(6) NULL DEFAULT NULL,
  `created_by_id` int(10) UNSIGNED NULL DEFAULT NULL,
  `updated_by_id` int(10) UNSIGNED NULL DEFAULT NULL,
  `locale` varchar(255) CHARACTER SET utf8mb4 COLLATE utf8mb4_general_ci NULL DEFAULT NULL,
  PRIMARY KEY (`id`) USING BTREE,
  INDEX `upload_files_folder_path_index`(`folder_path`) USING BTREE,
  INDEX `upload_files_created_at_index`(`created_at`) USING BTREE,
  INDEX `upload_files_updated_at_index`(`updated_at`) USING BTREE,
  INDEX `upload_files_name_index`(`name`) USING BTREE,
  INDEX `upload_files_size_index`(`size`) USING BTREE,
  INDEX `upload_files_ext_index`(`ext`) USING BTREE,
  INDEX `files_documents_idx`(`document_id`, `locale`, `published_at`) USING BTREE,
  INDEX `files_created_by_id_fk`(`created_by_id`) USING BTREE,
  INDEX `files_updated_by_id_fk`(`updated_by_id`) USING BTREE,
  CONSTRAINT `files_created_by_id_fk` FOREIGN KEY (`created_by_id`) REFERENCES `admin_users` (`id`) ON DELETE SET NULL ON UPDATE RESTRICT,
  CONSTRAINT `files_updated_by_id_fk` FOREIGN KEY (`updated_by_id`) REFERENCES `admin_users` (`id`) ON DELETE SET NULL ON UPDATE RESTRICT
) ENGINE = InnoDB AUTO_INCREMENT = 29 CHARACTER SET = utf8mb4 COLLATE = utf8mb4_general_ci ROW_FORMAT = Dynamic;

-- ----------------------------
-- Records of files
-- ----------------------------
INSERT INTO `files` VALUES (1, 'ghu0vkrvpur1g37l11m3lyx3', 'hero-bg.png', NULL, NULL, 1920, 1109, '{\"thumbnail\":{\"name\":\"thumbnail_hero-bg.png\",\"hash\":\"thumbnail_hero_bg_437a3b6ec5\",\"ext\":\".png\",\"mime\":\"image/png\",\"path\":null,\"width\":245,\"height\":142,\"size\":63.67,\"sizeInBytes\":63666,\"url\":\"/uploads/thumbnail_hero_bg_437a3b6ec5.png\"},\"small\":{\"name\":\"small_hero-bg.png\",\"hash\":\"small_hero_bg_437a3b6ec5\",\"ext\":\".png\",\"mime\":\"image/png\",\"path\":null,\"width\":500,\"height\":289,\"size\":257.22,\"sizeInBytes\":257223,\"url\":\"/uploads/small_hero_bg_437a3b6ec5.png\"},\"medium\":{\"name\":\"medium_hero-bg.png\",\"hash\":\"medium_hero_bg_437a3b6ec5\",\"ext\":\".png\",\"mime\":\"image/png\",\"path\":null,\"width\":750,\"height\":433,\"size\":587.67,\"sizeInBytes\":587665,\"url\":\"/uploads/medium_hero_bg_437a3b6ec5.png\"},\"large\":{\"name\":\"large_hero-bg.png\",\"hash\":\"large_hero_bg_437a3b6ec5\",\"ext\":\".png\",\"mime\":\"image/png\",\"path\":null,\"width\":1000,\"height\":578,\"size\":1056.79,\"sizeInBytes\":1056790,\"url\":\"/uploads/large_hero_bg_437a3b6ec5.png\"}}', 'hero_bg_437a3b6ec5', '.png', 'image/png', 1261.94, '/uploads/hero_bg_437a3b6ec5.png', NULL, 'local', NULL, '/', '2025-09-19 15:15:26.714000', '2025-09-19 15:15:26.714000', '2025-09-19 15:15:26.715000', 1, 1, NULL);
INSERT INTO `files` VALUES (2, 'zgd06743f47vreztbaxrq89c', 'spec-ico.png', NULL, NULL, 272, 363, '{\"thumbnail\":{\"name\":\"thumbnail_spec-ico.png\",\"hash\":\"thumbnail_spec_ico_d4e3be147b\",\"ext\":\".png\",\"mime\":\"image/png\",\"path\":null,\"width\":117,\"height\":156,\"size\":7.26,\"sizeInBytes\":7255,\"url\":\"/uploads/thumbnail_spec_ico_d4e3be147b.png\"}}', 'spec_ico_d4e3be147b', '.png', 'image/png', 3.62, '/uploads/spec_ico_d4e3be147b.png', NULL, 'local', NULL, '/', '2025-09-19 15:41:56.916000', '2025-09-19 15:41:56.916000', '2025-09-19 15:41:56.917000', 1, 1, NULL);
INSERT INTO `files` VALUES (3, 'hyb217uepaxyozbzojayzoyd', 'buy-ico.png', NULL, NULL, 169, 204, '{\"thumbnail\":{\"name\":\"thumbnail_buy-ico.png\",\"hash\":\"thumbnail_buy_ico_8a03c56a81\",\"ext\":\".png\",\"mime\":\"image/png\",\"path\":null,\"width\":129,\"height\":156,\"size\":9.76,\"sizeInBytes\":9759,\"url\":\"/uploads/thumbnail_buy_ico_8a03c56a81.png\"}}', 'buy_ico_8a03c56a81', '.png', 'image/png', 2.75, '/uploads/buy_ico_8a03c56a81.png', NULL, 'local', NULL, '/', '2025-09-19 15:55:40.606000', '2025-09-19 15:55:40.606000', '2025-09-19 15:55:40.607000', 1, 1, NULL);
INSERT INTO `files` VALUES (4, 'nb8sum41gzrkmllqawwk0ki3', 'side-ico.png', NULL, NULL, 207, 170, '{\"thumbnail\":{\"name\":\"thumbnail_side-ico.png\",\"hash\":\"thumbnail_side_ico_043f713cef\",\"ext\":\".png\",\"mime\":\"image/png\",\"path\":null,\"width\":190,\"height\":156,\"size\":12.87,\"sizeInBytes\":12872,\"url\":\"/uploads/thumbnail_side_ico_043f713cef.png\"}}', 'side_ico_043f713cef', '.png', 'image/png', 2.56, '/uploads/side_ico_043f713cef.png', NULL, 'local', NULL, '/', '2025-09-19 15:56:57.442000', '2025-09-19 15:56:57.442000', '2025-09-19 15:56:57.442000', 1, 1, NULL);
INSERT INTO `files` VALUES (5, 'g6vdc2i67fd3jf4bi791kmpy', 'slide.png', NULL, NULL, 588, 900, '{\"thumbnail\":{\"name\":\"thumbnail_slide.png\",\"hash\":\"thumbnail_slide_749559c268\",\"ext\":\".png\",\"mime\":\"image/png\",\"path\":null,\"width\":102,\"height\":156,\"size\":27.56,\"sizeInBytes\":27561,\"url\":\"/uploads/thumbnail_slide_749559c268.png\"},\"small\":{\"name\":\"small_slide.png\",\"hash\":\"small_slide_749559c268\",\"ext\":\".png\",\"mime\":\"image/png\",\"path\":null,\"width\":327,\"height\":500,\"size\":234.01,\"sizeInBytes\":234012,\"url\":\"/uploads/small_slide_749559c268.png\"},\"medium\":{\"name\":\"medium_slide.png\",\"hash\":\"medium_slide_749559c268\",\"ext\":\".png\",\"mime\":\"image/png\",\"path\":null,\"width\":490,\"height\":750,\"size\":526.72,\"sizeInBytes\":526721,\"url\":\"/uploads/medium_slide_749559c268.png\"}}', 'slide_749559c268', '.png', 'image/png', 169.48, '/uploads/slide_749559c268.png', NULL, 'local', NULL, '/', '2025-09-19 16:00:09.959000', '2025-09-19 16:00:09.959000', '2025-09-19 16:00:09.959000', 1, 1, NULL);
INSERT INTO `files` VALUES (6, 'drgv8s8xgdggv5bpqp5edm26', 'slide-1.png', NULL, NULL, 588, 900, '{\"thumbnail\":{\"name\":\"thumbnail_slide-1.png\",\"hash\":\"thumbnail_slide_1_9bba723a34\",\"ext\":\".png\",\"mime\":\"image/png\",\"path\":null,\"width\":102,\"height\":156,\"size\":40.26,\"sizeInBytes\":40264,\"url\":\"/uploads/thumbnail_slide_1_9bba723a34.png\"},\"small\":{\"name\":\"small_slide-1.png\",\"hash\":\"small_slide_1_9bba723a34\",\"ext\":\".png\",\"mime\":\"image/png\",\"path\":null,\"width\":327,\"height\":500,\"size\":329.85,\"sizeInBytes\":329850,\"url\":\"/uploads/small_slide_1_9bba723a34.png\"},\"medium\":{\"name\":\"medium_slide-1.png\",\"hash\":\"medium_slide_1_9bba723a34\",\"ext\":\".png\",\"mime\":\"image/png\",\"path\":null,\"width\":490,\"height\":750,\"size\":694.06,\"sizeInBytes\":694061,\"url\":\"/uploads/medium_slide_1_9bba723a34.png\"}}', 'slide_1_9bba723a34', '.png', 'image/png', 240.45, '/uploads/slide_1_9bba723a34.png', NULL, 'local', NULL, '/', '2025-09-19 16:01:52.940000', '2025-09-19 16:01:52.940000', '2025-09-19 16:01:52.940000', 1, 1, NULL);
INSERT INTO `files` VALUES (7, 'tgknhh5nlm1rm4jrkmi621bk', 'chess.png', NULL, NULL, 2193, 891, '{\"thumbnail\":{\"name\":\"thumbnail_chess.png\",\"hash\":\"thumbnail_chess_18925c95ba\",\"ext\":\".png\",\"mime\":\"image/png\",\"path\":null,\"width\":245,\"height\":100,\"size\":8.64,\"sizeInBytes\":8641,\"url\":\"/uploads/thumbnail_chess_18925c95ba.png\"},\"small\":{\"name\":\"small_chess.png\",\"hash\":\"small_chess_18925c95ba\",\"ext\":\".png\",\"mime\":\"image/png\",\"path\":null,\"width\":500,\"height\":203,\"size\":33.98,\"sizeInBytes\":33977,\"url\":\"/uploads/small_chess_18925c95ba.png\"},\"medium\":{\"name\":\"medium_chess.png\",\"hash\":\"medium_chess_18925c95ba\",\"ext\":\".png\",\"mime\":\"image/png\",\"path\":null,\"width\":750,\"height\":305,\"size\":74.42,\"sizeInBytes\":74418,\"url\":\"/uploads/medium_chess_18925c95ba.png\"},\"large\":{\"name\":\"large_chess.png\",\"hash\":\"large_chess_18925c95ba\",\"ext\":\".png\",\"mime\":\"image/png\",\"path\":null,\"width\":1000,\"height\":406,\"size\":133.6,\"sizeInBytes\":133598,\"url\":\"/uploads/large_chess_18925c95ba.png\"}}', 'chess_18925c95ba', '.png', 'image/png', 182.83, '/uploads/chess_18925c95ba.png', NULL, 'local', NULL, '/', '2025-09-19 18:09:06.448000', '2025-09-19 18:09:06.448000', '2025-09-19 18:09:06.449000', 1, 1, NULL);
INSERT INTO `files` VALUES (8, 'x8bw7m92ugcwsnao0smjo3fq', 't-stock.png', NULL, NULL, 1920, 1086, '{\"thumbnail\":{\"name\":\"thumbnail_t-stock.png\",\"hash\":\"thumbnail_t_stock_f7285d77da\",\"ext\":\".png\",\"mime\":\"image/png\",\"path\":null,\"width\":245,\"height\":139,\"size\":29.86,\"sizeInBytes\":29857,\"url\":\"/uploads/thumbnail_t_stock_f7285d77da.png\"},\"small\":{\"name\":\"small_t-stock.png\",\"hash\":\"small_t_stock_f7285d77da\",\"ext\":\".png\",\"mime\":\"image/png\",\"path\":null,\"width\":500,\"height\":283,\"size\":108.72,\"sizeInBytes\":108721,\"url\":\"/uploads/small_t_stock_f7285d77da.png\"},\"large\":{\"name\":\"large_t-stock.png\",\"hash\":\"large_t_stock_f7285d77da\",\"ext\":\".png\",\"mime\":\"image/png\",\"path\":null,\"width\":1000,\"height\":566,\"size\":429.96,\"sizeInBytes\":429960,\"url\":\"/uploads/large_t_stock_f7285d77da.png\"},\"medium\":{\"name\":\"medium_t-stock.png\",\"hash\":\"medium_t_stock_f7285d77da\",\"ext\":\".png\",\"mime\":\"image/png\",\"path\":null,\"width\":750,\"height\":424,\"size\":241.7,\"sizeInBytes\":241700,\"url\":\"/uploads/medium_t_stock_f7285d77da.png\"}}', 't_stock_f7285d77da', '.png', 'image/png', 522.58, '/uploads/t_stock_f7285d77da.png', NULL, 'local', NULL, '/', '2025-09-19 18:14:41.637000', '2025-09-19 18:14:41.637000', '2025-09-19 18:14:41.638000', 1, 1, NULL);
INSERT INTO `files` VALUES (9, 'u0jse32he65m2ypamypp506x', 'about-bg.png', NULL, NULL, 1920, 1072, '{\"thumbnail\":{\"name\":\"thumbnail_about-bg.png\",\"hash\":\"thumbnail_about_bg_148938fd14\",\"ext\":\".png\",\"mime\":\"image/png\",\"path\":null,\"width\":245,\"height\":137,\"size\":29.05,\"sizeInBytes\":29051,\"url\":\"/uploads/thumbnail_about_bg_148938fd14.png\"},\"small\":{\"name\":\"small_about-bg.png\",\"hash\":\"small_about_bg_148938fd14\",\"ext\":\".png\",\"mime\":\"image/png\",\"path\":null,\"width\":500,\"height\":279,\"size\":101.31,\"sizeInBytes\":101308,\"url\":\"/uploads/small_about_bg_148938fd14.png\"},\"large\":{\"name\":\"large_about-bg.png\",\"hash\":\"large_about_bg_148938fd14\",\"ext\":\".png\",\"mime\":\"image/png\",\"path\":null,\"width\":1000,\"height\":558,\"size\":376.39,\"sizeInBytes\":376385,\"url\":\"/uploads/large_about_bg_148938fd14.png\"},\"medium\":{\"name\":\"medium_about-bg.png\",\"hash\":\"medium_about_bg_148938fd14\",\"ext\":\".png\",\"mime\":\"image/png\",\"path\":null,\"width\":750,\"height\":419,\"size\":216.81,\"sizeInBytes\":216806,\"url\":\"/uploads/medium_about_bg_148938fd14.png\"}}', 'about_bg_148938fd14', '.png', 'image/png', 322.10, '/uploads/about_bg_148938fd14.png', NULL, 'local', NULL, '/', '2025-09-24 18:03:37.389000', '2025-09-24 18:03:37.389000', '2025-09-24 18:03:37.389000', 1, 1, NULL);
INSERT INTO `files` VALUES (10, 'dbrwlkl89mtrsbaz5e6hyja5', 'hero-bg.png', NULL, NULL, 1920, 1109, '{\"thumbnail\":{\"name\":\"thumbnail_hero-bg.png\",\"hash\":\"thumbnail_hero_bg_7a88920e54\",\"ext\":\".png\",\"mime\":\"image/png\",\"path\":null,\"width\":245,\"height\":142,\"size\":63.67,\"sizeInBytes\":63666,\"url\":\"/uploads/thumbnail_hero_bg_7a88920e54.png\"},\"small\":{\"name\":\"small_hero-bg.png\",\"hash\":\"small_hero_bg_7a88920e54\",\"ext\":\".png\",\"mime\":\"image/png\",\"path\":null,\"width\":500,\"height\":289,\"size\":257.22,\"sizeInBytes\":257223,\"url\":\"/uploads/small_hero_bg_7a88920e54.png\"},\"medium\":{\"name\":\"medium_hero-bg.png\",\"hash\":\"medium_hero_bg_7a88920e54\",\"ext\":\".png\",\"mime\":\"image/png\",\"path\":null,\"width\":750,\"height\":433,\"size\":587.67,\"sizeInBytes\":587665,\"url\":\"/uploads/medium_hero_bg_7a88920e54.png\"},\"large\":{\"name\":\"large_hero-bg.png\",\"hash\":\"large_hero_bg_7a88920e54\",\"ext\":\".png\",\"mime\":\"image/png\",\"path\":null,\"width\":1000,\"height\":578,\"size\":1056.79,\"sizeInBytes\":1056790,\"url\":\"/uploads/large_hero_bg_7a88920e54.png\"}}', 'hero_bg_7a88920e54', '.png', 'image/png', 1261.94, '/uploads/hero_bg_7a88920e54.png', NULL, 'local', NULL, '/', '2025-09-24 18:05:26.334000', '2025-09-24 18:05:26.334000', '2025-09-24 18:05:26.334000', 1, 1, NULL);
INSERT INTO `files` VALUES (11, 'ivm0rvi5smeudt3x9xvev7ma', 'serv-ico.png', NULL, NULL, 201, 183, '{\"thumbnail\":{\"name\":\"thumbnail_serv-ico.png\",\"hash\":\"thumbnail_serv_ico_d7a3ecbb69\",\"ext\":\".png\",\"mime\":\"image/png\",\"path\":null,\"width\":171,\"height\":156,\"size\":7.94,\"sizeInBytes\":7941,\"url\":\"/uploads/thumbnail_serv_ico_d7a3ecbb69.png\"}}', 'serv_ico_d7a3ecbb69', '.png', 'image/png', 1.86, '/uploads/serv_ico_d7a3ecbb69.png', NULL, 'local', NULL, '/', '2025-09-24 18:07:20.202000', '2025-09-24 18:07:20.202000', '2025-09-24 18:07:20.202000', 1, 1, NULL);
INSERT INTO `files` VALUES (12, 'jn576hfef0qni5dma2crpxkx', 'fouad.png', NULL, NULL, 493, 560, '{\"thumbnail\":{\"name\":\"thumbnail_fouad.png\",\"hash\":\"thumbnail_fouad_9ec587885a\",\"ext\":\".png\",\"mime\":\"image/png\",\"path\":null,\"width\":137,\"height\":156,\"size\":49.45,\"sizeInBytes\":49453,\"url\":\"/uploads/thumbnail_fouad_9ec587885a.png\"},\"small\":{\"name\":\"small_fouad.png\",\"hash\":\"small_fouad_9ec587885a\",\"ext\":\".png\",\"mime\":\"image/png\",\"path\":null,\"width\":440,\"height\":500,\"size\":420.83,\"sizeInBytes\":420834,\"url\":\"/uploads/small_fouad_9ec587885a.png\"}}', 'fouad_9ec587885a', '.png', 'image/png', 143.93, '/uploads/fouad_9ec587885a.png', NULL, 'local', NULL, '/', '2025-09-24 18:07:49.874000', '2025-09-24 18:07:49.874000', '2025-09-24 18:07:49.874000', 1, 1, NULL);
INSERT INTO `files` VALUES (13, 'pagzyki1qhydmi6mo032wuem', 'logo.png', NULL, NULL, 140, 90, NULL, 'logo_e7a32edbd9', '.png', 'image/png', 1.67, '/uploads/logo_e7a32edbd9.png', NULL, 'local', NULL, '/', '2025-09-24 18:08:52.033000', '2025-09-24 18:08:52.033000', '2025-09-24 18:08:52.034000', 1, 1, NULL);
INSERT INTO `files` VALUES (14, 'ptlnbooaqmetz1sa95bite57', 'cyg-logo.png', NULL, NULL, 314, 201, '{\"thumbnail\":{\"name\":\"thumbnail_cyg-logo.png\",\"hash\":\"thumbnail_cyg_logo_afbfe78d0e\",\"ext\":\".png\",\"mime\":\"image/png\",\"path\":null,\"width\":244,\"height\":156,\"size\":7.03,\"sizeInBytes\":7026,\"url\":\"/uploads/thumbnail_cyg_logo_afbfe78d0e.png\"}}', 'cyg_logo_afbfe78d0e', '.png', 'image/png', 2.58, '/uploads/cyg_logo_afbfe78d0e.png', NULL, 'local', NULL, '/', '2025-09-24 18:12:49.288000', '2025-09-24 18:12:49.288000', '2025-09-24 18:12:49.288000', 1, 1, NULL);
INSERT INTO `files` VALUES (15, 'gcre688jgbuzgkpur882ok2y', 'client-bg.png', NULL, NULL, 1920, 1050, '{\"thumbnail\":{\"name\":\"thumbnail_client-bg.png\",\"hash\":\"thumbnail_client_bg_f047ec8b3a\",\"ext\":\".png\",\"mime\":\"image/png\",\"path\":null,\"width\":245,\"height\":134,\"size\":31.66,\"sizeInBytes\":31664,\"url\":\"/uploads/thumbnail_client_bg_f047ec8b3a.png\"},\"small\":{\"name\":\"small_client-bg.png\",\"hash\":\"small_client_bg_f047ec8b3a\",\"ext\":\".png\",\"mime\":\"image/png\",\"path\":null,\"width\":500,\"height\":273,\"size\":107.41,\"sizeInBytes\":107410,\"url\":\"/uploads/small_client_bg_f047ec8b3a.png\"},\"medium\":{\"name\":\"medium_client-bg.png\",\"hash\":\"medium_client_bg_f047ec8b3a\",\"ext\":\".png\",\"mime\":\"image/png\",\"path\":null,\"width\":750,\"height\":410,\"size\":230.49,\"sizeInBytes\":230494,\"url\":\"/uploads/medium_client_bg_f047ec8b3a.png\"},\"large\":{\"name\":\"large_client-bg.png\",\"hash\":\"large_client_bg_f047ec8b3a\",\"ext\":\".png\",\"mime\":\"image/png\",\"path\":null,\"width\":1000,\"height\":547,\"size\":405.13,\"sizeInBytes\":405131,\"url\":\"/uploads/large_client_bg_f047ec8b3a.png\"}}', 'client_bg_f047ec8b3a', '.png', 'image/png', 276.17, '/uploads/client_bg_f047ec8b3a.png', NULL, 'local', NULL, '/', '2025-09-24 18:14:28.837000', '2025-09-24 18:14:28.837000', '2025-09-24 18:14:28.838000', 1, 1, NULL);
INSERT INTO `files` VALUES (16, 'hcxu86iae9yq8nfb8r16tt0s', 'founders.png', NULL, NULL, 135, 154, NULL, 'founders_366afce9ff', '.png', 'image/png', 1.70, '/uploads/founders_366afce9ff.png', NULL, 'local', NULL, '/', '2025-09-24 18:17:39.175000', '2025-09-24 18:17:39.175000', '2025-09-24 18:17:39.175000', 1, 1, NULL);
INSERT INTO `files` VALUES (17, 'naj5q2ijmrc2qzb70vrsiw3a', 'contact-bg.png', NULL, NULL, 1920, 1204, '{\"thumbnail\":{\"name\":\"thumbnail_contact-bg.png\",\"hash\":\"thumbnail_contact_bg_c669f1c72f\",\"ext\":\".png\",\"mime\":\"image/png\",\"path\":null,\"width\":245,\"height\":154,\"size\":16.86,\"sizeInBytes\":16856,\"url\":\"/uploads/thumbnail_contact_bg_c669f1c72f.png\"},\"small\":{\"name\":\"small_contact-bg.png\",\"hash\":\"small_contact_bg_c669f1c72f\",\"ext\":\".png\",\"mime\":\"image/png\",\"path\":null,\"width\":500,\"height\":314,\"size\":50.67,\"sizeInBytes\":50665,\"url\":\"/uploads/small_contact_bg_c669f1c72f.png\"},\"medium\":{\"name\":\"medium_contact-bg.png\",\"hash\":\"medium_contact_bg_c669f1c72f\",\"ext\":\".png\",\"mime\":\"image/png\",\"path\":null,\"width\":750,\"height\":470,\"size\":110.58,\"sizeInBytes\":110579,\"url\":\"/uploads/medium_contact_bg_c669f1c72f.png\"},\"large\":{\"name\":\"large_contact-bg.png\",\"hash\":\"large_contact_bg_c669f1c72f\",\"ext\":\".png\",\"mime\":\"image/png\",\"path\":null,\"width\":1000,\"height\":627,\"size\":209.82,\"sizeInBytes\":209822,\"url\":\"/uploads/large_contact_bg_c669f1c72f.png\"}}', 'contact_bg_c669f1c72f', '.png', 'image/png', 159.38, '/uploads/contact_bg_c669f1c72f.png', NULL, 'local', NULL, '/', '2025-09-24 18:19:48.499000', '2025-09-24 18:19:48.499000', '2025-09-24 18:19:48.499000', 1, 1, NULL);
INSERT INTO `files` VALUES (18, 'ognzq9z9usip0vn4zcktc2wg', 'slide.png', NULL, NULL, 588, 900, '{\"thumbnail\":{\"name\":\"thumbnail_slide.png\",\"hash\":\"thumbnail_slide_7b09c3b241\",\"ext\":\".png\",\"mime\":\"image/png\",\"path\":null,\"width\":102,\"height\":156,\"size\":27.56,\"sizeInBytes\":27561,\"url\":\"/uploads/thumbnail_slide_7b09c3b241.png\"},\"small\":{\"name\":\"small_slide.png\",\"hash\":\"small_slide_7b09c3b241\",\"ext\":\".png\",\"mime\":\"image/png\",\"path\":null,\"width\":327,\"height\":500,\"size\":234.01,\"sizeInBytes\":234012,\"url\":\"/uploads/small_slide_7b09c3b241.png\"},\"medium\":{\"name\":\"medium_slide.png\",\"hash\":\"medium_slide_7b09c3b241\",\"ext\":\".png\",\"mime\":\"image/png\",\"path\":null,\"width\":490,\"height\":750,\"size\":526.72,\"sizeInBytes\":526721,\"url\":\"/uploads/medium_slide_7b09c3b241.png\"}}', 'slide_7b09c3b241', '.png', 'image/png', 169.48, '/uploads/slide_7b09c3b241.png', NULL, 'local', NULL, '/', '2025-09-24 18:21:31.023000', '2025-09-24 18:21:31.023000', '2025-09-24 18:21:31.023000', 1, 1, NULL);
INSERT INTO `files` VALUES (19, 'wez5uv9qpmow39mduqs020cv', 'slide-2.png', NULL, NULL, 552, 900, '{\"thumbnail\":{\"name\":\"thumbnail_slide-2.png\",\"hash\":\"thumbnail_slide_2_395be5dd8d\",\"ext\":\".png\",\"mime\":\"image/png\",\"path\":null,\"width\":96,\"height\":156,\"size\":33.15,\"sizeInBytes\":33154,\"url\":\"/uploads/thumbnail_slide_2_395be5dd8d.png\"},\"small\":{\"name\":\"small_slide-2.png\",\"hash\":\"small_slide_2_395be5dd8d\",\"ext\":\".png\",\"mime\":\"image/png\",\"path\":null,\"width\":307,\"height\":500,\"size\":319.8,\"sizeInBytes\":319797,\"url\":\"/uploads/small_slide_2_395be5dd8d.png\"},\"medium\":{\"name\":\"medium_slide-2.png\",\"hash\":\"medium_slide_2_395be5dd8d\",\"ext\":\".png\",\"mime\":\"image/png\",\"path\":null,\"width\":460,\"height\":750,\"size\":720.29,\"sizeInBytes\":720293,\"url\":\"/uploads/medium_slide_2_395be5dd8d.png\"}}', 'slide_2_395be5dd8d', '.png', 'image/png', 285.88, '/uploads/slide_2_395be5dd8d.png', NULL, 'local', NULL, '/', '2025-09-24 18:22:09.170000', '2025-09-24 18:22:09.170000', '2025-09-24 18:22:09.170000', 1, 1, NULL);
INSERT INTO `files` VALUES (20, 'sv165wfy8mog09tbrjmi8win', 'BG-Services.png', NULL, NULL, 1920, 1109, '{\"thumbnail\":{\"name\":\"thumbnail_BG-Services.png\",\"hash\":\"thumbnail_BG_Services_25b9db3bb0\",\"ext\":\".png\",\"mime\":\"image/png\",\"path\":null,\"width\":245,\"height\":142,\"size\":39.01,\"sizeInBytes\":39009,\"url\":\"/uploads/thumbnail_BG_Services_25b9db3bb0.png\"},\"small\":{\"name\":\"small_BG-Services.png\",\"hash\":\"small_BG_Services_25b9db3bb0\",\"ext\":\".png\",\"mime\":\"image/png\",\"path\":null,\"width\":500,\"height\":289,\"size\":144.46,\"sizeInBytes\":144458,\"url\":\"/uploads/small_BG_Services_25b9db3bb0.png\"},\"medium\":{\"name\":\"medium_BG-Services.png\",\"hash\":\"medium_BG_Services_25b9db3bb0\",\"ext\":\".png\",\"mime\":\"image/png\",\"path\":null,\"width\":750,\"height\":433,\"size\":290.36,\"sizeInBytes\":290359,\"url\":\"/uploads/medium_BG_Services_25b9db3bb0.png\"},\"large\":{\"name\":\"large_BG-Services.png\",\"hash\":\"large_BG_Services_25b9db3bb0\",\"ext\":\".png\",\"mime\":\"image/png\",\"path\":null,\"width\":1000,\"height\":578,\"size\":479.46,\"sizeInBytes\":479455,\"url\":\"/uploads/large_BG_Services_25b9db3bb0.png\"}}', 'BG_Services_25b9db3bb0', '.png', 'image/png', 405.62, '/uploads/BG_Services_25b9db3bb0.png', NULL, 'local', NULL, '/', '2025-09-24 18:23:12.901000', '2025-09-24 18:23:12.901000', '2025-09-24 18:23:12.901000', 1, 1, NULL);
INSERT INTO `files` VALUES (21, 'abihn9y1bp7wae7ilporn59l', 'special.png', NULL, NULL, 58, 57, NULL, 'special_5ea0bc4dc0', '.png', 'image/png', 0.67, '/uploads/special_5ea0bc4dc0.png', NULL, 'local', NULL, '/', '2025-09-24 18:35:02.713000', '2025-09-24 18:35:02.713000', '2025-09-24 18:35:02.713000', 1, 1, NULL);
INSERT INTO `files` VALUES (22, 'j6zn7m5tqp9o0bz9ran7n6gj', 'service-bg.png', NULL, NULL, 1920, 1072, '{\"thumbnail\":{\"name\":\"thumbnail_service-bg.png\",\"hash\":\"thumbnail_service_bg_4d81f3a01f\",\"ext\":\".png\",\"mime\":\"image/png\",\"path\":null,\"width\":245,\"height\":137,\"size\":51.85,\"sizeInBytes\":51848,\"url\":\"/uploads/thumbnail_service_bg_4d81f3a01f.png\"},\"small\":{\"name\":\"small_service-bg.png\",\"hash\":\"small_service_bg_4d81f3a01f\",\"ext\":\".png\",\"mime\":\"image/png\",\"path\":null,\"width\":500,\"height\":279,\"size\":171.27,\"sizeInBytes\":171273,\"url\":\"/uploads/small_service_bg_4d81f3a01f.png\"},\"medium\":{\"name\":\"medium_service-bg.png\",\"hash\":\"medium_service_bg_4d81f3a01f\",\"ext\":\".png\",\"mime\":\"image/png\",\"path\":null,\"width\":750,\"height\":419,\"size\":368.87,\"sizeInBytes\":368872,\"url\":\"/uploads/medium_service_bg_4d81f3a01f.png\"},\"large\":{\"name\":\"large_service-bg.png\",\"hash\":\"large_service_bg_4d81f3a01f\",\"ext\":\".png\",\"mime\":\"image/png\",\"path\":null,\"width\":1000,\"height\":558,\"size\":637.07,\"sizeInBytes\":637069,\"url\":\"/uploads/large_service_bg_4d81f3a01f.png\"}}', 'service_bg_4d81f3a01f', '.png', 'image/png', 469.45, '/uploads/service_bg_4d81f3a01f.png', NULL, 'local', NULL, '/', '2025-09-24 18:46:01.589000', '2025-09-24 18:46:01.589000', '2025-09-24 18:46:01.589000', 1, 1, NULL);
INSERT INTO `files` VALUES (23, 'zo8hayt4eay8r9nrcsffoeug', 'serv2-ico.png', NULL, NULL, 176, 154, NULL, 'serv2_ico_4e47bbec4a', '.png', 'image/png', 1.22, '/uploads/serv2_ico_4e47bbec4a.png', NULL, 'local', NULL, '/', '2025-09-24 18:51:54.745000', '2025-09-24 18:51:54.745000', '2025-09-24 18:51:54.745000', 1, 1, NULL);
INSERT INTO `files` VALUES (24, 'ts70nbdfb6wvmx06bl0whdfz', 'serv3-ico.png', NULL, NULL, 201, 191, '{\"thumbnail\":{\"name\":\"thumbnail_serv3-ico.png\",\"hash\":\"thumbnail_serv3_ico_3257e2a30f\",\"ext\":\".png\",\"mime\":\"image/png\",\"path\":null,\"width\":164,\"height\":156,\"size\":8.58,\"sizeInBytes\":8579,\"url\":\"/uploads/thumbnail_serv3_ico_3257e2a30f.png\"}}', 'serv3_ico_3257e2a30f', '.png', 'image/png', 1.85, '/uploads/serv3_ico_3257e2a30f.png', NULL, 'local', NULL, '/', '2025-09-24 18:53:14.313000', '2025-09-24 18:53:14.313000', '2025-09-24 18:53:14.313000', 1, 1, NULL);
INSERT INTO `files` VALUES (25, 'gvhkaburc3btur81ux5ie843', 'cpu.png', NULL, NULL, 75, 75, NULL, 'cpu_e417bff0a8', '.png', 'image/png', 0.36, '/uploads/cpu_e417bff0a8.png', NULL, 'local', NULL, '/', '2025-11-10 03:32:40.387000', '2025-11-10 03:32:40.387000', '2025-11-10 03:32:40.387000', 2, 2, NULL);
INSERT INTO `files` VALUES (26, 'ue9c7l6gdkzxfuhvudwsyknw', 'bg.png', NULL, NULL, 7680, 4436, '{\"thumbnail\":{\"name\":\"thumbnail_bg.png\",\"hash\":\"thumbnail_bg_c87f493a92\",\"ext\":\".png\",\"mime\":\"image/png\",\"path\":null,\"width\":245,\"height\":142,\"size\":41.77,\"sizeInBytes\":41771,\"url\":\"/uploads/thumbnail_bg_c87f493a92.png\"},\"small\":{\"name\":\"small_bg.png\",\"hash\":\"small_bg_c87f493a92\",\"ext\":\".png\",\"mime\":\"image/png\",\"path\":null,\"width\":500,\"height\":289,\"size\":156.56,\"sizeInBytes\":156561,\"url\":\"/uploads/small_bg_c87f493a92.png\"},\"medium\":{\"name\":\"medium_bg.png\",\"hash\":\"medium_bg_c87f493a92\",\"ext\":\".png\",\"mime\":\"image/png\",\"path\":null,\"width\":750,\"height\":433,\"size\":311.09,\"sizeInBytes\":311094,\"url\":\"/uploads/medium_bg_c87f493a92.png\"},\"large\":{\"name\":\"large_bg.png\",\"hash\":\"large_bg_c87f493a92\",\"ext\":\".png\",\"mime\":\"image/png\",\"path\":null,\"width\":1000,\"height\":578,\"size\":509.56,\"sizeInBytes\":509560,\"url\":\"/uploads/large_bg_c87f493a92.png\"}}', 'bg_c87f493a92', '.png', 'image/png', 5103.01, '/uploads/bg_c87f493a92.png', NULL, 'local', NULL, '/', '2025-11-10 05:23:48.384000', '2025-11-10 05:23:48.384000', '2025-11-10 05:23:48.384000', 2, 2, NULL);
INSERT INTO `files` VALUES (27, 'x2aktjlyp6jkxgyknfv3gouo', 'd3ba73e99f30f0e0fbf2bfb7b04cb79f070af07e.jpg', NULL, NULL, 4096, 2961, '{\"thumbnail\":{\"name\":\"thumbnail_d3ba73e99f30f0e0fbf2bfb7b04cb79f070af07e.jpg\",\"hash\":\"thumbnail_d3ba73e99f30f0e0fbf2bfb7b04cb79f070af07e_442bf08bc2\",\"ext\":\".jpg\",\"mime\":\"image/jpeg\",\"path\":null,\"width\":216,\"height\":156,\"size\":5.44,\"sizeInBytes\":5440,\"url\":\"/uploads/thumbnail_d3ba73e99f30f0e0fbf2bfb7b04cb79f070af07e_442bf08bc2.jpg\"},\"small\":{\"name\":\"small_d3ba73e99f30f0e0fbf2bfb7b04cb79f070af07e.jpg\",\"hash\":\"small_d3ba73e99f30f0e0fbf2bfb7b04cb79f070af07e_442bf08bc2\",\"ext\":\".jpg\",\"mime\":\"image/jpeg\",\"path\":null,\"width\":500,\"height\":361,\"size\":20.29,\"sizeInBytes\":20291,\"url\":\"/uploads/small_d3ba73e99f30f0e0fbf2bfb7b04cb79f070af07e_442bf08bc2.jpg\"},\"medium\":{\"name\":\"medium_d3ba73e99f30f0e0fbf2bfb7b04cb79f070af07e.jpg\",\"hash\":\"medium_d3ba73e99f30f0e0fbf2bfb7b04cb79f070af07e_442bf08bc2\",\"ext\":\".jpg\",\"mime\":\"image/jpeg\",\"path\":null,\"width\":750,\"height\":542,\"size\":37.92,\"sizeInBytes\":37923,\"url\":\"/uploads/medium_d3ba73e99f30f0e0fbf2bfb7b04cb79f070af07e_442bf08bc2.jpg\"},\"large\":{\"name\":\"large_d3ba73e99f30f0e0fbf2bfb7b04cb79f070af07e.jpg\",\"hash\":\"large_d3ba73e99f30f0e0fbf2bfb7b04cb79f070af07e_442bf08bc2\",\"ext\":\".jpg\",\"mime\":\"image/jpeg\",\"path\":null,\"width\":1000,\"height\":723,\"size\":62.4,\"sizeInBytes\":62396,\"url\":\"/uploads/large_d3ba73e99f30f0e0fbf2bfb7b04cb79f070af07e_442bf08bc2.jpg\"}}', 'd3ba73e99f30f0e0fbf2bfb7b04cb79f070af07e_442bf08bc2', '.jpg', 'image/jpeg', 1855.45, '/uploads/d3ba73e99f30f0e0fbf2bfb7b04cb79f070af07e_442bf08bc2.jpg', NULL, 'local', NULL, '/', '2025-11-10 07:00:41.962000', '2025-11-10 07:00:41.962000', '2025-11-10 07:00:41.963000', 2, 2, NULL);
INSERT INTO `files` VALUES (28, 'gnw6hv5fctzueqzhertisdxg', 'Forbes_logo 1.png', NULL, NULL, 141, 43, NULL, 'Forbes_logo_1_87baa00c7c', '.png', 'image/png', 1.18, '/uploads/Forbes_logo_1_87baa00c7c.png', NULL, 'local', NULL, '/', '2025-11-12 18:21:41.615000', '2025-11-12 18:21:41.615000', '2025-11-12 18:21:41.616000', 2, 2, NULL);

-- ----------------------------
-- Table structure for files_folder_lnk
-- ----------------------------
DROP TABLE IF EXISTS `files_folder_lnk`;
CREATE TABLE `files_folder_lnk`  (
  `id` int(10) UNSIGNED NOT NULL AUTO_INCREMENT,
  `file_id` int(10) UNSIGNED NULL DEFAULT NULL,
  `folder_id` int(10) UNSIGNED NULL DEFAULT NULL,
  `file_ord` double unsigned NULL,
  PRIMARY KEY (`id`) USING BTREE,
  UNIQUE INDEX `files_folder_lnk_uq`(`file_id`, `folder_id`) USING BTREE,
  INDEX `files_folder_lnk_fk`(`file_id`) USING BTREE,
  INDEX `files_folder_lnk_ifk`(`folder_id`) USING BTREE,
  INDEX `files_folder_lnk_oifk`(`file_ord`) USING BTREE,
  CONSTRAINT `files_folder_lnk_fk` FOREIGN KEY (`file_id`) REFERENCES `files` (`id`) ON DELETE CASCADE ON UPDATE RESTRICT,
  CONSTRAINT `files_folder_lnk_ifk` FOREIGN KEY (`folder_id`) REFERENCES `upload_folders` (`id`) ON DELETE CASCADE ON UPDATE RESTRICT
) ENGINE = InnoDB AUTO_INCREMENT = 1 CHARACTER SET = utf8mb4 COLLATE = utf8mb4_general_ci ROW_FORMAT = Dynamic;

-- ----------------------------
-- Table structure for files_related_mph
-- ----------------------------
DROP TABLE IF EXISTS `files_related_mph`;
CREATE TABLE `files_related_mph`  (
  `id` int(10) UNSIGNED NOT NULL AUTO_INCREMENT,
  `file_id` int(10) UNSIGNED NULL DEFAULT NULL,
  `related_id` int(10) UNSIGNED NULL DEFAULT NULL,
  `related_type` varchar(255) CHARACTER SET utf8mb4 COLLATE utf8mb4_general_ci NULL DEFAULT NULL,
  `field` varchar(255) CHARACTER SET utf8mb4 COLLATE utf8mb4_general_ci NULL DEFAULT NULL,
  `order` double unsigned NULL,
  PRIMARY KEY (`id`) USING BTREE,
  INDEX `files_related_mph_fk`(`file_id`) USING BTREE,
  INDEX `files_related_mph_oidx`(`order`) USING BTREE,
  INDEX `files_related_mph_idix`(`related_id`) USING BTREE,
  CONSTRAINT `files_related_mph_fk` FOREIGN KEY (`file_id`) REFERENCES `files` (`id`) ON DELETE CASCADE ON UPDATE RESTRICT
) ENGINE = InnoDB AUTO_INCREMENT = 121 CHARACTER SET = utf8mb4 COLLATE = utf8mb4_general_ci ROW_FORMAT = Dynamic;

-- ----------------------------
-- Records of files_related_mph
-- ----------------------------
INSERT INTO `files_related_mph` VALUES (2, 1, 1, 'api::hero-section.hero-section', 'backgroundImage', 1);
INSERT INTO `files_related_mph` VALUES (3, 1, 2, 'api::hero-section.hero-section', 'backgroundImage', 1);
INSERT INTO `files_related_mph` VALUES (7, 3, 3, 'api::service.service', 'image', 1);
INSERT INTO `files_related_mph` VALUES (8, 3, 4, 'api::service.service', 'image', 1);
INSERT INTO `files_related_mph` VALUES (9, 4, 5, 'api::service.service', 'image', 1);
INSERT INTO `files_related_mph` VALUES (10, 4, 6, 'api::service.service', 'image', 1);
INSERT INTO `files_related_mph` VALUES (11, 5, 1, 'api::industry-perspective.industry-perspective', 'imageSrc', 1);
INSERT INTO `files_related_mph` VALUES (12, 5, 2, 'api::industry-perspective.industry-perspective', 'imageSrc', 1);
INSERT INTO `files_related_mph` VALUES (13, 6, 3, 'api::industry-perspective.industry-perspective', 'imageSrc', 1);
INSERT INTO `files_related_mph` VALUES (14, 6, 4, 'api::industry-perspective.industry-perspective', 'imageSrc', 1);
INSERT INTO `files_related_mph` VALUES (23, 8, 1, 'api::stock-section.stock-section', 'backgroundImage', 1);
INSERT INTO `files_related_mph` VALUES (24, 8, 3, 'api::stock-section.stock-section', 'backgroundImage', 1);
INSERT INTO `files_related_mph` VALUES (25, 9, 1, 'api::page-section.page-section', 'backgroundImage', 1);
INSERT INTO `files_related_mph` VALUES (26, 9, 2, 'api::page-section.page-section', 'backgroundImage', 1);
INSERT INTO `files_related_mph` VALUES (29, 11, 1, 'services.services', 'image', 1);
INSERT INTO `files_related_mph` VALUES (30, 11, 2, 'services.services', 'image', 1);
INSERT INTO `files_related_mph` VALUES (31, 12, 1, 'api::team-member.team-member', 'image', 1);
INSERT INTO `files_related_mph` VALUES (32, 12, 2, 'api::team-member.team-member', 'image', 1);
INSERT INTO `files_related_mph` VALUES (37, 14, 1, 'api::footer.footer', 'logo', 1);
INSERT INTO `files_related_mph` VALUES (38, 14, 2, 'api::footer.footer', 'logo', 1);
INSERT INTO `files_related_mph` VALUES (39, 15, 3, 'api::page-hero-section.page-hero-section', 'backgroundImage', 1);
INSERT INTO `files_related_mph` VALUES (40, 15, 4, 'api::page-hero-section.page-hero-section', 'backgroundImage', 1);
INSERT INTO `files_related_mph` VALUES (41, 16, 3, 'services.services', 'image', 1);
INSERT INTO `files_related_mph` VALUES (42, 16, 4, 'services.services', 'image', 1);
INSERT INTO `files_related_mph` VALUES (43, 8, 1, 'api::stock.stock', 'backgroundImage', 1);
INSERT INTO `files_related_mph` VALUES (44, 8, 2, 'api::stock.stock', 'backgroundImage', 1);
INSERT INTO `files_related_mph` VALUES (45, 12, 1, 'api::client-review.client-review', 'image', 1);
INSERT INTO `files_related_mph` VALUES (46, 12, 2, 'api::client-review.client-review', 'image', 1);
INSERT INTO `files_related_mph` VALUES (50, 17, 5, 'api::page-hero-section.page-hero-section', 'backgroundImage', 1);
INSERT INTO `files_related_mph` VALUES (51, 17, 6, 'api::page-hero-section.page-hero-section', 'backgroundImage', 1);
INSERT INTO `files_related_mph` VALUES (52, 18, 1, 'api::office-location.office-location', 'image', 1);
INSERT INTO `files_related_mph` VALUES (53, 18, 2, 'api::office-location.office-location', 'image', 1);
INSERT INTO `files_related_mph` VALUES (54, 19, 3, 'api::office-location.office-location', 'image', 1);
INSERT INTO `files_related_mph` VALUES (55, 19, 4, 'api::office-location.office-location', 'image', 1);
INSERT INTO `files_related_mph` VALUES (69, 22, 5, 'api::page-section.page-section', 'backgroundImage', 1);
INSERT INTO `files_related_mph` VALUES (70, 22, 6, 'api::page-section.page-section', 'backgroundImage', 1);
INSERT INTO `files_related_mph` VALUES (76, 22, 3, 'api::page-section.page-section', 'backgroundImage', 1);
INSERT INTO `files_related_mph` VALUES (77, 22, 10, 'api::page-section.page-section', 'backgroundImage', 1);
INSERT INTO `files_related_mph` VALUES (78, 22, 7, 'api::page-section.page-section', 'backgroundImage', 1);
INSERT INTO `files_related_mph` VALUES (79, 22, 11, 'api::page-section.page-section', 'backgroundImage', 1);
INSERT INTO `files_related_mph` VALUES (86, 10, 14, 'api::page-hero-section.page-hero-section', 'backgroundImage', 1);
INSERT INTO `files_related_mph` VALUES (87, 10, 15, 'api::page-hero-section.page-hero-section', 'backgroundImage', 1);
INSERT INTO `files_related_mph` VALUES (88, 11, 5, 'services.services', 'image', 1);
INSERT INTO `files_related_mph` VALUES (89, 11, 6, 'services.services', 'image', 1);
INSERT INTO `files_related_mph` VALUES (90, 23, 7, 'services.services', 'image', 1);
INSERT INTO `files_related_mph` VALUES (91, 23, 8, 'services.services', 'image', 1);
INSERT INTO `files_related_mph` VALUES (93, 24, 9, 'services.services', 'image', 1);
INSERT INTO `files_related_mph` VALUES (94, 24, 10, 'services.services', 'image', 1);
INSERT INTO `files_related_mph` VALUES (96, 25, 1, 'api::industry.industry', 'icon', 1);
INSERT INTO `files_related_mph` VALUES (97, 25, 2, 'api::industry.industry', 'icon', 1);
INSERT INTO `files_related_mph` VALUES (99, 5, 5, 'api::industry-perspective.industry-perspective', 'imageSrc', 1);
INSERT INTO `files_related_mph` VALUES (100, 5, 6, 'api::industry-perspective.industry-perspective', 'imageSrc', 1);
INSERT INTO `files_related_mph` VALUES (101, 26, 1, 'api::page-hero-section.page-hero-section', 'backgroundImage', 1);
INSERT INTO `files_related_mph` VALUES (102, 26, 16, 'api::page-hero-section.page-hero-section', 'backgroundImage', 1);
INSERT INTO `files_related_mph` VALUES (103, 27, 7, 'api::page-hero-section.page-hero-section', 'backgroundImage', 1);
INSERT INTO `files_related_mph` VALUES (104, 27, 17, 'api::page-hero-section.page-hero-section', 'backgroundImage', 1);
INSERT INTO `files_related_mph` VALUES (107, 1, 11, 'api::page-hero-section.page-hero-section', 'backgroundImage', 1);
INSERT INTO `files_related_mph` VALUES (108, 1, 19, 'api::page-hero-section.page-hero-section', 'backgroundImage', 1);
INSERT INTO `files_related_mph` VALUES (109, 20, 9, 'api::page-hero-section.page-hero-section', 'backgroundImage', 1);
INSERT INTO `files_related_mph` VALUES (110, 20, 20, 'api::page-hero-section.page-hero-section', 'backgroundImage', 1);
INSERT INTO `files_related_mph` VALUES (111, 21, 1, 'service.sub-services', 'icon', 1);
INSERT INTO `files_related_mph` VALUES (112, 2, 1, 'api::service.service', 'image', 1);
INSERT INTO `files_related_mph` VALUES (113, 21, 3, 'service.sub-services', 'icon', 1);
INSERT INTO `files_related_mph` VALUES (114, 2, 9, 'api::service.service', 'image', 1);
INSERT INTO `files_related_mph` VALUES (117, 13, 1, 'api::navigation.navigation', 'logo', 1);
INSERT INTO `files_related_mph` VALUES (118, 13, 5, 'api::navigation.navigation', 'logo', 1);
INSERT INTO `files_related_mph` VALUES (119, 28, 1, 'api::home-hero-footer-logo.home-hero-footer-logo', 'brandLogoUrl', 1);
INSERT INTO `files_related_mph` VALUES (120, 28, 2, 'api::home-hero-footer-logo.home-hero-footer-logo', 'brandLogoUrl', 1);

-- ----------------------------
-- Table structure for footers
-- ----------------------------
DROP TABLE IF EXISTS `footers`;
CREATE TABLE `footers`  (
  `id` int(10) UNSIGNED NOT NULL AUTO_INCREMENT,
  `document_id` varchar(255) CHARACTER SET utf8mb4 COLLATE utf8mb4_general_ci NULL DEFAULT NULL,
  `email` varchar(255) CHARACTER SET utf8mb4 COLLATE utf8mb4_general_ci NULL DEFAULT NULL,
  `phone` varchar(255) CHARACTER SET utf8mb4 COLLATE utf8mb4_general_ci NULL DEFAULT NULL,
  `address` varchar(255) CHARACTER SET utf8mb4 COLLATE utf8mb4_general_ci NULL DEFAULT NULL,
  `copyright_text` varchar(255) CHARACTER SET utf8mb4 COLLATE utf8mb4_general_ci NULL DEFAULT NULL,
  `created_at` datetime(6) NULL DEFAULT NULL,
  `updated_at` datetime(6) NULL DEFAULT NULL,
  `published_at` datetime(6) NULL DEFAULT NULL,
  `created_by_id` int(10) UNSIGNED NULL DEFAULT NULL,
  `updated_by_id` int(10) UNSIGNED NULL DEFAULT NULL,
  `locale` varchar(255) CHARACTER SET utf8mb4 COLLATE utf8mb4_general_ci NULL DEFAULT NULL,
  PRIMARY KEY (`id`) USING BTREE,
  INDEX `footers_documents_idx`(`document_id`, `locale`, `published_at`) USING BTREE,
  INDEX `footers_created_by_id_fk`(`created_by_id`) USING BTREE,
  INDEX `footers_updated_by_id_fk`(`updated_by_id`) USING BTREE,
  CONSTRAINT `footers_created_by_id_fk` FOREIGN KEY (`created_by_id`) REFERENCES `admin_users` (`id`) ON DELETE SET NULL ON UPDATE RESTRICT,
  CONSTRAINT `footers_updated_by_id_fk` FOREIGN KEY (`updated_by_id`) REFERENCES `admin_users` (`id`) ON DELETE SET NULL ON UPDATE RESTRICT
) ENGINE = InnoDB AUTO_INCREMENT = 3 CHARACTER SET = utf8mb4 COLLATE = utf8mb4_general_ci ROW_FORMAT = Dynamic;

-- ----------------------------
-- Records of footers
-- ----------------------------
INSERT INTO `footers` VALUES (1, 'rjv4gk7xdmy61zo7anjgaq5s', 'info@cygpartners.com', '+971 56 322 1025', 'Boulevard, Dubai, UAE', ' Copyright 2025 CYG Partners. All rights reserved.', '2025-09-24 18:12:51.161000', '2025-09-24 18:12:51.161000', NULL, 1, 1, NULL);
INSERT INTO `footers` VALUES (2, 'rjv4gk7xdmy61zo7anjgaq5s', 'info@cygpartners.com', '+971 56 322 1025', 'Boulevard, Dubai, UAE', ' Copyright 2025 CYG Partners. All rights reserved.', '2025-09-24 18:12:51.161000', '2025-09-24 18:12:51.161000', '2025-09-24 18:12:51.194000', 1, 1, NULL);

-- ----------------------------
-- Table structure for home_hero_footer_logos
-- ----------------------------
DROP TABLE IF EXISTS `home_hero_footer_logos`;
CREATE TABLE `home_hero_footer_logos`  (
  `id` int(10) UNSIGNED NOT NULL AUTO_INCREMENT,
  `document_id` varchar(255) CHARACTER SET utf8mb4 COLLATE utf8mb4_general_ci NULL DEFAULT NULL,
  `brands` varchar(255) CHARACTER SET utf8mb4 COLLATE utf8mb4_general_ci NULL DEFAULT NULL,
  `quote` longtext CHARACTER SET utf8mb4 COLLATE utf8mb4_general_ci NULL,
  `created_at` datetime(6) NULL DEFAULT NULL,
  `updated_at` datetime(6) NULL DEFAULT NULL,
  `published_at` datetime(6) NULL DEFAULT NULL,
  `created_by_id` int(10) UNSIGNED NULL DEFAULT NULL,
  `updated_by_id` int(10) UNSIGNED NULL DEFAULT NULL,
  `locale` varchar(255) CHARACTER SET utf8mb4 COLLATE utf8mb4_general_ci NULL DEFAULT NULL,
  PRIMARY KEY (`id`) USING BTREE,
  INDEX `home_hero_footer_logos_documents_idx`(`document_id`, `locale`, `published_at`) USING BTREE,
  INDEX `home_hero_footer_logos_created_by_id_fk`(`created_by_id`) USING BTREE,
  INDEX `home_hero_footer_logos_updated_by_id_fk`(`updated_by_id`) USING BTREE,
  CONSTRAINT `home_hero_footer_logos_created_by_id_fk` FOREIGN KEY (`created_by_id`) REFERENCES `admin_users` (`id`) ON DELETE SET NULL ON UPDATE RESTRICT,
  CONSTRAINT `home_hero_footer_logos_updated_by_id_fk` FOREIGN KEY (`updated_by_id`) REFERENCES `admin_users` (`id`) ON DELETE SET NULL ON UPDATE RESTRICT
) ENGINE = InnoDB AUTO_INCREMENT = 3 CHARACTER SET = utf8mb4 COLLATE = utf8mb4_general_ci ROW_FORMAT = Dynamic;

-- ----------------------------
-- Records of home_hero_footer_logos
-- ----------------------------
INSERT INTO `home_hero_footer_logos` VALUES (1, 'hop9cikw4mfyhgh6usnpwyl8', 'Forbes', 'Incredibly reliable financial plan!', '2025-11-12 18:21:44.396000', '2025-11-12 18:21:44.396000', NULL, 2, 2, NULL);
INSERT INTO `home_hero_footer_logos` VALUES (2, 'hop9cikw4mfyhgh6usnpwyl8', 'Forbes', 'Incredibly reliable financial plan!', '2025-11-12 18:21:44.396000', '2025-11-12 18:21:44.396000', '2025-11-12 18:21:44.430000', 2, 2, NULL);

-- ----------------------------
-- Table structure for home_hero_sections
-- ----------------------------
DROP TABLE IF EXISTS `home_hero_sections`;
CREATE TABLE `home_hero_sections`  (
  `id` int(10) UNSIGNED NOT NULL AUTO_INCREMENT,
  `document_id` varchar(255) CHARACTER SET utf8mb4 COLLATE utf8mb4_general_ci NULL DEFAULT NULL,
  `title` varchar(255) CHARACTER SET utf8mb4 COLLATE utf8mb4_general_ci NULL DEFAULT NULL,
  `title_accent` varchar(255) CHARACTER SET utf8mb4 COLLATE utf8mb4_general_ci NULL DEFAULT NULL,
  `description` longtext CHARACTER SET utf8mb4 COLLATE utf8mb4_general_ci NULL,
  `text_align` varchar(255) CHARACTER SET utf8mb4 COLLATE utf8mb4_general_ci NULL DEFAULT NULL,
  `show_footer` tinyint(1) NULL DEFAULT NULL,
  `reviews_link` varchar(255) CHARACTER SET utf8mb4 COLLATE utf8mb4_general_ci NULL DEFAULT NULL,
  `created_at` datetime(6) NULL DEFAULT NULL,
  `updated_at` datetime(6) NULL DEFAULT NULL,
  `published_at` datetime(6) NULL DEFAULT NULL,
  `created_by_id` int(10) UNSIGNED NULL DEFAULT NULL,
  `updated_by_id` int(10) UNSIGNED NULL DEFAULT NULL,
  `locale` varchar(255) CHARACTER SET utf8mb4 COLLATE utf8mb4_general_ci NULL DEFAULT NULL,
  PRIMARY KEY (`id`) USING BTREE,
  INDEX `home_hero_sections_documents_idx`(`document_id`, `locale`, `published_at`) USING BTREE,
  INDEX `home_hero_sections_created_by_id_fk`(`created_by_id`) USING BTREE,
  INDEX `home_hero_sections_updated_by_id_fk`(`updated_by_id`) USING BTREE,
  CONSTRAINT `home_hero_sections_created_by_id_fk` FOREIGN KEY (`created_by_id`) REFERENCES `admin_users` (`id`) ON DELETE SET NULL ON UPDATE RESTRICT,
  CONSTRAINT `home_hero_sections_updated_by_id_fk` FOREIGN KEY (`updated_by_id`) REFERENCES `admin_users` (`id`) ON DELETE SET NULL ON UPDATE RESTRICT
) ENGINE = InnoDB AUTO_INCREMENT = 1 CHARACTER SET = utf8mb4 COLLATE = utf8mb4_general_ci ROW_FORMAT = Dynamic;

-- ----------------------------
-- Table structure for home_hero_sections_cmps
-- ----------------------------
DROP TABLE IF EXISTS `home_hero_sections_cmps`;
CREATE TABLE `home_hero_sections_cmps`  (
  `id` int(10) UNSIGNED NOT NULL AUTO_INCREMENT,
  `entity_id` int(10) UNSIGNED NULL DEFAULT NULL,
  `cmp_id` int(10) UNSIGNED NULL DEFAULT NULL,
  `component_type` varchar(255) CHARACTER SET utf8mb4 COLLATE utf8mb4_general_ci NULL DEFAULT NULL,
  `field` varchar(255) CHARACTER SET utf8mb4 COLLATE utf8mb4_general_ci NULL DEFAULT NULL,
  `order` double unsigned NULL,
  PRIMARY KEY (`id`) USING BTREE,
  UNIQUE INDEX `home_hero_sections_uq`(`entity_id`, `cmp_id`, `field`, `component_type`) USING BTREE,
  INDEX `home_hero_sections_field_idx`(`field`) USING BTREE,
  INDEX `home_hero_sections_component_type_idx`(`component_type`) USING BTREE,
  INDEX `home_hero_sections_entity_fk`(`entity_id`) USING BTREE,
  CONSTRAINT `home_hero_sections_entity_fk` FOREIGN KEY (`entity_id`) REFERENCES `home_hero_sections` (`id`) ON DELETE CASCADE ON UPDATE RESTRICT
) ENGINE = InnoDB AUTO_INCREMENT = 1 CHARACTER SET = utf8mb4 COLLATE = utf8mb4_general_ci ROW_FORMAT = Dynamic;

-- ----------------------------
-- Table structure for home_industry_perspectives
-- ----------------------------
DROP TABLE IF EXISTS `home_industry_perspectives`;
CREATE TABLE `home_industry_perspectives`  (
  `id` int(10) UNSIGNED NOT NULL AUTO_INCREMENT,
  `document_id` varchar(255) CHARACTER SET utf8mb4 COLLATE utf8mb4_general_ci NULL DEFAULT NULL,
  `title` varchar(255) CHARACTER SET utf8mb4 COLLATE utf8mb4_general_ci NULL DEFAULT NULL,
  `category_1` varchar(255) CHARACTER SET utf8mb4 COLLATE utf8mb4_general_ci NULL DEFAULT NULL,
  `category_2` varchar(255) CHARACTER SET utf8mb4 COLLATE utf8mb4_general_ci NULL DEFAULT NULL,
  `date` date NULL DEFAULT NULL,
  `href` varchar(255) CHARACTER SET utf8mb4 COLLATE utf8mb4_general_ci NULL DEFAULT NULL,
  `created_at` datetime(6) NULL DEFAULT NULL,
  `updated_at` datetime(6) NULL DEFAULT NULL,
  `published_at` datetime(6) NULL DEFAULT NULL,
  `created_by_id` int(10) UNSIGNED NULL DEFAULT NULL,
  `updated_by_id` int(10) UNSIGNED NULL DEFAULT NULL,
  `locale` varchar(255) CHARACTER SET utf8mb4 COLLATE utf8mb4_general_ci NULL DEFAULT NULL,
  PRIMARY KEY (`id`) USING BTREE,
  INDEX `home_industry_perspectives_documents_idx`(`document_id`, `locale`, `published_at`) USING BTREE,
  INDEX `home_industry_perspectives_created_by_id_fk`(`created_by_id`) USING BTREE,
  INDEX `home_industry_perspectives_updated_by_id_fk`(`updated_by_id`) USING BTREE,
  CONSTRAINT `home_industry_perspectives_created_by_id_fk` FOREIGN KEY (`created_by_id`) REFERENCES `admin_users` (`id`) ON DELETE SET NULL ON UPDATE RESTRICT,
  CONSTRAINT `home_industry_perspectives_updated_by_id_fk` FOREIGN KEY (`updated_by_id`) REFERENCES `admin_users` (`id`) ON DELETE SET NULL ON UPDATE RESTRICT
) ENGINE = InnoDB AUTO_INCREMENT = 1 CHARACTER SET = utf8mb4 COLLATE = utf8mb4_general_ci ROW_FORMAT = Dynamic;

-- ----------------------------
-- Table structure for home_stock_sections
-- ----------------------------
DROP TABLE IF EXISTS `home_stock_sections`;
CREATE TABLE `home_stock_sections`  (
  `id` int(10) UNSIGNED NOT NULL AUTO_INCREMENT,
  `document_id` varchar(255) CHARACTER SET utf8mb4 COLLATE utf8mb4_general_ci NULL DEFAULT NULL,
  `title` varchar(255) CHARACTER SET utf8mb4 COLLATE utf8mb4_general_ci NULL DEFAULT NULL,
  `title_accent` varchar(255) CHARACTER SET utf8mb4 COLLATE utf8mb4_general_ci NULL DEFAULT NULL,
  `description` longtext CHARACTER SET utf8mb4 COLLATE utf8mb4_general_ci NULL,
  `background_image_alt` varchar(255) CHARACTER SET utf8mb4 COLLATE utf8mb4_general_ci NULL DEFAULT NULL,
  `created_at` datetime(6) NULL DEFAULT NULL,
  `updated_at` datetime(6) NULL DEFAULT NULL,
  `published_at` datetime(6) NULL DEFAULT NULL,
  `created_by_id` int(10) UNSIGNED NULL DEFAULT NULL,
  `updated_by_id` int(10) UNSIGNED NULL DEFAULT NULL,
  `locale` varchar(255) CHARACTER SET utf8mb4 COLLATE utf8mb4_general_ci NULL DEFAULT NULL,
  PRIMARY KEY (`id`) USING BTREE,
  INDEX `home_stock_sections_documents_idx`(`document_id`, `locale`, `published_at`) USING BTREE,
  INDEX `home_stock_sections_created_by_id_fk`(`created_by_id`) USING BTREE,
  INDEX `home_stock_sections_updated_by_id_fk`(`updated_by_id`) USING BTREE,
  CONSTRAINT `home_stock_sections_created_by_id_fk` FOREIGN KEY (`created_by_id`) REFERENCES `admin_users` (`id`) ON DELETE SET NULL ON UPDATE RESTRICT,
  CONSTRAINT `home_stock_sections_updated_by_id_fk` FOREIGN KEY (`updated_by_id`) REFERENCES `admin_users` (`id`) ON DELETE SET NULL ON UPDATE RESTRICT
) ENGINE = InnoDB AUTO_INCREMENT = 1 CHARACTER SET = utf8mb4 COLLATE = utf8mb4_general_ci ROW_FORMAT = Dynamic;

-- ----------------------------
-- Table structure for home_strategic_growths
-- ----------------------------
DROP TABLE IF EXISTS `home_strategic_growths`;
CREATE TABLE `home_strategic_growths`  (
  `id` int(10) UNSIGNED NOT NULL AUTO_INCREMENT,
  `document_id` varchar(255) CHARACTER SET utf8mb4 COLLATE utf8mb4_general_ci NULL DEFAULT NULL,
  `title` varchar(255) CHARACTER SET utf8mb4 COLLATE utf8mb4_general_ci NULL DEFAULT NULL,
  `title_accent` varchar(255) CHARACTER SET utf8mb4 COLLATE utf8mb4_general_ci NULL DEFAULT NULL,
  `description` longtext CHARACTER SET utf8mb4 COLLATE utf8mb4_general_ci NULL,
  `button_text` varchar(255) CHARACTER SET utf8mb4 COLLATE utf8mb4_general_ci NULL DEFAULT NULL,
  `button_href` varchar(255) CHARACTER SET utf8mb4 COLLATE utf8mb4_general_ci NULL DEFAULT NULL,
  `created_at` datetime(6) NULL DEFAULT NULL,
  `updated_at` datetime(6) NULL DEFAULT NULL,
  `published_at` datetime(6) NULL DEFAULT NULL,
  `created_by_id` int(10) UNSIGNED NULL DEFAULT NULL,
  `updated_by_id` int(10) UNSIGNED NULL DEFAULT NULL,
  `locale` varchar(255) CHARACTER SET utf8mb4 COLLATE utf8mb4_general_ci NULL DEFAULT NULL,
  PRIMARY KEY (`id`) USING BTREE,
  INDEX `home_strategic_growths_documents_idx`(`document_id`, `locale`, `published_at`) USING BTREE,
  INDEX `home_strategic_growths_created_by_id_fk`(`created_by_id`) USING BTREE,
  INDEX `home_strategic_growths_updated_by_id_fk`(`updated_by_id`) USING BTREE,
  CONSTRAINT `home_strategic_growths_created_by_id_fk` FOREIGN KEY (`created_by_id`) REFERENCES `admin_users` (`id`) ON DELETE SET NULL ON UPDATE RESTRICT,
  CONSTRAINT `home_strategic_growths_updated_by_id_fk` FOREIGN KEY (`updated_by_id`) REFERENCES `admin_users` (`id`) ON DELETE SET NULL ON UPDATE RESTRICT
) ENGINE = InnoDB AUTO_INCREMENT = 1 CHARACTER SET = utf8mb4 COLLATE = utf8mb4_general_ci ROW_FORMAT = Dynamic;

-- ----------------------------
-- Table structure for i18n_locale
-- ----------------------------
DROP TABLE IF EXISTS `i18n_locale`;
CREATE TABLE `i18n_locale`  (
  `id` int(10) UNSIGNED NOT NULL AUTO_INCREMENT,
  `document_id` varchar(255) CHARACTER SET utf8mb4 COLLATE utf8mb4_general_ci NULL DEFAULT NULL,
  `name` varchar(255) CHARACTER SET utf8mb4 COLLATE utf8mb4_general_ci NULL DEFAULT NULL,
  `code` varchar(255) CHARACTER SET utf8mb4 COLLATE utf8mb4_general_ci NULL DEFAULT NULL,
  `created_at` datetime(6) NULL DEFAULT NULL,
  `updated_at` datetime(6) NULL DEFAULT NULL,
  `published_at` datetime(6) NULL DEFAULT NULL,
  `created_by_id` int(10) UNSIGNED NULL DEFAULT NULL,
  `updated_by_id` int(10) UNSIGNED NULL DEFAULT NULL,
  `locale` varchar(255) CHARACTER SET utf8mb4 COLLATE utf8mb4_general_ci NULL DEFAULT NULL,
  PRIMARY KEY (`id`) USING BTREE,
  INDEX `i18n_locale_documents_idx`(`document_id`, `locale`, `published_at`) USING BTREE,
  INDEX `i18n_locale_created_by_id_fk`(`created_by_id`) USING BTREE,
  INDEX `i18n_locale_updated_by_id_fk`(`updated_by_id`) USING BTREE,
  CONSTRAINT `i18n_locale_created_by_id_fk` FOREIGN KEY (`created_by_id`) REFERENCES `admin_users` (`id`) ON DELETE SET NULL ON UPDATE RESTRICT,
  CONSTRAINT `i18n_locale_updated_by_id_fk` FOREIGN KEY (`updated_by_id`) REFERENCES `admin_users` (`id`) ON DELETE SET NULL ON UPDATE RESTRICT
) ENGINE = InnoDB AUTO_INCREMENT = 2 CHARACTER SET = utf8mb4 COLLATE = utf8mb4_general_ci ROW_FORMAT = Dynamic;

-- ----------------------------
-- Records of i18n_locale
-- ----------------------------
INSERT INTO `i18n_locale` VALUES (1, 'cj5tmyqn383luksj9mwxdtc3', 'English (en)', 'en', '2025-09-19 14:41:50.150000', '2025-09-19 14:41:50.150000', '2025-09-19 14:41:50.151000', NULL, NULL, NULL);

-- ----------------------------
-- Table structure for industries
-- ----------------------------
DROP TABLE IF EXISTS `industries`;
CREATE TABLE `industries`  (
  `id` int(10) UNSIGNED NOT NULL AUTO_INCREMENT,
  `document_id` varchar(255) CHARACTER SET utf8mb4 COLLATE utf8mb4_general_ci NULL DEFAULT NULL,
  `title` varchar(255) CHARACTER SET utf8mb4 COLLATE utf8mb4_general_ci NULL DEFAULT NULL,
  `href` varchar(255) CHARACTER SET utf8mb4 COLLATE utf8mb4_general_ci NULL DEFAULT NULL,
  `order` int(11) NULL DEFAULT NULL,
  `created_at` datetime(6) NULL DEFAULT NULL,
  `updated_at` datetime(6) NULL DEFAULT NULL,
  `published_at` datetime(6) NULL DEFAULT NULL,
  `created_by_id` int(10) UNSIGNED NULL DEFAULT NULL,
  `updated_by_id` int(10) UNSIGNED NULL DEFAULT NULL,
  `locale` varchar(255) CHARACTER SET utf8mb4 COLLATE utf8mb4_general_ci NULL DEFAULT NULL,
  PRIMARY KEY (`id`) USING BTREE,
  INDEX `industries_documents_idx`(`document_id`, `locale`, `published_at`) USING BTREE,
  INDEX `industries_created_by_id_fk`(`created_by_id`) USING BTREE,
  INDEX `industries_updated_by_id_fk`(`updated_by_id`) USING BTREE,
  CONSTRAINT `industries_created_by_id_fk` FOREIGN KEY (`created_by_id`) REFERENCES `admin_users` (`id`) ON DELETE SET NULL ON UPDATE RESTRICT,
  CONSTRAINT `industries_updated_by_id_fk` FOREIGN KEY (`updated_by_id`) REFERENCES `admin_users` (`id`) ON DELETE SET NULL ON UPDATE RESTRICT
) ENGINE = InnoDB AUTO_INCREMENT = 3 CHARACTER SET = utf8mb4 COLLATE = utf8mb4_general_ci ROW_FORMAT = Dynamic;

-- ----------------------------
-- Records of industries
-- ----------------------------
INSERT INTO `industries` VALUES (1, 'ta4hry0oq8n8t0mf41gvi2za', 'Technology', '/services', 1, '2025-11-10 03:32:49.533000', '2025-11-10 03:32:57.007000', NULL, 2, 2, NULL);
INSERT INTO `industries` VALUES (2, 'ta4hry0oq8n8t0mf41gvi2za', 'Technology', '/services', 1, '2025-11-10 03:32:49.533000', '2025-11-10 03:32:57.007000', '2025-11-10 03:32:57.040000', 2, 2, NULL);

-- ----------------------------
-- Table structure for navigations
-- ----------------------------
DROP TABLE IF EXISTS `navigations`;
CREATE TABLE `navigations`  (
  `id` int(10) UNSIGNED NOT NULL AUTO_INCREMENT,
  `document_id` varchar(255) CHARACTER SET utf8mb4 COLLATE utf8mb4_general_ci NULL DEFAULT NULL,
  `created_at` datetime(6) NULL DEFAULT NULL,
  `updated_at` datetime(6) NULL DEFAULT NULL,
  `published_at` datetime(6) NULL DEFAULT NULL,
  `created_by_id` int(10) UNSIGNED NULL DEFAULT NULL,
  `updated_by_id` int(10) UNSIGNED NULL DEFAULT NULL,
  `locale` varchar(255) CHARACTER SET utf8mb4 COLLATE utf8mb4_general_ci NULL DEFAULT NULL,
  PRIMARY KEY (`id`) USING BTREE,
  INDEX `navigations_documents_idx`(`document_id`, `locale`, `published_at`) USING BTREE,
  INDEX `navigations_created_by_id_fk`(`created_by_id`) USING BTREE,
  INDEX `navigations_updated_by_id_fk`(`updated_by_id`) USING BTREE,
  CONSTRAINT `navigations_created_by_id_fk` FOREIGN KEY (`created_by_id`) REFERENCES `admin_users` (`id`) ON DELETE SET NULL ON UPDATE RESTRICT,
  CONSTRAINT `navigations_updated_by_id_fk` FOREIGN KEY (`updated_by_id`) REFERENCES `admin_users` (`id`) ON DELETE SET NULL ON UPDATE RESTRICT
) ENGINE = InnoDB AUTO_INCREMENT = 6 CHARACTER SET = utf8mb4 COLLATE = utf8mb4_general_ci ROW_FORMAT = Dynamic;

-- ----------------------------
-- Records of navigations
-- ----------------------------
INSERT INTO `navigations` VALUES (1, 'pp8t9uv2ncp7yc0h1fql2vot', '2025-09-24 18:09:24.952000', '2025-11-12 17:55:20.479000', NULL, 1, 2, NULL);
INSERT INTO `navigations` VALUES (5, 'pp8t9uv2ncp7yc0h1fql2vot', '2025-09-24 18:09:24.952000', '2025-11-12 17:55:20.479000', '2025-11-12 17:55:20.549000', 1, 2, NULL);

-- ----------------------------
-- Table structure for navigations_cmps
-- ----------------------------
DROP TABLE IF EXISTS `navigations_cmps`;
CREATE TABLE `navigations_cmps`  (
  `id` int(10) UNSIGNED NOT NULL AUTO_INCREMENT,
  `entity_id` int(10) UNSIGNED NULL DEFAULT NULL,
  `cmp_id` int(10) UNSIGNED NULL DEFAULT NULL,
  `component_type` varchar(255) CHARACTER SET utf8mb4 COLLATE utf8mb4_general_ci NULL DEFAULT NULL,
  `field` varchar(255) CHARACTER SET utf8mb4 COLLATE utf8mb4_general_ci NULL DEFAULT NULL,
  `order` double unsigned NULL,
  PRIMARY KEY (`id`) USING BTREE,
  UNIQUE INDEX `navigations_uq`(`entity_id`, `cmp_id`, `field`, `component_type`) USING BTREE,
  INDEX `navigations_field_idx`(`field`) USING BTREE,
  INDEX `navigations_component_type_idx`(`component_type`) USING BTREE,
  INDEX `navigations_entity_fk`(`entity_id`) USING BTREE,
  CONSTRAINT `navigations_entity_fk` FOREIGN KEY (`entity_id`) REFERENCES `navigations` (`id`) ON DELETE CASCADE ON UPDATE RESTRICT
) ENGINE = InnoDB AUTO_INCREMENT = 33 CHARACTER SET = utf8mb4 COLLATE = utf8mb4_general_ci ROW_FORMAT = Dynamic;

-- ----------------------------
-- Records of navigations_cmps
-- ----------------------------
INSERT INTO `navigations_cmps` VALUES (1, 1, 1, 'links.nav-link', 'navLinks', 1);
INSERT INTO `navigations_cmps` VALUES (2, 1, 2, 'links.nav-link', 'navLinks', 2);
INSERT INTO `navigations_cmps` VALUES (3, 1, 3, 'links.nav-link', 'navLinks', 3);
INSERT INTO `navigations_cmps` VALUES (4, 1, 4, 'links.nav-link', 'navLinks', 4);
INSERT INTO `navigations_cmps` VALUES (29, 5, 17, 'links.nav-link', 'navLinks', 1);
INSERT INTO `navigations_cmps` VALUES (30, 5, 18, 'links.nav-link', 'navLinks', 2);
INSERT INTO `navigations_cmps` VALUES (31, 5, 19, 'links.nav-link', 'navLinks', 3);
INSERT INTO `navigations_cmps` VALUES (32, 5, 20, 'links.nav-link', 'navLinks', 4);

-- ----------------------------
-- Table structure for office_locations
-- ----------------------------
DROP TABLE IF EXISTS `office_locations`;
CREATE TABLE `office_locations`  (
  `id` int(10) UNSIGNED NOT NULL AUTO_INCREMENT,
  `document_id` varchar(255) CHARACTER SET utf8mb4 COLLATE utf8mb4_general_ci NULL DEFAULT NULL,
  `title` varchar(255) CHARACTER SET utf8mb4 COLLATE utf8mb4_general_ci NULL DEFAULT NULL,
  `email` varchar(255) CHARACTER SET utf8mb4 COLLATE utf8mb4_general_ci NULL DEFAULT NULL,
  `phone` varchar(255) CHARACTER SET utf8mb4 COLLATE utf8mb4_general_ci NULL DEFAULT NULL,
  `office_type` varchar(255) CHARACTER SET utf8mb4 COLLATE utf8mb4_general_ci NULL DEFAULT NULL,
  `map_link` varchar(255) CHARACTER SET utf8mb4 COLLATE utf8mb4_general_ci NULL DEFAULT NULL,
  `created_at` datetime(6) NULL DEFAULT NULL,
  `updated_at` datetime(6) NULL DEFAULT NULL,
  `published_at` datetime(6) NULL DEFAULT NULL,
  `created_by_id` int(10) UNSIGNED NULL DEFAULT NULL,
  `updated_by_id` int(10) UNSIGNED NULL DEFAULT NULL,
  `locale` varchar(255) CHARACTER SET utf8mb4 COLLATE utf8mb4_general_ci NULL DEFAULT NULL,
  PRIMARY KEY (`id`) USING BTREE,
  INDEX `office_locations_documents_idx`(`document_id`, `locale`, `published_at`) USING BTREE,
  INDEX `office_locations_created_by_id_fk`(`created_by_id`) USING BTREE,
  INDEX `office_locations_updated_by_id_fk`(`updated_by_id`) USING BTREE,
  CONSTRAINT `office_locations_created_by_id_fk` FOREIGN KEY (`created_by_id`) REFERENCES `admin_users` (`id`) ON DELETE SET NULL ON UPDATE RESTRICT,
  CONSTRAINT `office_locations_updated_by_id_fk` FOREIGN KEY (`updated_by_id`) REFERENCES `admin_users` (`id`) ON DELETE SET NULL ON UPDATE RESTRICT
) ENGINE = InnoDB AUTO_INCREMENT = 5 CHARACTER SET = utf8mb4 COLLATE = utf8mb4_general_ci ROW_FORMAT = Dynamic;

-- ----------------------------
-- Records of office_locations
-- ----------------------------
INSERT INTO `office_locations` VALUES (1, 'xa42tfzfteagq5be8t3etycq', 'Dubai, UAE', 'info@cygpartners.com', '+971 56 322 1025', 'Main Office', 'https://maps.google.com/?q=Dubai+UAE', '2025-09-24 18:21:33.390000', '2025-09-24 18:21:33.390000', NULL, 1, 1, NULL);
INSERT INTO `office_locations` VALUES (2, 'xa42tfzfteagq5be8t3etycq', 'Dubai, UAE', 'info@cygpartners.com', '+971 56 322 1025', 'Main Office', 'https://maps.google.com/?q=Dubai+UAE', '2025-09-24 18:21:33.390000', '2025-09-24 18:21:33.390000', '2025-09-24 18:21:33.419000', 1, 1, NULL);
INSERT INTO `office_locations` VALUES (3, 'lx5r04musd8mrlufjzyil6v4', 'Beirut, Lebanon', 'info@cygpartners.com', '+961123456789', 'Regional Office', 'https://maps.google.com/?q=Beirut+Lebanon', '2025-09-24 18:22:11.051000', '2025-09-24 18:22:11.051000', NULL, 1, 1, NULL);
INSERT INTO `office_locations` VALUES (4, 'lx5r04musd8mrlufjzyil6v4', 'Beirut, Lebanon', 'info@cygpartners.com', '+961123456789', 'Regional Office', 'https://maps.google.com/?q=Beirut+Lebanon', '2025-09-24 18:22:11.051000', '2025-09-24 18:22:11.051000', '2025-09-24 18:22:11.080000', 1, 1, NULL);

-- ----------------------------
-- Table structure for page_hero_sections
-- ----------------------------
DROP TABLE IF EXISTS `page_hero_sections`;
CREATE TABLE `page_hero_sections`  (
  `id` int(10) UNSIGNED NOT NULL AUTO_INCREMENT,
  `document_id` varchar(255) CHARACTER SET utf8mb4 COLLATE utf8mb4_general_ci NULL DEFAULT NULL,
  `title` varchar(255) CHARACTER SET utf8mb4 COLLATE utf8mb4_general_ci NULL DEFAULT NULL,
  `title_accent` varchar(255) CHARACTER SET utf8mb4 COLLATE utf8mb4_general_ci NULL DEFAULT NULL,
  `description` longtext CHARACTER SET utf8mb4 COLLATE utf8mb4_general_ci NULL,
  `text_align` varchar(255) CHARACTER SET utf8mb4 COLLATE utf8mb4_general_ci NULL DEFAULT NULL,
  `show_footer` tinyint(1) NULL DEFAULT NULL,
  `review_link` varchar(255) CHARACTER SET utf8mb4 COLLATE utf8mb4_general_ci NULL DEFAULT NULL,
  `page_name` varchar(255) CHARACTER SET utf8mb4 COLLATE utf8mb4_general_ci NULL DEFAULT NULL,
  `created_at` datetime(6) NULL DEFAULT NULL,
  `updated_at` datetime(6) NULL DEFAULT NULL,
  `published_at` datetime(6) NULL DEFAULT NULL,
  `created_by_id` int(10) UNSIGNED NULL DEFAULT NULL,
  `updated_by_id` int(10) UNSIGNED NULL DEFAULT NULL,
  `locale` varchar(255) CHARACTER SET utf8mb4 COLLATE utf8mb4_general_ci NULL DEFAULT NULL,
  PRIMARY KEY (`id`) USING BTREE,
  INDEX `page_hero_sections_documents_idx`(`document_id`, `locale`, `published_at`) USING BTREE,
  INDEX `page_hero_sections_created_by_id_fk`(`created_by_id`) USING BTREE,
  INDEX `page_hero_sections_updated_by_id_fk`(`updated_by_id`) USING BTREE,
  CONSTRAINT `page_hero_sections_created_by_id_fk` FOREIGN KEY (`created_by_id`) REFERENCES `admin_users` (`id`) ON DELETE SET NULL ON UPDATE RESTRICT,
  CONSTRAINT `page_hero_sections_updated_by_id_fk` FOREIGN KEY (`updated_by_id`) REFERENCES `admin_users` (`id`) ON DELETE SET NULL ON UPDATE RESTRICT
) ENGINE = InnoDB AUTO_INCREMENT = 21 CHARACTER SET = utf8mb4 COLLATE = utf8mb4_general_ci ROW_FORMAT = Dynamic;

-- ----------------------------
-- Records of page_hero_sections
-- ----------------------------
INSERT INTO `page_hero_sections` VALUES (1, 'b7tzvqik0ahfi0j7hh9libkp', 'BehindX ', 'CYG Partners', 'Global advisors driving growth, performance, and confidence with tailored solutions.', 'left', NULL, NULL, 'about', '2025-09-24 18:05:52.611000', '2025-11-10 05:23:52.516000', NULL, 1, 2, NULL);
INSERT INTO `page_hero_sections` VALUES (3, 'a7hdpnpr6iqw7y3msb80b6l7', 'Trusted by Businesses atX', 'Every Stage', 'From bold founders to leading enterprises, we deliver clear strategies, financial insight, and lasting value across industries.', 'left', NULL, NULL, 'clients', '2025-09-24 18:15:06.039000', '2025-09-24 18:15:06.039000', NULL, 1, 1, NULL);
INSERT INTO `page_hero_sections` VALUES (4, 'a7hdpnpr6iqw7y3msb80b6l7', 'Trusted by Businesses atX', 'Every Stage', 'From bold founders to leading enterprises, we deliver clear strategies, financial insight, and lasting value across industries.', 'left', NULL, NULL, 'clients', '2025-09-24 18:15:06.039000', '2025-09-24 18:15:06.039000', '2025-09-24 18:15:06.079000', 1, 1, NULL);
INSERT INTO `page_hero_sections` VALUES (5, 'tcbuhc3l5v5nin51teab9l2t', 'Let\'s Talk About Your ', 'Next Move', 'Need help exploring strategic, sell-side, or buy-side advisory? Let us know, and one of our advisors will be in touch promptly.', 'center', NULL, NULL, 'contact', '2025-09-24 18:20:21.980000', '2025-09-24 18:20:21.980000', NULL, 1, 1, NULL);
INSERT INTO `page_hero_sections` VALUES (6, 'tcbuhc3l5v5nin51teab9l2t', 'Let\'s Talk About Your ', 'Next Move', 'Need help exploring strategic, sell-side, or buy-side advisory? Let us know, and one of our advisors will be in touch promptly.', 'center', NULL, NULL, 'contact', '2025-09-24 18:20:21.980000', '2025-09-24 18:20:21.980000', '2025-09-24 18:20:22.019000', 1, 1, NULL);
INSERT INTO `page_hero_sections` VALUES (7, 'xhc430fum7la8r6kpe9xgmym', 'Tailored Solutions to ', 'Maximize Value', 'Whether you\'re launching, scaling, or transforming, we deliver trusted guidance at a price that fits your business.', 'center', NULL, NULL, 'services', '2025-09-24 18:23:45.168000', '2025-11-10 07:01:51.784000', NULL, 1, 2, NULL);
INSERT INTO `page_hero_sections` VALUES (9, 'i0q4kqz73f086ydfqh60kzpp', 'Strategicx', 'Advisory', 'Transform your business with expert strategic guidance. From market analysis to growth strategies, we help you navigate complex business challenges and unlock your full potential.', 'left', NULL, NULL, 'service-strategic-advisory', '2025-09-24 18:42:51.606000', '2025-11-10 07:35:02.334000', NULL, 1, 2, NULL);
INSERT INTO `page_hero_sections` VALUES (11, 'tv4fjb52egg5od56hurf21kq', 'StrategicxX', 'Advisory', 'Transform your business with expert strategic guidance. From market analysis to growth strategies, we help you navigate complex business challenges and unlock your full potential.', 'left', NULL, NULL, 'service-sell-side', '2025-09-24 18:47:45.583000', '2025-11-10 07:34:51.296000', NULL, 1, 2, NULL);
INSERT INTO `page_hero_sections` VALUES (14, 'cm2jznb3hagrtqxbhj34v9qn', 'StrategicxXq', 'Advisory', 'Transform your business with expert strategic guidance. From market analysis to growth strategies, we help you navigate complex business challenges and unlock your full potential.', 'left', NULL, NULL, 'service-buy-side', '2025-09-24 18:48:37.175000', '2025-09-24 18:48:43.517000', NULL, 1, 1, NULL);
INSERT INTO `page_hero_sections` VALUES (15, 'cm2jznb3hagrtqxbhj34v9qn', 'StrategicxXq', 'Advisory', 'Transform your business with expert strategic guidance. From market analysis to growth strategies, we help you navigate complex business challenges and unlock your full potential.', 'left', NULL, NULL, 'service-buy-side', '2025-09-24 18:48:37.175000', '2025-09-24 18:48:43.517000', '2025-09-24 18:48:43.544000', 1, 1, NULL);
INSERT INTO `page_hero_sections` VALUES (16, 'b7tzvqik0ahfi0j7hh9libkp', 'BehindX ', 'CYG Partners', 'Global advisors driving growth, performance, and confidence with tailored solutions.', 'left', NULL, NULL, 'about', '2025-09-24 18:05:52.611000', '2025-11-10 05:23:52.516000', '2025-11-10 05:23:52.564000', 1, 2, NULL);
INSERT INTO `page_hero_sections` VALUES (17, 'xhc430fum7la8r6kpe9xgmym', 'Tailored Solutions to ', 'Maximize Value', 'Whether you\'re launching, scaling, or transforming, we deliver trusted guidance at a price that fits your business.', 'center', NULL, NULL, 'services', '2025-09-24 18:23:45.168000', '2025-11-10 07:01:51.784000', '2025-11-10 07:01:51.821000', 1, 2, NULL);
INSERT INTO `page_hero_sections` VALUES (19, 'tv4fjb52egg5od56hurf21kq', 'StrategicxX', 'Advisory', 'Transform your business with expert strategic guidance. From market analysis to growth strategies, we help you navigate complex business challenges and unlock your full potential.', 'left', NULL, NULL, 'service-sell-side', '2025-09-24 18:47:45.583000', '2025-11-10 07:34:51.296000', '2025-11-10 07:34:51.338000', 1, 2, NULL);
INSERT INTO `page_hero_sections` VALUES (20, 'i0q4kqz73f086ydfqh60kzpp', 'Strategicx', 'Advisory', 'Transform your business with expert strategic guidance. From market analysis to growth strategies, we help you navigate complex business challenges and unlock your full potential.', 'left', NULL, NULL, 'service-strategic-advisory', '2025-09-24 18:42:51.606000', '2025-11-10 07:35:02.334000', '2025-11-10 07:35:02.364000', 1, 2, NULL);

-- ----------------------------
-- Table structure for page_hero_sections_cmps
-- ----------------------------
DROP TABLE IF EXISTS `page_hero_sections_cmps`;
CREATE TABLE `page_hero_sections_cmps`  (
  `id` int(10) UNSIGNED NOT NULL AUTO_INCREMENT,
  `entity_id` int(10) UNSIGNED NULL DEFAULT NULL,
  `cmp_id` int(10) UNSIGNED NULL DEFAULT NULL,
  `component_type` varchar(255) CHARACTER SET utf8mb4 COLLATE utf8mb4_general_ci NULL DEFAULT NULL,
  `field` varchar(255) CHARACTER SET utf8mb4 COLLATE utf8mb4_general_ci NULL DEFAULT NULL,
  `order` double unsigned NULL,
  PRIMARY KEY (`id`) USING BTREE,
  UNIQUE INDEX `page_hero_sections_uq`(`entity_id`, `cmp_id`, `field`, `component_type`) USING BTREE,
  INDEX `page_hero_sections_field_idx`(`field`) USING BTREE,
  INDEX `page_hero_sections_component_type_idx`(`component_type`) USING BTREE,
  INDEX `page_hero_sections_entity_fk`(`entity_id`) USING BTREE,
  CONSTRAINT `page_hero_sections_entity_fk` FOREIGN KEY (`entity_id`) REFERENCES `page_hero_sections` (`id`) ON DELETE CASCADE ON UPDATE RESTRICT
) ENGINE = InnoDB AUTO_INCREMENT = 35 CHARACTER SET = utf8mb4 COLLATE = utf8mb4_general_ci ROW_FORMAT = Dynamic;

-- ----------------------------
-- Records of page_hero_sections_cmps
-- ----------------------------
INSERT INTO `page_hero_sections_cmps` VALUES (1, 1, 1, 'hero-buttons.hero-button', 'HeroButton', 1);
INSERT INTO `page_hero_sections_cmps` VALUES (2, 1, 2, 'hero-buttons.hero-button', 'HeroButton', 2);
INSERT INTO `page_hero_sections_cmps` VALUES (5, 3, 5, 'hero-buttons.hero-button', 'HeroButton', 1);
INSERT INTO `page_hero_sections_cmps` VALUES (6, 3, 6, 'hero-buttons.hero-button', 'HeroButton', 2);
INSERT INTO `page_hero_sections_cmps` VALUES (7, 4, 7, 'hero-buttons.hero-button', 'HeroButton', 1);
INSERT INTO `page_hero_sections_cmps` VALUES (8, 4, 8, 'hero-buttons.hero-button', 'HeroButton', 2);
INSERT INTO `page_hero_sections_cmps` VALUES (9, 5, 9, 'hero-buttons.hero-button', 'HeroButton', 1);
INSERT INTO `page_hero_sections_cmps` VALUES (10, 6, 10, 'hero-buttons.hero-button', 'HeroButton', 1);
INSERT INTO `page_hero_sections_cmps` VALUES (11, 7, 11, 'hero-buttons.hero-button', 'HeroButton', 1);
INSERT INTO `page_hero_sections_cmps` VALUES (13, 9, 13, 'hero-buttons.hero-button', 'HeroButton', 1);
INSERT INTO `page_hero_sections_cmps` VALUES (15, 11, 15, 'hero-buttons.hero-button', 'HeroButton', 1);
INSERT INTO `page_hero_sections_cmps` VALUES (20, 14, 18, 'hero-buttons.hero-button', 'HeroButton', 1);
INSERT INTO `page_hero_sections_cmps` VALUES (22, 15, 19, 'hero-buttons.hero-button', 'HeroButton', 1);
INSERT INTO `page_hero_sections_cmps` VALUES (25, 16, 20, 'hero-buttons.hero-button', 'HeroButton', 1);
INSERT INTO `page_hero_sections_cmps` VALUES (26, 16, 21, 'hero-buttons.hero-button', 'HeroButton', 2);
INSERT INTO `page_hero_sections_cmps` VALUES (28, 17, 22, 'hero-buttons.hero-button', 'HeroButton', 1);
INSERT INTO `page_hero_sections_cmps` VALUES (32, 19, 24, 'hero-buttons.hero-button', 'HeroButton', 1);
INSERT INTO `page_hero_sections_cmps` VALUES (34, 20, 25, 'hero-buttons.hero-button', 'HeroButton', 1);

-- ----------------------------
-- Table structure for page_sections
-- ----------------------------
DROP TABLE IF EXISTS `page_sections`;
CREATE TABLE `page_sections`  (
  `id` int(10) UNSIGNED NOT NULL AUTO_INCREMENT,
  `document_id` varchar(255) CHARACTER SET utf8mb4 COLLATE utf8mb4_general_ci NULL DEFAULT NULL,
  `section_id` varchar(255) CHARACTER SET utf8mb4 COLLATE utf8mb4_general_ci NULL DEFAULT NULL,
  `title` varchar(255) CHARACTER SET utf8mb4 COLLATE utf8mb4_general_ci NULL DEFAULT NULL,
  `title_accent` varchar(255) CHARACTER SET utf8mb4 COLLATE utf8mb4_general_ci NULL DEFAULT NULL,
  `description` longtext CHARACTER SET utf8mb4 COLLATE utf8mb4_general_ci NULL,
  `created_at` datetime(6) NULL DEFAULT NULL,
  `updated_at` datetime(6) NULL DEFAULT NULL,
  `published_at` datetime(6) NULL DEFAULT NULL,
  `created_by_id` int(10) UNSIGNED NULL DEFAULT NULL,
  `updated_by_id` int(10) UNSIGNED NULL DEFAULT NULL,
  `locale` varchar(255) CHARACTER SET utf8mb4 COLLATE utf8mb4_general_ci NULL DEFAULT NULL,
  PRIMARY KEY (`id`) USING BTREE,
  INDEX `page_sections_documents_idx`(`document_id`, `locale`, `published_at`) USING BTREE,
  INDEX `page_sections_created_by_id_fk`(`created_by_id`) USING BTREE,
  INDEX `page_sections_updated_by_id_fk`(`updated_by_id`) USING BTREE,
  CONSTRAINT `page_sections_created_by_id_fk` FOREIGN KEY (`created_by_id`) REFERENCES `admin_users` (`id`) ON DELETE SET NULL ON UPDATE RESTRICT,
  CONSTRAINT `page_sections_updated_by_id_fk` FOREIGN KEY (`updated_by_id`) REFERENCES `admin_users` (`id`) ON DELETE SET NULL ON UPDATE RESTRICT
) ENGINE = InnoDB AUTO_INCREMENT = 12 CHARACTER SET = utf8mb4 COLLATE = utf8mb4_general_ci ROW_FORMAT = Dynamic;

-- ----------------------------
-- Records of page_sections
-- ----------------------------
INSERT INTO `page_sections` VALUES (1, 'v5bqqsgn0sj180dexs7n2mua', 'about-page-hero', 'Transparent Advice,', 'Lasting ResultsX', 'Deliver transparent, precise advisory that empowers companies at every stage to achieve lasting results.\n\n', '2025-09-24 18:03:40.679000', '2025-09-24 18:03:40.679000', NULL, 1, 1, NULL);
INSERT INTO `page_sections` VALUES (2, 'v5bqqsgn0sj180dexs7n2mua', 'about-page-hero', 'Transparent Advice,', 'Lasting ResultsX', 'Deliver transparent, precise advisory that empowers companies at every stage to achieve lasting results.\n\n', '2025-09-24 18:03:40.679000', '2025-09-24 18:03:40.679000', '2025-09-24 18:03:40.715000', 1, 1, NULL);
INSERT INTO `page_sections` VALUES (3, 'rqdn23u2epx4tgphxkq9s5y7', 'buy-side-hero', 'Driving SmarterXXX', 'Growth', 'Expert support for businesses and entrepreneurs. From performance tracking to strategic decision-making, we guide you every step of the way.\n\n', '2025-09-24 18:46:03.161000', '2025-09-24 18:46:48.350000', NULL, 1, 1, NULL);
INSERT INTO `page_sections` VALUES (5, 'dkhrbiuccjcoybtl2y7bsr6z', 'strategic-advisory-hero', 'Driving SmarterX', 'Growth', 'Expert support for businesses and entrepreneurs. From performance tracking to strategic decision-making, we guide you every step of the way.\n\n', '2025-09-24 18:46:18.097000', '2025-09-24 18:46:19.400000', NULL, 1, 1, NULL);
INSERT INTO `page_sections` VALUES (6, 'dkhrbiuccjcoybtl2y7bsr6z', 'strategic-advisory-hero', 'Driving SmarterX', 'Growth', 'Expert support for businesses and entrepreneurs. From performance tracking to strategic decision-making, we guide you every step of the way.\n\n', '2025-09-24 18:46:18.097000', '2025-09-24 18:46:19.400000', '2025-09-24 18:46:19.424000', 1, 1, NULL);
INSERT INTO `page_sections` VALUES (7, 'wmemdj99mdl0hfgwq7nu3xbs', 'sell-side-hero', 'Driving SmarterXX', 'Growth', 'Expert support for businesses and entrepreneurs. From performance tracking to strategic decision-making, we guide you every step of the way.\n\n', '2025-09-24 18:46:22.517000', '2025-09-24 18:47:22.268000', NULL, 1, 1, NULL);
INSERT INTO `page_sections` VALUES (10, 'rqdn23u2epx4tgphxkq9s5y7', 'buy-side-hero', 'Driving SmarterXXX', 'Growth', 'Expert support for businesses and entrepreneurs. From performance tracking to strategic decision-making, we guide you every step of the way.\n\n', '2025-09-24 18:46:03.161000', '2025-09-24 18:46:48.350000', '2025-09-24 18:46:48.371000', 1, 1, NULL);
INSERT INTO `page_sections` VALUES (11, 'wmemdj99mdl0hfgwq7nu3xbs', 'sell-side-hero', 'Driving SmarterXX', 'Growth', 'Expert support for businesses and entrepreneurs. From performance tracking to strategic decision-making, we guide you every step of the way.\n\n', '2025-09-24 18:46:22.517000', '2025-09-24 18:47:22.268000', '2025-09-24 18:47:22.310000', 1, 1, NULL);

-- ----------------------------
-- Table structure for page_service_sections
-- ----------------------------
DROP TABLE IF EXISTS `page_service_sections`;
CREATE TABLE `page_service_sections`  (
  `id` int(10) UNSIGNED NOT NULL AUTO_INCREMENT,
  `document_id` varchar(255) CHARACTER SET utf8mb4 COLLATE utf8mb4_general_ci NULL DEFAULT NULL,
  `page_name` varchar(255) CHARACTER SET utf8mb4 COLLATE utf8mb4_general_ci NULL DEFAULT NULL,
  `title` varchar(255) CHARACTER SET utf8mb4 COLLATE utf8mb4_general_ci NULL DEFAULT NULL,
  `title_accent` varchar(255) CHARACTER SET utf8mb4 COLLATE utf8mb4_general_ci NULL DEFAULT NULL,
  `description` longtext CHARACTER SET utf8mb4 COLLATE utf8mb4_general_ci NULL,
  `background_gradient` varchar(255) CHARACTER SET utf8mb4 COLLATE utf8mb4_general_ci NULL DEFAULT NULL,
  `show_special_service` tinyint(1) NULL DEFAULT NULL,
  `clickable_cards` tinyint(1) NULL DEFAULT NULL,
  `created_at` datetime(6) NULL DEFAULT NULL,
  `updated_at` datetime(6) NULL DEFAULT NULL,
  `published_at` datetime(6) NULL DEFAULT NULL,
  `created_by_id` int(10) UNSIGNED NULL DEFAULT NULL,
  `updated_by_id` int(10) UNSIGNED NULL DEFAULT NULL,
  `locale` varchar(255) CHARACTER SET utf8mb4 COLLATE utf8mb4_general_ci NULL DEFAULT NULL,
  PRIMARY KEY (`id`) USING BTREE,
  INDEX `page_service_sections_documents_idx`(`document_id`, `locale`, `published_at`) USING BTREE,
  INDEX `page_service_sections_created_by_id_fk`(`created_by_id`) USING BTREE,
  INDEX `page_service_sections_updated_by_id_fk`(`updated_by_id`) USING BTREE,
  CONSTRAINT `page_service_sections_created_by_id_fk` FOREIGN KEY (`created_by_id`) REFERENCES `admin_users` (`id`) ON DELETE SET NULL ON UPDATE RESTRICT,
  CONSTRAINT `page_service_sections_updated_by_id_fk` FOREIGN KEY (`updated_by_id`) REFERENCES `admin_users` (`id`) ON DELETE SET NULL ON UPDATE RESTRICT
) ENGINE = InnoDB AUTO_INCREMENT = 11 CHARACTER SET = utf8mb4 COLLATE = utf8mb4_general_ci ROW_FORMAT = Dynamic;

-- ----------------------------
-- Records of page_service_sections
-- ----------------------------
INSERT INTO `page_service_sections` VALUES (1, 'ouj386mq5j2fmrnh8t52xlsj', 'about', 'What We', 'Create Together', 'At CYG, we deliver for investors by building businesses that power tomorrows economy.', 'linear-gradient(180deg, #83685B 0%, #979797 100.02%)', NULL, NULL, '2025-09-24 18:07:32.804000', '2025-09-24 18:07:32.804000', NULL, 1, 1, NULL);
INSERT INTO `page_service_sections` VALUES (2, 'ouj386mq5j2fmrnh8t52xlsj', 'about', 'What We', 'Create Together', 'At CYG, we deliver for investors by building businesses that power tomorrows economy.', 'linear-gradient(180deg, #83685B 0%, #979797 100.02%)', NULL, NULL, '2025-09-24 18:07:32.804000', '2025-09-24 18:07:32.804000', '2025-09-24 18:07:32.857000', 1, 1, NULL);
INSERT INTO `page_service_sections` VALUES (3, 'mexsxgsdg1otftmlvg95shem', 'clients', 'Tailored Advisory for ', 'Every Stage', 'From startups to scale-ups, our advisory services deliver clarity, focus, and results  tailored to your goals.', 'linear-gradient(180deg, #0A2445 0%, #979797 100.02%)', NULL, NULL, '2025-09-24 18:17:49.513000', '2025-09-24 18:17:49.513000', NULL, 1, 1, NULL);
INSERT INTO `page_service_sections` VALUES (4, 'mexsxgsdg1otftmlvg95shem', 'clients', 'Tailored Advisory for ', 'Every Stage', 'From startups to scale-ups, our advisory services deliver clarity, focus, and results  tailored to your goals.', 'linear-gradient(180deg, #0A2445 0%, #979797 100.02%)', NULL, NULL, '2025-09-24 18:17:49.513000', '2025-09-24 18:17:49.513000', '2025-09-24 18:17:49.565000', 1, 1, NULL);
INSERT INTO `page_service_sections` VALUES (5, 'a9wjy9g2guht53lbxcb7z05x', 'service-strategic-advisory', 'Grow Boldly.', 'Think Strategically', 'Strategic Advisory to overcome challenges, unlock growth, and reach long-term goals  with expert insights and practical support.\n\n', 'linear-gradient(rgb(32, 56, 41) 0%, rgb(151, 151, 151) 100.02%)', NULL, NULL, '2025-09-24 18:50:24.148000', '2025-09-24 18:50:24.148000', NULL, 1, 1, NULL);
INSERT INTO `page_service_sections` VALUES (6, 'a9wjy9g2guht53lbxcb7z05x', 'service-strategic-advisory', 'Grow Boldly.', 'Think Strategically', 'Strategic Advisory to overcome challenges, unlock growth, and reach long-term goals  with expert insights and practical support.\n\n', 'linear-gradient(rgb(32, 56, 41) 0%, rgb(151, 151, 151) 100.02%)', NULL, NULL, '2025-09-24 18:50:24.148000', '2025-09-24 18:50:24.148000', '2025-09-24 18:50:24.188000', 1, 1, NULL);
INSERT INTO `page_service_sections` VALUES (7, 'pwzya68whnyctgvwidr58fxl', 'service-buy-side', 'Grow Boldly.', 'Think StrategicallyX', 'Strategic Advisory to overcome challenges, unlock growth, and reach long-term goals  with expert insights and practical support.', 'linear-gradient(rgb(32, 56, 41) 0%, rgb(151, 151, 151) 100.02%)', NULL, NULL, '2025-09-24 18:52:03.858000', '2025-09-24 18:52:03.858000', NULL, 1, 1, NULL);
INSERT INTO `page_service_sections` VALUES (8, 'pwzya68whnyctgvwidr58fxl', 'service-buy-side', 'Grow Boldly.', 'Think StrategicallyX', 'Strategic Advisory to overcome challenges, unlock growth, and reach long-term goals  with expert insights and practical support.', 'linear-gradient(rgb(32, 56, 41) 0%, rgb(151, 151, 151) 100.02%)', NULL, NULL, '2025-09-24 18:52:03.858000', '2025-09-24 18:52:03.858000', '2025-09-24 18:52:03.901000', 1, 1, NULL);
INSERT INTO `page_service_sections` VALUES (9, 'lyobrf6u1g4udilo1pa5m870', 'service-sell-side', 'Grow Boldly.', 'Think StrategicallyXXq', 'Strategic Advisory to overcome challenges, unlock growth, and reach long-term goals  with expert insights and practical support.', 'linear-gradient(rgb(32, 56, 41) 0%, rgb(151, 151, 151) 100.02%)', NULL, NULL, '2025-09-24 18:52:43.926000', '2025-09-24 18:53:24.160000', NULL, 1, 1, NULL);
INSERT INTO `page_service_sections` VALUES (10, 'lyobrf6u1g4udilo1pa5m870', 'service-sell-side', 'Grow Boldly.', 'Think StrategicallyXXq', 'Strategic Advisory to overcome challenges, unlock growth, and reach long-term goals  with expert insights and practical support.', 'linear-gradient(rgb(32, 56, 41) 0%, rgb(151, 151, 151) 100.02%)', NULL, NULL, '2025-09-24 18:52:43.926000', '2025-09-24 18:53:24.160000', '2025-09-24 18:53:24.192000', 1, 1, NULL);

-- ----------------------------
-- Table structure for page_service_sections_cmps
-- ----------------------------
DROP TABLE IF EXISTS `page_service_sections_cmps`;
CREATE TABLE `page_service_sections_cmps`  (
  `id` int(10) UNSIGNED NOT NULL AUTO_INCREMENT,
  `entity_id` int(10) UNSIGNED NULL DEFAULT NULL,
  `cmp_id` int(10) UNSIGNED NULL DEFAULT NULL,
  `component_type` varchar(255) CHARACTER SET utf8mb4 COLLATE utf8mb4_general_ci NULL DEFAULT NULL,
  `field` varchar(255) CHARACTER SET utf8mb4 COLLATE utf8mb4_general_ci NULL DEFAULT NULL,
  `order` double unsigned NULL,
  PRIMARY KEY (`id`) USING BTREE,
  UNIQUE INDEX `page_service_sections_uq`(`entity_id`, `cmp_id`, `field`, `component_type`) USING BTREE,
  INDEX `page_service_sections_field_idx`(`field`) USING BTREE,
  INDEX `page_service_sections_component_type_idx`(`component_type`) USING BTREE,
  INDEX `page_service_sections_entity_fk`(`entity_id`) USING BTREE,
  CONSTRAINT `page_service_sections_entity_fk` FOREIGN KEY (`entity_id`) REFERENCES `page_service_sections` (`id`) ON DELETE CASCADE ON UPDATE RESTRICT
) ENGINE = InnoDB AUTO_INCREMENT = 12 CHARACTER SET = utf8mb4 COLLATE = utf8mb4_general_ci ROW_FORMAT = Dynamic;

-- ----------------------------
-- Records of page_service_sections_cmps
-- ----------------------------
INSERT INTO `page_service_sections_cmps` VALUES (1, 1, 1, 'services.services', 'services', 1);
INSERT INTO `page_service_sections_cmps` VALUES (2, 2, 2, 'services.services', 'services', 1);
INSERT INTO `page_service_sections_cmps` VALUES (3, 3, 3, 'services.services', 'services', 1);
INSERT INTO `page_service_sections_cmps` VALUES (4, 4, 4, 'services.services', 'services', 1);
INSERT INTO `page_service_sections_cmps` VALUES (5, 5, 5, 'services.services', 'services', 1);
INSERT INTO `page_service_sections_cmps` VALUES (6, 6, 6, 'services.services', 'services', 1);
INSERT INTO `page_service_sections_cmps` VALUES (7, 7, 7, 'services.services', 'services', 1);
INSERT INTO `page_service_sections_cmps` VALUES (8, 8, 8, 'services.services', 'services', 1);
INSERT INTO `page_service_sections_cmps` VALUES (9, 9, 9, 'services.services', 'services', 1);
INSERT INTO `page_service_sections_cmps` VALUES (11, 10, 10, 'services.services', 'services', 1);

-- ----------------------------
-- Table structure for service_details
-- ----------------------------
DROP TABLE IF EXISTS `service_details`;
CREATE TABLE `service_details`  (
  `id` int(10) UNSIGNED NOT NULL AUTO_INCREMENT,
  `document_id` varchar(255) CHARACTER SET utf8mb4 COLLATE utf8mb4_general_ci NULL DEFAULT NULL,
  `overview` longtext CHARACTER SET utf8mb4 COLLATE utf8mb4_general_ci NULL,
  `cta_title` varchar(255) CHARACTER SET utf8mb4 COLLATE utf8mb4_general_ci NULL DEFAULT NULL,
  `cta_title_accent` varchar(255) CHARACTER SET utf8mb4 COLLATE utf8mb4_general_ci NULL DEFAULT NULL,
  `cta_button_text` varchar(255) CHARACTER SET utf8mb4 COLLATE utf8mb4_general_ci NULL DEFAULT NULL,
  `created_at` datetime(6) NULL DEFAULT NULL,
  `updated_at` datetime(6) NULL DEFAULT NULL,
  `published_at` datetime(6) NULL DEFAULT NULL,
  `created_by_id` int(10) UNSIGNED NULL DEFAULT NULL,
  `updated_by_id` int(10) UNSIGNED NULL DEFAULT NULL,
  `locale` varchar(255) CHARACTER SET utf8mb4 COLLATE utf8mb4_general_ci NULL DEFAULT NULL,
  PRIMARY KEY (`id`) USING BTREE,
  INDEX `service_details_documents_idx`(`document_id`, `locale`, `published_at`) USING BTREE,
  INDEX `service_details_created_by_id_fk`(`created_by_id`) USING BTREE,
  INDEX `service_details_updated_by_id_fk`(`updated_by_id`) USING BTREE,
  CONSTRAINT `service_details_created_by_id_fk` FOREIGN KEY (`created_by_id`) REFERENCES `admin_users` (`id`) ON DELETE SET NULL ON UPDATE RESTRICT,
  CONSTRAINT `service_details_updated_by_id_fk` FOREIGN KEY (`updated_by_id`) REFERENCES `admin_users` (`id`) ON DELETE SET NULL ON UPDATE RESTRICT
) ENGINE = InnoDB AUTO_INCREMENT = 1 CHARACTER SET = utf8mb4 COLLATE = utf8mb4_general_ci ROW_FORMAT = Dynamic;

-- ----------------------------
-- Table structure for service_details_cmps
-- ----------------------------
DROP TABLE IF EXISTS `service_details_cmps`;
CREATE TABLE `service_details_cmps`  (
  `id` int(10) UNSIGNED NOT NULL AUTO_INCREMENT,
  `entity_id` int(10) UNSIGNED NULL DEFAULT NULL,
  `cmp_id` int(10) UNSIGNED NULL DEFAULT NULL,
  `component_type` varchar(255) CHARACTER SET utf8mb4 COLLATE utf8mb4_general_ci NULL DEFAULT NULL,
  `field` varchar(255) CHARACTER SET utf8mb4 COLLATE utf8mb4_general_ci NULL DEFAULT NULL,
  `order` double unsigned NULL,
  PRIMARY KEY (`id`) USING BTREE,
  UNIQUE INDEX `service_details_uq`(`entity_id`, `cmp_id`, `field`, `component_type`) USING BTREE,
  INDEX `service_details_field_idx`(`field`) USING BTREE,
  INDEX `service_details_component_type_idx`(`component_type`) USING BTREE,
  INDEX `service_details_entity_fk`(`entity_id`) USING BTREE,
  CONSTRAINT `service_details_entity_fk` FOREIGN KEY (`entity_id`) REFERENCES `service_details` (`id`) ON DELETE CASCADE ON UPDATE RESTRICT
) ENGINE = InnoDB AUTO_INCREMENT = 1 CHARACTER SET = utf8mb4 COLLATE = utf8mb4_general_ci ROW_FORMAT = Dynamic;

-- ----------------------------
-- Table structure for service_details_service_lnk
-- ----------------------------
DROP TABLE IF EXISTS `service_details_service_lnk`;
CREATE TABLE `service_details_service_lnk`  (
  `id` int(10) UNSIGNED NOT NULL AUTO_INCREMENT,
  `service_detail_id` int(10) UNSIGNED NULL DEFAULT NULL,
  `service_id` int(10) UNSIGNED NULL DEFAULT NULL,
  PRIMARY KEY (`id`) USING BTREE,
  UNIQUE INDEX `service_details_service_lnk_uq`(`service_detail_id`, `service_id`) USING BTREE,
  INDEX `service_details_service_lnk_fk`(`service_detail_id`) USING BTREE,
  INDEX `service_details_service_lnk_ifk`(`service_id`) USING BTREE,
  CONSTRAINT `service_details_service_lnk_fk` FOREIGN KEY (`service_detail_id`) REFERENCES `service_details` (`id`) ON DELETE CASCADE ON UPDATE RESTRICT,
  CONSTRAINT `service_details_service_lnk_ifk` FOREIGN KEY (`service_id`) REFERENCES `services` (`id`) ON DELETE CASCADE ON UPDATE RESTRICT
) ENGINE = InnoDB AUTO_INCREMENT = 1 CHARACTER SET = utf8mb4 COLLATE = utf8mb4_general_ci ROW_FORMAT = Dynamic;

-- ----------------------------
-- Table structure for services
-- ----------------------------
DROP TABLE IF EXISTS `services`;
CREATE TABLE `services`  (
  `id` int(10) UNSIGNED NOT NULL AUTO_INCREMENT,
  `document_id` varchar(255) CHARACTER SET utf8mb4 COLLATE utf8mb4_general_ci NULL DEFAULT NULL,
  `title` varchar(255) CHARACTER SET utf8mb4 COLLATE utf8mb4_general_ci NULL DEFAULT NULL,
  `title_accent` varchar(255) CHARACTER SET utf8mb4 COLLATE utf8mb4_general_ci NULL DEFAULT NULL,
  `description` longtext CHARACTER SET utf8mb4 COLLATE utf8mb4_general_ci NULL,
  `image_alt` varchar(255) CHARACTER SET utf8mb4 COLLATE utf8mb4_general_ci NULL DEFAULT NULL,
  `button_text` varchar(255) CHARACTER SET utf8mb4 COLLATE utf8mb4_general_ci NULL DEFAULT NULL,
  `button_href` varchar(255) CHARACTER SET utf8mb4 COLLATE utf8mb4_general_ci NULL DEFAULT NULL,
  `service_key` varchar(255) CHARACTER SET utf8mb4 COLLATE utf8mb4_general_ci NULL DEFAULT NULL,
  `created_at` datetime(6) NULL DEFAULT NULL,
  `updated_at` datetime(6) NULL DEFAULT NULL,
  `published_at` datetime(6) NULL DEFAULT NULL,
  `created_by_id` int(10) UNSIGNED NULL DEFAULT NULL,
  `updated_by_id` int(10) UNSIGNED NULL DEFAULT NULL,
  `locale` varchar(255) CHARACTER SET utf8mb4 COLLATE utf8mb4_general_ci NULL DEFAULT NULL,
  PRIMARY KEY (`id`) USING BTREE,
  INDEX `services_documents_idx`(`document_id`, `locale`, `published_at`) USING BTREE,
  INDEX `services_created_by_id_fk`(`created_by_id`) USING BTREE,
  INDEX `services_updated_by_id_fk`(`updated_by_id`) USING BTREE,
  CONSTRAINT `services_created_by_id_fk` FOREIGN KEY (`created_by_id`) REFERENCES `admin_users` (`id`) ON DELETE SET NULL ON UPDATE RESTRICT,
  CONSTRAINT `services_updated_by_id_fk` FOREIGN KEY (`updated_by_id`) REFERENCES `admin_users` (`id`) ON DELETE SET NULL ON UPDATE RESTRICT
) ENGINE = InnoDB AUTO_INCREMENT = 10 CHARACTER SET = utf8mb4 COLLATE = utf8mb4_general_ci ROW_FORMAT = Dynamic;

-- ----------------------------
-- Records of services
-- ----------------------------
INSERT INTO `services` VALUES (1, 'fmu41244iuf20xva7jn5ud1v', 'Explore', 'Strategic', 'Full-cycle guidance through the sales process  from valuation to closing.', 'Arrows', 'Learn More', '/services/strategic-advisory', 'strategic', '2025-09-19 15:42:57.079000', '2025-11-10 15:52:18.509000', NULL, 1, 2, NULL);
INSERT INTO `services` VALUES (3, 'ub9nifsuv63wo7e2i0it4ntw', 'Explore', 'Sell-Side', 'Full-cycle guidance through the sales process  from valuation to closing.', 'sell side icon', 'Learn More', '/services/sell-side', 'sell-side', '2025-09-19 15:56:19.716000', '2025-09-19 15:56:19.716000', NULL, 1, 1, NULL);
INSERT INTO `services` VALUES (4, 'ub9nifsuv63wo7e2i0it4ntw', 'Explore', 'Sell-Side', 'Full-cycle guidance through the sales process  from valuation to closing.', 'sell side icon', 'Learn More', '/services/sell-side', 'sell-side', '2025-09-19 15:56:19.716000', '2025-09-19 15:56:19.716000', '2025-09-19 15:56:19.749000', 1, 1, NULL);
INSERT INTO `services` VALUES (5, 'f7sqt0ejklloez4nf0f8e6bc', 'Explore', 'Buy-Side', 'Full-cycle guidance through the sales process  from valuation to closing.', 'buy side icon', 'Learn More', '/services/buy-side', 'buy-side', '2025-09-19 15:57:16.367000', '2025-09-19 15:57:16.367000', NULL, 1, 1, NULL);
INSERT INTO `services` VALUES (6, 'f7sqt0ejklloez4nf0f8e6bc', 'Explore', 'Buy-Side', 'Full-cycle guidance through the sales process  from valuation to closing.', 'buy side icon', 'Learn More', '/services/buy-side', 'buy-side', '2025-09-19 15:57:16.367000', '2025-09-19 15:57:16.367000', '2025-09-19 15:57:16.399000', 1, 1, NULL);
INSERT INTO `services` VALUES (9, 'fmu41244iuf20xva7jn5ud1v', 'Explore', 'Strategic', 'Full-cycle guidance through the sales process  from valuation to closing.', 'Arrows', 'Learn More', '/services/strategic-advisory', 'strategic', '2025-09-19 15:42:57.079000', '2025-11-10 15:52:18.509000', '2025-11-10 15:52:18.581000', 1, 2, NULL);

-- ----------------------------
-- Table structure for services_cmps
-- ----------------------------
DROP TABLE IF EXISTS `services_cmps`;
CREATE TABLE `services_cmps`  (
  `id` int(10) UNSIGNED NOT NULL AUTO_INCREMENT,
  `entity_id` int(10) UNSIGNED NULL DEFAULT NULL,
  `cmp_id` int(10) UNSIGNED NULL DEFAULT NULL,
  `component_type` varchar(255) CHARACTER SET utf8mb4 COLLATE utf8mb4_general_ci NULL DEFAULT NULL,
  `field` varchar(255) CHARACTER SET utf8mb4 COLLATE utf8mb4_general_ci NULL DEFAULT NULL,
  `order` double unsigned NULL,
  PRIMARY KEY (`id`) USING BTREE,
  UNIQUE INDEX `services_uq`(`entity_id`, `cmp_id`, `field`, `component_type`) USING BTREE,
  INDEX `services_field_idx`(`field`) USING BTREE,
  INDEX `services_component_type_idx`(`component_type`) USING BTREE,
  INDEX `services_entity_fk`(`entity_id`) USING BTREE,
  CONSTRAINT `services_entity_fk` FOREIGN KEY (`entity_id`) REFERENCES `services` (`id`) ON DELETE CASCADE ON UPDATE RESTRICT
) ENGINE = InnoDB AUTO_INCREMENT = 5 CHARACTER SET = utf8mb4 COLLATE = utf8mb4_general_ci ROW_FORMAT = Dynamic;

-- ----------------------------
-- Records of services_cmps
-- ----------------------------
INSERT INTO `services_cmps` VALUES (1, 1, 1, 'service.sub-services', 'SubServices', 1);
INSERT INTO `services_cmps` VALUES (4, 9, 3, 'service.sub-services', 'SubServices', 1);

-- ----------------------------
-- Table structure for strapi_api_token_permissions
-- ----------------------------
DROP TABLE IF EXISTS `strapi_api_token_permissions`;
CREATE TABLE `strapi_api_token_permissions`  (
  `id` int(10) UNSIGNED NOT NULL AUTO_INCREMENT,
  `document_id` varchar(255) CHARACTER SET utf8mb4 COLLATE utf8mb4_general_ci NULL DEFAULT NULL,
  `action` varchar(255) CHARACTER SET utf8mb4 COLLATE utf8mb4_general_ci NULL DEFAULT NULL,
  `created_at` datetime(6) NULL DEFAULT NULL,
  `updated_at` datetime(6) NULL DEFAULT NULL,
  `published_at` datetime(6) NULL DEFAULT NULL,
  `created_by_id` int(10) UNSIGNED NULL DEFAULT NULL,
  `updated_by_id` int(10) UNSIGNED NULL DEFAULT NULL,
  `locale` varchar(255) CHARACTER SET utf8mb4 COLLATE utf8mb4_general_ci NULL DEFAULT NULL,
  PRIMARY KEY (`id`) USING BTREE,
  INDEX `strapi_api_token_permissions_documents_idx`(`document_id`, `locale`, `published_at`) USING BTREE,
  INDEX `strapi_api_token_permissions_created_by_id_fk`(`created_by_id`) USING BTREE,
  INDEX `strapi_api_token_permissions_updated_by_id_fk`(`updated_by_id`) USING BTREE,
  CONSTRAINT `strapi_api_token_permissions_created_by_id_fk` FOREIGN KEY (`created_by_id`) REFERENCES `admin_users` (`id`) ON DELETE SET NULL ON UPDATE RESTRICT,
  CONSTRAINT `strapi_api_token_permissions_updated_by_id_fk` FOREIGN KEY (`updated_by_id`) REFERENCES `admin_users` (`id`) ON DELETE SET NULL ON UPDATE RESTRICT
) ENGINE = InnoDB AUTO_INCREMENT = 1 CHARACTER SET = utf8mb4 COLLATE = utf8mb4_general_ci ROW_FORMAT = Dynamic;

-- ----------------------------
-- Table structure for strapi_api_token_permissions_token_lnk
-- ----------------------------
DROP TABLE IF EXISTS `strapi_api_token_permissions_token_lnk`;
CREATE TABLE `strapi_api_token_permissions_token_lnk`  (
  `id` int(10) UNSIGNED NOT NULL AUTO_INCREMENT,
  `api_token_permission_id` int(10) UNSIGNED NULL DEFAULT NULL,
  `api_token_id` int(10) UNSIGNED NULL DEFAULT NULL,
  `api_token_permission_ord` double unsigned NULL,
  PRIMARY KEY (`id`) USING BTREE,
  UNIQUE INDEX `strapi_api_token_permissions_token_lnk_uq`(`api_token_permission_id`, `api_token_id`) USING BTREE,
  INDEX `strapi_api_token_permissions_token_lnk_fk`(`api_token_permission_id`) USING BTREE,
  INDEX `strapi_api_token_permissions_token_lnk_ifk`(`api_token_id`) USING BTREE,
  INDEX `strapi_api_token_permissions_token_lnk_oifk`(`api_token_permission_ord`) USING BTREE,
  CONSTRAINT `strapi_api_token_permissions_token_lnk_fk` FOREIGN KEY (`api_token_permission_id`) REFERENCES `strapi_api_token_permissions` (`id`) ON DELETE CASCADE ON UPDATE RESTRICT,
  CONSTRAINT `strapi_api_token_permissions_token_lnk_ifk` FOREIGN KEY (`api_token_id`) REFERENCES `strapi_api_tokens` (`id`) ON DELETE CASCADE ON UPDATE RESTRICT
) ENGINE = InnoDB AUTO_INCREMENT = 1 CHARACTER SET = utf8mb4 COLLATE = utf8mb4_general_ci ROW_FORMAT = Dynamic;

-- ----------------------------
-- Table structure for strapi_api_tokens
-- ----------------------------
DROP TABLE IF EXISTS `strapi_api_tokens`;
CREATE TABLE `strapi_api_tokens`  (
  `id` int(10) UNSIGNED NOT NULL AUTO_INCREMENT,
  `document_id` varchar(255) CHARACTER SET utf8mb4 COLLATE utf8mb4_general_ci NULL DEFAULT NULL,
  `name` varchar(255) CHARACTER SET utf8mb4 COLLATE utf8mb4_general_ci NULL DEFAULT NULL,
  `description` varchar(255) CHARACTER SET utf8mb4 COLLATE utf8mb4_general_ci NULL DEFAULT NULL,
  `type` varchar(255) CHARACTER SET utf8mb4 COLLATE utf8mb4_general_ci NULL DEFAULT NULL,
  `access_key` varchar(255) CHARACTER SET utf8mb4 COLLATE utf8mb4_general_ci NULL DEFAULT NULL,
  `encrypted_key` longtext CHARACTER SET utf8mb4 COLLATE utf8mb4_general_ci NULL,
  `last_used_at` datetime(6) NULL DEFAULT NULL,
  `expires_at` datetime(6) NULL DEFAULT NULL,
  `lifespan` bigint(20) NULL DEFAULT NULL,
  `created_at` datetime(6) NULL DEFAULT NULL,
  `updated_at` datetime(6) NULL DEFAULT NULL,
  `published_at` datetime(6) NULL DEFAULT NULL,
  `created_by_id` int(10) UNSIGNED NULL DEFAULT NULL,
  `updated_by_id` int(10) UNSIGNED NULL DEFAULT NULL,
  `locale` varchar(255) CHARACTER SET utf8mb4 COLLATE utf8mb4_general_ci NULL DEFAULT NULL,
  PRIMARY KEY (`id`) USING BTREE,
  INDEX `strapi_api_tokens_documents_idx`(`document_id`, `locale`, `published_at`) USING BTREE,
  INDEX `strapi_api_tokens_created_by_id_fk`(`created_by_id`) USING BTREE,
  INDEX `strapi_api_tokens_updated_by_id_fk`(`updated_by_id`) USING BTREE,
  CONSTRAINT `strapi_api_tokens_created_by_id_fk` FOREIGN KEY (`created_by_id`) REFERENCES `admin_users` (`id`) ON DELETE SET NULL ON UPDATE RESTRICT,
  CONSTRAINT `strapi_api_tokens_updated_by_id_fk` FOREIGN KEY (`updated_by_id`) REFERENCES `admin_users` (`id`) ON DELETE SET NULL ON UPDATE RESTRICT
) ENGINE = InnoDB AUTO_INCREMENT = 3 CHARACTER SET = utf8mb4 COLLATE = utf8mb4_general_ci ROW_FORMAT = Dynamic;

-- ----------------------------
-- Records of strapi_api_tokens
-- ----------------------------
INSERT INTO `strapi_api_tokens` VALUES (1, 'kn5untpy3ocfyxrpb0zt6zyr', 'Read Only', 'A default API token with read-only permissions, only used for accessing resources', 'read-only', '3100a85bee7a726326ddd53c66e49a46de66846362948688be9bc6919c22f7a8f1a6fe28ff5d5c69b383d73671d1d92018b97029630a2810223ac34a2f5703d2', 'v1:b614408e1f5b49008c93cc241fc836a5:48b75752d4da9e6d66386c89e653fef7ab75555e41cded9c526d83bd2850ff5cd5be8c958e1f2da4f2bbc87d25319a4bf105088acc5701a5e9cc4a551d195ae9fb60d4988ad462984411449201dc3758962d3dac626755f5a60f726a759aa18de94695dfab39636674fbf15672cd469a79fd236ff085f9bb8eecc5855304bc91cc0c00c1859f8dd0ce1fb6ab7f5cfbe1939098d0aad51f6f6d57f18d20370c7589d5ab9a4b89f32a96e4827aae331d002dcb6b6913ecea664b01ea3f5ec0d515f9f6c709787f10edb85661c2aa31b72976ac084b0f8305c97ac0964abd0d73e8d7f3433ecb20ca3b7eea94399bb0e497e7cedca8f37edbab808f07c0b798bc9a:6e4a90461a739900e205b37c46964089', NULL, NULL, NULL, '2025-09-19 14:41:50.829000', '2025-09-19 14:41:50.829000', '2025-09-19 14:41:50.829000', NULL, NULL, NULL);
INSERT INTO `strapi_api_tokens` VALUES (2, 'dq1xdj6j9t53llse2hledtxj', 'Full Access', 'A default API token with full access permissions, used for accessing or modifying resources', 'full-access', 'b6b2f9f979454c4b56b8cf193afcad1e46f6bac7620b1fef9eb23c72c78940d3924f44da126a391f61d5c9b0edc4ccc5900d094b171c1ee6699eb2d9ecb5cd3b', 'v1:c88b7656997b52a15bb98c67bed96d27:30b92bc82280f95d7a3769ec73f0fc97bb546e7ab389c1adf0f4f708c8dc36a93344d26bd777826a60c469316fa85847b0d35ca021ebbd1dadf4632e5d577ebd44607e7128ab1ec1619684773e50f9e88b9549c24f48541633cb7d71946f72e124763ca50673ff2b6ab69c0c8bb35a87bc2b5e546ef9fee5a6c3a20291fbda306d75a6e073fb4e0dd69f33db402eecfc91cea4f3d9f4979ab4780de0987cb1edbe02611e0c2e5b4a88aeedee6c14065595a390a7ef84eb82e3365806b59be8233eb7c092c86134820999666166ff292e12616c851a32d2d48524972835df59ed3191430b30edb7f0d06ed610ab1cb4198e60f5554512089a5e8094003a84f6d8:96b4439f21f01686f0c82e376aae9439', NULL, NULL, NULL, '2025-09-19 14:41:50.836000', '2025-09-19 14:41:50.836000', '2025-09-19 14:41:50.836000', NULL, NULL, NULL);

-- ----------------------------
-- Table structure for strapi_core_store_settings
-- ----------------------------
DROP TABLE IF EXISTS `strapi_core_store_settings`;
CREATE TABLE `strapi_core_store_settings`  (
  `id` int(10) UNSIGNED NOT NULL AUTO_INCREMENT,
  `key` varchar(255) CHARACTER SET utf8mb4 COLLATE utf8mb4_general_ci NULL DEFAULT NULL,
  `value` longtext CHARACTER SET utf8mb4 COLLATE utf8mb4_general_ci NULL,
  `type` varchar(255) CHARACTER SET utf8mb4 COLLATE utf8mb4_general_ci NULL DEFAULT NULL,
  `environment` varchar(255) CHARACTER SET utf8mb4 COLLATE utf8mb4_general_ci NULL DEFAULT NULL,
  `tag` varchar(255) CHARACTER SET utf8mb4 COLLATE utf8mb4_general_ci NULL DEFAULT NULL,
  PRIMARY KEY (`id`) USING BTREE
) ENGINE = InnoDB AUTO_INCREMENT = 61 CHARACTER SET = utf8mb4 COLLATE = utf8mb4_general_ci ROW_FORMAT = Dynamic;

-- ----------------------------
-- Records of strapi_core_store_settings
-- ----------------------------
INSERT INTO `strapi_core_store_settings` VALUES (1, 'strapi_content_types_schema', '{\"plugin::upload.file\":{\"collectionName\":\"files\",\"info\":{\"singularName\":\"file\",\"pluralName\":\"files\",\"displayName\":\"File\",\"description\":\"\"},\"options\":{\"draftAndPublish\":false},\"pluginOptions\":{\"content-manager\":{\"visible\":false},\"content-type-builder\":{\"visible\":false}},\"attributes\":{\"name\":{\"type\":\"string\",\"configurable\":false,\"required\":true},\"alternativeText\":{\"type\":\"string\",\"configurable\":false},\"caption\":{\"type\":\"string\",\"configurable\":false},\"width\":{\"type\":\"integer\",\"configurable\":false},\"height\":{\"type\":\"integer\",\"configurable\":false},\"formats\":{\"type\":\"json\",\"configurable\":false},\"hash\":{\"type\":\"string\",\"configurable\":false,\"required\":true},\"ext\":{\"type\":\"string\",\"configurable\":false},\"mime\":{\"type\":\"string\",\"configurable\":false,\"required\":true},\"size\":{\"type\":\"decimal\",\"configurable\":false,\"required\":true},\"url\":{\"type\":\"string\",\"configurable\":false,\"required\":true},\"previewUrl\":{\"type\":\"string\",\"configurable\":false},\"provider\":{\"type\":\"string\",\"configurable\":false,\"required\":true},\"provider_metadata\":{\"type\":\"json\",\"configurable\":false},\"related\":{\"type\":\"relation\",\"relation\":\"morphToMany\",\"configurable\":false},\"folder\":{\"type\":\"relation\",\"relation\":\"manyToOne\",\"target\":\"plugin::upload.folder\",\"inversedBy\":\"files\",\"private\":true},\"folderPath\":{\"type\":\"string\",\"minLength\":1,\"required\":true,\"private\":true,\"searchable\":false},\"createdAt\":{\"type\":\"datetime\"},\"updatedAt\":{\"type\":\"datetime\"},\"publishedAt\":{\"type\":\"datetime\",\"configurable\":false,\"writable\":true,\"visible\":false},\"createdBy\":{\"type\":\"relation\",\"relation\":\"oneToOne\",\"target\":\"admin::user\",\"configurable\":false,\"writable\":false,\"visible\":false,\"useJoinTable\":false,\"private\":true},\"updatedBy\":{\"type\":\"relation\",\"relation\":\"oneToOne\",\"target\":\"admin::user\",\"configurable\":false,\"writable\":false,\"visible\":false,\"useJoinTable\":false,\"private\":true},\"locale\":{\"writable\":true,\"private\":true,\"configurable\":false,\"visible\":false,\"type\":\"string\"},\"localizations\":{\"type\":\"relation\",\"relation\":\"oneToMany\",\"target\":\"plugin::upload.file\",\"writable\":false,\"private\":true,\"configurable\":false,\"visible\":false,\"unstable_virtual\":true,\"joinColumn\":{\"name\":\"document_id\",\"referencedColumn\":\"document_id\",\"referencedTable\":\"files\"}}},\"indexes\":[{\"name\":\"upload_files_folder_path_index\",\"columns\":[\"folder_path\"],\"type\":null},{\"name\":\"upload_files_created_at_index\",\"columns\":[\"created_at\"],\"type\":null},{\"name\":\"upload_files_updated_at_index\",\"columns\":[\"updated_at\"],\"type\":null},{\"name\":\"upload_files_name_index\",\"columns\":[\"name\"],\"type\":null},{\"name\":\"upload_files_size_index\",\"columns\":[\"size\"],\"type\":null},{\"name\":\"upload_files_ext_index\",\"columns\":[\"ext\"],\"type\":null}],\"plugin\":\"upload\",\"globalId\":\"UploadFile\",\"uid\":\"plugin::upload.file\",\"modelType\":\"contentType\",\"kind\":\"collectionType\",\"__schema__\":{\"collectionName\":\"files\",\"info\":{\"singularName\":\"file\",\"pluralName\":\"files\",\"displayName\":\"File\",\"description\":\"\"},\"options\":{},\"pluginOptions\":{\"content-manager\":{\"visible\":false},\"content-type-builder\":{\"visible\":false}},\"attributes\":{\"name\":{\"type\":\"string\",\"configurable\":false,\"required\":true},\"alternativeText\":{\"type\":\"string\",\"configurable\":false},\"caption\":{\"type\":\"string\",\"configurable\":false},\"width\":{\"type\":\"integer\",\"configurable\":false},\"height\":{\"type\":\"integer\",\"configurable\":false},\"formats\":{\"type\":\"json\",\"configurable\":false},\"hash\":{\"type\":\"string\",\"configurable\":false,\"required\":true},\"ext\":{\"type\":\"string\",\"configurable\":false},\"mime\":{\"type\":\"string\",\"configurable\":false,\"required\":true},\"size\":{\"type\":\"decimal\",\"configurable\":false,\"required\":true},\"url\":{\"type\":\"string\",\"configurable\":false,\"required\":true},\"previewUrl\":{\"type\":\"string\",\"configurable\":false},\"provider\":{\"type\":\"string\",\"configurable\":false,\"required\":true},\"provider_metadata\":{\"type\":\"json\",\"configurable\":false},\"related\":{\"type\":\"relation\",\"relation\":\"morphToMany\",\"configurable\":false},\"folder\":{\"type\":\"relation\",\"relation\":\"manyToOne\",\"target\":\"plugin::upload.folder\",\"inversedBy\":\"files\",\"private\":true},\"folderPath\":{\"type\":\"string\",\"minLength\":1,\"required\":true,\"private\":true,\"searchable\":false}},\"kind\":\"collectionType\"},\"modelName\":\"file\"},\"plugin::upload.folder\":{\"collectionName\":\"upload_folders\",\"info\":{\"singularName\":\"folder\",\"pluralName\":\"folders\",\"displayName\":\"Folder\"},\"options\":{\"draftAndPublish\":false},\"pluginOptions\":{\"content-manager\":{\"visible\":false},\"content-type-builder\":{\"visible\":false}},\"attributes\":{\"name\":{\"type\":\"string\",\"minLength\":1,\"required\":true},\"pathId\":{\"type\":\"integer\",\"unique\":true,\"required\":true},\"parent\":{\"type\":\"relation\",\"relation\":\"manyToOne\",\"target\":\"plugin::upload.folder\",\"inversedBy\":\"children\"},\"children\":{\"type\":\"relation\",\"relation\":\"oneToMany\",\"target\":\"plugin::upload.folder\",\"mappedBy\":\"parent\"},\"files\":{\"type\":\"relation\",\"relation\":\"oneToMany\",\"target\":\"plugin::upload.file\",\"mappedBy\":\"folder\"},\"path\":{\"type\":\"string\",\"minLength\":1,\"required\":true},\"createdAt\":{\"type\":\"datetime\"},\"updatedAt\":{\"type\":\"datetime\"},\"publishedAt\":{\"type\":\"datetime\",\"configurable\":false,\"writable\":true,\"visible\":false},\"createdBy\":{\"type\":\"relation\",\"relation\":\"oneToOne\",\"target\":\"admin::user\",\"configurable\":false,\"writable\":false,\"visible\":false,\"useJoinTable\":false,\"private\":true},\"updatedBy\":{\"type\":\"relation\",\"relation\":\"oneToOne\",\"target\":\"admin::user\",\"configurable\":false,\"writable\":false,\"visible\":false,\"useJoinTable\":false,\"private\":true},\"locale\":{\"writable\":true,\"private\":true,\"configurable\":false,\"visible\":false,\"type\":\"string\"},\"localizations\":{\"type\":\"relation\",\"relation\":\"oneToMany\",\"target\":\"plugin::upload.folder\",\"writable\":false,\"private\":true,\"configurable\":false,\"visible\":false,\"unstable_virtual\":true,\"joinColumn\":{\"name\":\"document_id\",\"referencedColumn\":\"document_id\",\"referencedTable\":\"upload_folders\"}}},\"indexes\":[{\"name\":\"upload_folders_path_id_index\",\"columns\":[\"path_id\"],\"type\":\"unique\"},{\"name\":\"upload_folders_path_index\",\"columns\":[\"path\"],\"type\":\"unique\"}],\"plugin\":\"upload\",\"globalId\":\"UploadFolder\",\"uid\":\"plugin::upload.folder\",\"modelType\":\"contentType\",\"kind\":\"collectionType\",\"__schema__\":{\"collectionName\":\"upload_folders\",\"info\":{\"singularName\":\"folder\",\"pluralName\":\"folders\",\"displayName\":\"Folder\"},\"options\":{},\"pluginOptions\":{\"content-manager\":{\"visible\":false},\"content-type-builder\":{\"visible\":false}},\"attributes\":{\"name\":{\"type\":\"string\",\"minLength\":1,\"required\":true},\"pathId\":{\"type\":\"integer\",\"unique\":true,\"required\":true},\"parent\":{\"type\":\"relation\",\"relation\":\"manyToOne\",\"target\":\"plugin::upload.folder\",\"inversedBy\":\"children\"},\"children\":{\"type\":\"relation\",\"relation\":\"oneToMany\",\"target\":\"plugin::upload.folder\",\"mappedBy\":\"parent\"},\"files\":{\"type\":\"relation\",\"relation\":\"oneToMany\",\"target\":\"plugin::upload.file\",\"mappedBy\":\"folder\"},\"path\":{\"type\":\"string\",\"minLength\":1,\"required\":true}},\"kind\":\"collectionType\"},\"modelName\":\"folder\"},\"plugin::i18n.locale\":{\"info\":{\"singularName\":\"locale\",\"pluralName\":\"locales\",\"collectionName\":\"locales\",\"displayName\":\"Locale\",\"description\":\"\"},\"options\":{\"draftAndPublish\":false},\"pluginOptions\":{\"content-manager\":{\"visible\":false},\"content-type-builder\":{\"visible\":false}},\"attributes\":{\"name\":{\"type\":\"string\",\"min\":1,\"max\":50,\"configurable\":false},\"code\":{\"type\":\"string\",\"unique\":true,\"configurable\":false},\"createdAt\":{\"type\":\"datetime\"},\"updatedAt\":{\"type\":\"datetime\"},\"publishedAt\":{\"type\":\"datetime\",\"configurable\":false,\"writable\":true,\"visible\":false},\"createdBy\":{\"type\":\"relation\",\"relation\":\"oneToOne\",\"target\":\"admin::user\",\"configurable\":false,\"writable\":false,\"visible\":false,\"useJoinTable\":false,\"private\":true},\"updatedBy\":{\"type\":\"relation\",\"relation\":\"oneToOne\",\"target\":\"admin::user\",\"configurable\":false,\"writable\":false,\"visible\":false,\"useJoinTable\":false,\"private\":true},\"locale\":{\"writable\":true,\"private\":true,\"configurable\":false,\"visible\":false,\"type\":\"string\"},\"localizations\":{\"type\":\"relation\",\"relation\":\"oneToMany\",\"target\":\"plugin::i18n.locale\",\"writable\":false,\"private\":true,\"configurable\":false,\"visible\":false,\"unstable_virtual\":true,\"joinColumn\":{\"name\":\"document_id\",\"referencedColumn\":\"document_id\",\"referencedTable\":\"i18n_locale\"}}},\"plugin\":\"i18n\",\"collectionName\":\"i18n_locale\",\"globalId\":\"I18NLocale\",\"uid\":\"plugin::i18n.locale\",\"modelType\":\"contentType\",\"kind\":\"collectionType\",\"__schema__\":{\"collectionName\":\"i18n_locale\",\"info\":{\"singularName\":\"locale\",\"pluralName\":\"locales\",\"collectionName\":\"locales\",\"displayName\":\"Locale\",\"description\":\"\"},\"options\":{},\"pluginOptions\":{\"content-manager\":{\"visible\":false},\"content-type-builder\":{\"visible\":false}},\"attributes\":{\"name\":{\"type\":\"string\",\"min\":1,\"max\":50,\"configurable\":false},\"code\":{\"type\":\"string\",\"unique\":true,\"configurable\":false}},\"kind\":\"collectionType\"},\"modelName\":\"locale\"},\"plugin::content-releases.release\":{\"collectionName\":\"strapi_releases\",\"info\":{\"singularName\":\"release\",\"pluralName\":\"releases\",\"displayName\":\"Release\"},\"options\":{\"draftAndPublish\":false},\"pluginOptions\":{\"content-manager\":{\"visible\":false},\"content-type-builder\":{\"visible\":false}},\"attributes\":{\"name\":{\"type\":\"string\",\"required\":true},\"releasedAt\":{\"type\":\"datetime\"},\"scheduledAt\":{\"type\":\"datetime\"},\"timezone\":{\"type\":\"string\"},\"status\":{\"type\":\"enumeration\",\"enum\":[\"ready\",\"blocked\",\"failed\",\"done\",\"empty\"],\"required\":true},\"actions\":{\"type\":\"relation\",\"relation\":\"oneToMany\",\"target\":\"plugin::content-releases.release-action\",\"mappedBy\":\"release\"},\"createdAt\":{\"type\":\"datetime\"},\"updatedAt\":{\"type\":\"datetime\"},\"publishedAt\":{\"type\":\"datetime\",\"configurable\":false,\"writable\":true,\"visible\":false},\"createdBy\":{\"type\":\"relation\",\"relation\":\"oneToOne\",\"target\":\"admin::user\",\"configurable\":false,\"writable\":false,\"visible\":false,\"useJoinTable\":false,\"private\":true},\"updatedBy\":{\"type\":\"relation\",\"relation\":\"oneToOne\",\"target\":\"admin::user\",\"configurable\":false,\"writable\":false,\"visible\":false,\"useJoinTable\":false,\"private\":true},\"locale\":{\"writable\":true,\"private\":true,\"configurable\":false,\"visible\":false,\"type\":\"string\"},\"localizations\":{\"type\":\"relation\",\"relation\":\"oneToMany\",\"target\":\"plugin::content-releases.release\",\"writable\":false,\"private\":true,\"configurable\":false,\"visible\":false,\"unstable_virtual\":true,\"joinColumn\":{\"name\":\"document_id\",\"referencedColumn\":\"document_id\",\"referencedTable\":\"strapi_releases\"}}},\"plugin\":\"content-releases\",\"globalId\":\"ContentReleasesRelease\",\"uid\":\"plugin::content-releases.release\",\"modelType\":\"contentType\",\"kind\":\"collectionType\",\"__schema__\":{\"collectionName\":\"strapi_releases\",\"info\":{\"singularName\":\"release\",\"pluralName\":\"releases\",\"displayName\":\"Release\"},\"options\":{\"draftAndPublish\":false},\"pluginOptions\":{\"content-manager\":{\"visible\":false},\"content-type-builder\":{\"visible\":false}},\"attributes\":{\"name\":{\"type\":\"string\",\"required\":true},\"releasedAt\":{\"type\":\"datetime\"},\"scheduledAt\":{\"type\":\"datetime\"},\"timezone\":{\"type\":\"string\"},\"status\":{\"type\":\"enumeration\",\"enum\":[\"ready\",\"blocked\",\"failed\",\"done\",\"empty\"],\"required\":true},\"actions\":{\"type\":\"relation\",\"relation\":\"oneToMany\",\"target\":\"plugin::content-releases.release-action\",\"mappedBy\":\"release\"}},\"kind\":\"collectionType\"},\"modelName\":\"release\"},\"plugin::content-releases.release-action\":{\"collectionName\":\"strapi_release_actions\",\"info\":{\"singularName\":\"release-action\",\"pluralName\":\"release-actions\",\"displayName\":\"Release Action\"},\"options\":{\"draftAndPublish\":false},\"pluginOptions\":{\"content-manager\":{\"visible\":false},\"content-type-builder\":{\"visible\":false}},\"attributes\":{\"type\":{\"type\":\"enumeration\",\"enum\":[\"publish\",\"unpublish\"],\"required\":true},\"contentType\":{\"type\":\"string\",\"required\":true},\"entryDocumentId\":{\"type\":\"string\"},\"locale\":{\"writable\":true,\"private\":true,\"configurable\":false,\"visible\":false,\"type\":\"string\"},\"release\":{\"type\":\"relation\",\"relation\":\"manyToOne\",\"target\":\"plugin::content-releases.release\",\"inversedBy\":\"actions\"},\"isEntryValid\":{\"type\":\"boolean\"},\"createdAt\":{\"type\":\"datetime\"},\"updatedAt\":{\"type\":\"datetime\"},\"publishedAt\":{\"type\":\"datetime\",\"configurable\":false,\"writable\":true,\"visible\":false},\"createdBy\":{\"type\":\"relation\",\"relation\":\"oneToOne\",\"target\":\"admin::user\",\"configurable\":false,\"writable\":false,\"visible\":false,\"useJoinTable\":false,\"private\":true},\"updatedBy\":{\"type\":\"relation\",\"relation\":\"oneToOne\",\"target\":\"admin::user\",\"configurable\":false,\"writable\":false,\"visible\":false,\"useJoinTable\":false,\"private\":true},\"localizations\":{\"type\":\"relation\",\"relation\":\"oneToMany\",\"target\":\"plugin::content-releases.release-action\",\"writable\":false,\"private\":true,\"configurable\":false,\"visible\":false,\"unstable_virtual\":true,\"joinColumn\":{\"name\":\"document_id\",\"referencedColumn\":\"document_id\",\"referencedTable\":\"strapi_release_actions\"}}},\"plugin\":\"content-releases\",\"globalId\":\"ContentReleasesReleaseAction\",\"uid\":\"plugin::content-releases.release-action\",\"modelType\":\"contentType\",\"kind\":\"collectionType\",\"__schema__\":{\"collectionName\":\"strapi_release_actions\",\"info\":{\"singularName\":\"release-action\",\"pluralName\":\"release-actions\",\"displayName\":\"Release Action\"},\"options\":{\"draftAndPublish\":false},\"pluginOptions\":{\"content-manager\":{\"visible\":false},\"content-type-builder\":{\"visible\":false}},\"attributes\":{\"type\":{\"type\":\"enumeration\",\"enum\":[\"publish\",\"unpublish\"],\"required\":true},\"contentType\":{\"type\":\"string\",\"required\":true},\"entryDocumentId\":{\"type\":\"string\"},\"locale\":{\"type\":\"string\"},\"release\":{\"type\":\"relation\",\"relation\":\"manyToOne\",\"target\":\"plugin::content-releases.release\",\"inversedBy\":\"actions\"},\"isEntryValid\":{\"type\":\"boolean\"}},\"kind\":\"collectionType\"},\"modelName\":\"release-action\"},\"plugin::review-workflows.workflow\":{\"collectionName\":\"strapi_workflows\",\"info\":{\"name\":\"Workflow\",\"description\":\"\",\"singularName\":\"workflow\",\"pluralName\":\"workflows\",\"displayName\":\"Workflow\"},\"options\":{\"draftAndPublish\":false},\"pluginOptions\":{\"content-manager\":{\"visible\":false},\"content-type-builder\":{\"visible\":false}},\"attributes\":{\"name\":{\"type\":\"string\",\"required\":true,\"unique\":true},\"stages\":{\"type\":\"relation\",\"target\":\"plugin::review-workflows.workflow-stage\",\"relation\":\"oneToMany\",\"mappedBy\":\"workflow\"},\"stageRequiredToPublish\":{\"type\":\"relation\",\"target\":\"plugin::review-workflows.workflow-stage\",\"relation\":\"oneToOne\",\"required\":false},\"contentTypes\":{\"type\":\"json\",\"required\":true,\"default\":\"[]\"},\"createdAt\":{\"type\":\"datetime\"},\"updatedAt\":{\"type\":\"datetime\"},\"publishedAt\":{\"type\":\"datetime\",\"configurable\":false,\"writable\":true,\"visible\":false},\"createdBy\":{\"type\":\"relation\",\"relation\":\"oneToOne\",\"target\":\"admin::user\",\"configurable\":false,\"writable\":false,\"visible\":false,\"useJoinTable\":false,\"private\":true},\"updatedBy\":{\"type\":\"relation\",\"relation\":\"oneToOne\",\"target\":\"admin::user\",\"configurable\":false,\"writable\":false,\"visible\":false,\"useJoinTable\":false,\"private\":true},\"locale\":{\"writable\":true,\"private\":true,\"configurable\":false,\"visible\":false,\"type\":\"string\"},\"localizations\":{\"type\":\"relation\",\"relation\":\"oneToMany\",\"target\":\"plugin::review-workflows.workflow\",\"writable\":false,\"private\":true,\"configurable\":false,\"visible\":false,\"unstable_virtual\":true,\"joinColumn\":{\"name\":\"document_id\",\"referencedColumn\":\"document_id\",\"referencedTable\":\"strapi_workflows\"}}},\"plugin\":\"review-workflows\",\"globalId\":\"ReviewWorkflowsWorkflow\",\"uid\":\"plugin::review-workflows.workflow\",\"modelType\":\"contentType\",\"kind\":\"collectionType\",\"__schema__\":{\"collectionName\":\"strapi_workflows\",\"info\":{\"name\":\"Workflow\",\"description\":\"\",\"singularName\":\"workflow\",\"pluralName\":\"workflows\",\"displayName\":\"Workflow\"},\"options\":{},\"pluginOptions\":{\"content-manager\":{\"visible\":false},\"content-type-builder\":{\"visible\":false}},\"attributes\":{\"name\":{\"type\":\"string\",\"required\":true,\"unique\":true},\"stages\":{\"type\":\"relation\",\"target\":\"plugin::review-workflows.workflow-stage\",\"relation\":\"oneToMany\",\"mappedBy\":\"workflow\"},\"stageRequiredToPublish\":{\"type\":\"relation\",\"target\":\"plugin::review-workflows.workflow-stage\",\"relation\":\"oneToOne\",\"required\":false},\"contentTypes\":{\"type\":\"json\",\"required\":true,\"default\":\"[]\"}},\"kind\":\"collectionType\"},\"modelName\":\"workflow\"},\"plugin::review-workflows.workflow-stage\":{\"collectionName\":\"strapi_workflows_stages\",\"info\":{\"name\":\"Workflow Stage\",\"description\":\"\",\"singularName\":\"workflow-stage\",\"pluralName\":\"workflow-stages\",\"displayName\":\"Stages\"},\"options\":{\"version\":\"1.1.0\",\"draftAndPublish\":false},\"pluginOptions\":{\"content-manager\":{\"visible\":false},\"content-type-builder\":{\"visible\":false}},\"attributes\":{\"name\":{\"type\":\"string\",\"configurable\":false},\"color\":{\"type\":\"string\",\"configurable\":false,\"default\":\"#4945FF\"},\"workflow\":{\"type\":\"relation\",\"target\":\"plugin::review-workflows.workflow\",\"relation\":\"manyToOne\",\"inversedBy\":\"stages\",\"configurable\":false},\"permissions\":{\"type\":\"relation\",\"target\":\"admin::permission\",\"relation\":\"manyToMany\",\"configurable\":false},\"createdAt\":{\"type\":\"datetime\"},\"updatedAt\":{\"type\":\"datetime\"},\"publishedAt\":{\"type\":\"datetime\",\"configurable\":false,\"writable\":true,\"visible\":false},\"createdBy\":{\"type\":\"relation\",\"relation\":\"oneToOne\",\"target\":\"admin::user\",\"configurable\":false,\"writable\":false,\"visible\":false,\"useJoinTable\":false,\"private\":true},\"updatedBy\":{\"type\":\"relation\",\"relation\":\"oneToOne\",\"target\":\"admin::user\",\"configurable\":false,\"writable\":false,\"visible\":false,\"useJoinTable\":false,\"private\":true},\"locale\":{\"writable\":true,\"private\":true,\"configurable\":false,\"visible\":false,\"type\":\"string\"},\"localizations\":{\"type\":\"relation\",\"relation\":\"oneToMany\",\"target\":\"plugin::review-workflows.workflow-stage\",\"writable\":false,\"private\":true,\"configurable\":false,\"visible\":false,\"unstable_virtual\":true,\"joinColumn\":{\"name\":\"document_id\",\"referencedColumn\":\"document_id\",\"referencedTable\":\"strapi_workflows_stages\"}}},\"plugin\":\"review-workflows\",\"globalId\":\"ReviewWorkflowsWorkflowStage\",\"uid\":\"plugin::review-workflows.workflow-stage\",\"modelType\":\"contentType\",\"kind\":\"collectionType\",\"__schema__\":{\"collectionName\":\"strapi_workflows_stages\",\"info\":{\"name\":\"Workflow Stage\",\"description\":\"\",\"singularName\":\"workflow-stage\",\"pluralName\":\"workflow-stages\",\"displayName\":\"Stages\"},\"options\":{\"version\":\"1.1.0\"},\"pluginOptions\":{\"content-manager\":{\"visible\":false},\"content-type-builder\":{\"visible\":false}},\"attributes\":{\"name\":{\"type\":\"string\",\"configurable\":false},\"color\":{\"type\":\"string\",\"configurable\":false,\"default\":\"#4945FF\"},\"workflow\":{\"type\":\"relation\",\"target\":\"plugin::review-workflows.workflow\",\"relation\":\"manyToOne\",\"inversedBy\":\"stages\",\"configurable\":false},\"permissions\":{\"type\":\"relation\",\"target\":\"admin::permission\",\"relation\":\"manyToMany\",\"configurable\":false}},\"kind\":\"collectionType\"},\"modelName\":\"workflow-stage\"},\"plugin::users-permissions.permission\":{\"collectionName\":\"up_permissions\",\"info\":{\"name\":\"permission\",\"description\":\"\",\"singularName\":\"permission\",\"pluralName\":\"permissions\",\"displayName\":\"Permission\"},\"pluginOptions\":{\"content-manager\":{\"visible\":false},\"content-type-builder\":{\"visible\":false}},\"attributes\":{\"action\":{\"type\":\"string\",\"required\":true,\"configurable\":false},\"role\":{\"type\":\"relation\",\"relation\":\"manyToOne\",\"target\":\"plugin::users-permissions.role\",\"inversedBy\":\"permissions\",\"configurable\":false},\"createdAt\":{\"type\":\"datetime\"},\"updatedAt\":{\"type\":\"datetime\"},\"publishedAt\":{\"type\":\"datetime\",\"configurable\":false,\"writable\":true,\"visible\":false},\"createdBy\":{\"type\":\"relation\",\"relation\":\"oneToOne\",\"target\":\"admin::user\",\"configurable\":false,\"writable\":false,\"visible\":false,\"useJoinTable\":false,\"private\":true},\"updatedBy\":{\"type\":\"relation\",\"relation\":\"oneToOne\",\"target\":\"admin::user\",\"configurable\":false,\"writable\":false,\"visible\":false,\"useJoinTable\":false,\"private\":true},\"locale\":{\"writable\":true,\"private\":true,\"configurable\":false,\"visible\":false,\"type\":\"string\"},\"localizations\":{\"type\":\"relation\",\"relation\":\"oneToMany\",\"target\":\"plugin::users-permissions.permission\",\"writable\":false,\"private\":true,\"configurable\":false,\"visible\":false,\"unstable_virtual\":true,\"joinColumn\":{\"name\":\"document_id\",\"referencedColumn\":\"document_id\",\"referencedTable\":\"up_permissions\"}}},\"plugin\":\"users-permissions\",\"globalId\":\"UsersPermissionsPermission\",\"uid\":\"plugin::users-permissions.permission\",\"modelType\":\"contentType\",\"kind\":\"collectionType\",\"__schema__\":{\"collectionName\":\"up_permissions\",\"info\":{\"name\":\"permission\",\"description\":\"\",\"singularName\":\"permission\",\"pluralName\":\"permissions\",\"displayName\":\"Permission\"},\"pluginOptions\":{\"content-manager\":{\"visible\":false},\"content-type-builder\":{\"visible\":false}},\"attributes\":{\"action\":{\"type\":\"string\",\"required\":true,\"configurable\":false},\"role\":{\"type\":\"relation\",\"relation\":\"manyToOne\",\"target\":\"plugin::users-permissions.role\",\"inversedBy\":\"permissions\",\"configurable\":false}},\"kind\":\"collectionType\"},\"modelName\":\"permission\",\"options\":{\"draftAndPublish\":false}},\"plugin::users-permissions.role\":{\"collectionName\":\"up_roles\",\"info\":{\"name\":\"role\",\"description\":\"\",\"singularName\":\"role\",\"pluralName\":\"roles\",\"displayName\":\"Role\"},\"pluginOptions\":{\"content-manager\":{\"visible\":false},\"content-type-builder\":{\"visible\":false}},\"attributes\":{\"name\":{\"type\":\"string\",\"minLength\":3,\"required\":true,\"configurable\":false},\"description\":{\"type\":\"string\",\"configurable\":false},\"type\":{\"type\":\"string\",\"unique\":true,\"configurable\":false},\"permissions\":{\"type\":\"relation\",\"relation\":\"oneToMany\",\"target\":\"plugin::users-permissions.permission\",\"mappedBy\":\"role\",\"configurable\":false},\"users\":{\"type\":\"relation\",\"relation\":\"oneToMany\",\"target\":\"plugin::users-permissions.user\",\"mappedBy\":\"role\",\"configurable\":false},\"createdAt\":{\"type\":\"datetime\"},\"updatedAt\":{\"type\":\"datetime\"},\"publishedAt\":{\"type\":\"datetime\",\"configurable\":false,\"writable\":true,\"visible\":false},\"createdBy\":{\"type\":\"relation\",\"relation\":\"oneToOne\",\"target\":\"admin::user\",\"configurable\":false,\"writable\":false,\"visible\":false,\"useJoinTable\":false,\"private\":true},\"updatedBy\":{\"type\":\"relation\",\"relation\":\"oneToOne\",\"target\":\"admin::user\",\"configurable\":false,\"writable\":false,\"visible\":false,\"useJoinTable\":false,\"private\":true},\"locale\":{\"writable\":true,\"private\":true,\"configurable\":false,\"visible\":false,\"type\":\"string\"},\"localizations\":{\"type\":\"relation\",\"relation\":\"oneToMany\",\"target\":\"plugin::users-permissions.role\",\"writable\":false,\"private\":true,\"configurable\":false,\"visible\":false,\"unstable_virtual\":true,\"joinColumn\":{\"name\":\"document_id\",\"referencedColumn\":\"document_id\",\"referencedTable\":\"up_roles\"}}},\"plugin\":\"users-permissions\",\"globalId\":\"UsersPermissionsRole\",\"uid\":\"plugin::users-permissions.role\",\"modelType\":\"contentType\",\"kind\":\"collectionType\",\"__schema__\":{\"collectionName\":\"up_roles\",\"info\":{\"name\":\"role\",\"description\":\"\",\"singularName\":\"role\",\"pluralName\":\"roles\",\"displayName\":\"Role\"},\"pluginOptions\":{\"content-manager\":{\"visible\":false},\"content-type-builder\":{\"visible\":false}},\"attributes\":{\"name\":{\"type\":\"string\",\"minLength\":3,\"required\":true,\"configurable\":false},\"description\":{\"type\":\"string\",\"configurable\":false},\"type\":{\"type\":\"string\",\"unique\":true,\"configurable\":false},\"permissions\":{\"type\":\"relation\",\"relation\":\"oneToMany\",\"target\":\"plugin::users-permissions.permission\",\"mappedBy\":\"role\",\"configurable\":false},\"users\":{\"type\":\"relation\",\"relation\":\"oneToMany\",\"target\":\"plugin::users-permissions.user\",\"mappedBy\":\"role\",\"configurable\":false}},\"kind\":\"collectionType\"},\"modelName\":\"role\",\"options\":{\"draftAndPublish\":false}},\"plugin::users-permissions.user\":{\"collectionName\":\"up_users\",\"info\":{\"name\":\"user\",\"description\":\"\",\"singularName\":\"user\",\"pluralName\":\"users\",\"displayName\":\"User\"},\"options\":{\"timestamps\":true,\"draftAndPublish\":false},\"attributes\":{\"username\":{\"type\":\"string\",\"minLength\":3,\"unique\":true,\"configurable\":false,\"required\":true},\"email\":{\"type\":\"email\",\"minLength\":6,\"configurable\":false,\"required\":true},\"provider\":{\"type\":\"string\",\"configurable\":false},\"password\":{\"type\":\"password\",\"minLength\":6,\"configurable\":false,\"private\":true,\"searchable\":false},\"resetPasswordToken\":{\"type\":\"string\",\"configurable\":false,\"private\":true,\"searchable\":false},\"confirmationToken\":{\"type\":\"string\",\"configurable\":false,\"private\":true,\"searchable\":false},\"confirmed\":{\"type\":\"boolean\",\"default\":false,\"configurable\":false},\"blocked\":{\"type\":\"boolean\",\"default\":false,\"configurable\":false},\"role\":{\"type\":\"relation\",\"relation\":\"manyToOne\",\"target\":\"plugin::users-permissions.role\",\"inversedBy\":\"users\",\"configurable\":false},\"createdAt\":{\"type\":\"datetime\"},\"updatedAt\":{\"type\":\"datetime\"},\"publishedAt\":{\"type\":\"datetime\",\"configurable\":false,\"writable\":true,\"visible\":false},\"createdBy\":{\"type\":\"relation\",\"relation\":\"oneToOne\",\"target\":\"admin::user\",\"configurable\":false,\"writable\":false,\"visible\":false,\"useJoinTable\":false,\"private\":true},\"updatedBy\":{\"type\":\"relation\",\"relation\":\"oneToOne\",\"target\":\"admin::user\",\"configurable\":false,\"writable\":false,\"visible\":false,\"useJoinTable\":false,\"private\":true},\"locale\":{\"writable\":true,\"private\":true,\"configurable\":false,\"visible\":false,\"type\":\"string\"},\"localizations\":{\"type\":\"relation\",\"relation\":\"oneToMany\",\"target\":\"plugin::users-permissions.user\",\"writable\":false,\"private\":true,\"configurable\":false,\"visible\":false,\"unstable_virtual\":true,\"joinColumn\":{\"name\":\"document_id\",\"referencedColumn\":\"document_id\",\"referencedTable\":\"up_users\"}}},\"config\":{\"attributes\":{\"resetPasswordToken\":{\"hidden\":true},\"confirmationToken\":{\"hidden\":true},\"provider\":{\"hidden\":true}}},\"plugin\":\"users-permissions\",\"globalId\":\"UsersPermissionsUser\",\"uid\":\"plugin::users-permissions.user\",\"modelType\":\"contentType\",\"kind\":\"collectionType\",\"__schema__\":{\"collectionName\":\"up_users\",\"info\":{\"name\":\"user\",\"description\":\"\",\"singularName\":\"user\",\"pluralName\":\"users\",\"displayName\":\"User\"},\"options\":{\"timestamps\":true},\"attributes\":{\"username\":{\"type\":\"string\",\"minLength\":3,\"unique\":true,\"configurable\":false,\"required\":true},\"email\":{\"type\":\"email\",\"minLength\":6,\"configurable\":false,\"required\":true},\"provider\":{\"type\":\"string\",\"configurable\":false},\"password\":{\"type\":\"password\",\"minLength\":6,\"configurable\":false,\"private\":true,\"searchable\":false},\"resetPasswordToken\":{\"type\":\"string\",\"configurable\":false,\"private\":true,\"searchable\":false},\"confirmationToken\":{\"type\":\"string\",\"configurable\":false,\"private\":true,\"searchable\":false},\"confirmed\":{\"type\":\"boolean\",\"default\":false,\"configurable\":false},\"blocked\":{\"type\":\"boolean\",\"default\":false,\"configurable\":false},\"role\":{\"type\":\"relation\",\"relation\":\"manyToOne\",\"target\":\"plugin::users-permissions.role\",\"inversedBy\":\"users\",\"configurable\":false}},\"kind\":\"collectionType\"},\"modelName\":\"user\"},\"api::about-team-section.about-team-section\":{\"kind\":\"singleType\",\"collectionName\":\"about_team_sections\",\"info\":{\"singularName\":\"about-team-section\",\"pluralName\":\"about-team-sections\",\"displayName\":\"About Team Section\"},\"options\":{\"draftAndPublish\":true},\"pluginOptions\":{},\"attributes\":{\"title\":{\"type\":\"string\",\"required\":true},\"titleAccent\":{\"type\":\"string\",\"required\":true},\"description\":{\"type\":\"text\",\"required\":true},\"createdAt\":{\"type\":\"datetime\"},\"updatedAt\":{\"type\":\"datetime\"},\"publishedAt\":{\"type\":\"datetime\",\"configurable\":false,\"writable\":true,\"visible\":false},\"createdBy\":{\"type\":\"relation\",\"relation\":\"oneToOne\",\"target\":\"admin::user\",\"configurable\":false,\"writable\":false,\"visible\":false,\"useJoinTable\":false,\"private\":true},\"updatedBy\":{\"type\":\"relation\",\"relation\":\"oneToOne\",\"target\":\"admin::user\",\"configurable\":false,\"writable\":false,\"visible\":false,\"useJoinTable\":false,\"private\":true},\"locale\":{\"writable\":true,\"private\":true,\"configurable\":false,\"visible\":false,\"type\":\"string\"},\"localizations\":{\"type\":\"relation\",\"relation\":\"oneToMany\",\"target\":\"api::about-team-section.about-team-section\",\"writable\":false,\"private\":true,\"configurable\":false,\"visible\":false,\"unstable_virtual\":true,\"joinColumn\":{\"name\":\"document_id\",\"referencedColumn\":\"document_id\",\"referencedTable\":\"about_team_sections\"}}},\"apiName\":\"about-team-section\",\"globalId\":\"AboutTeamSection\",\"uid\":\"api::about-team-section.about-team-section\",\"modelType\":\"contentType\",\"__schema__\":{\"collectionName\":\"about_team_sections\",\"info\":{\"singularName\":\"about-team-section\",\"pluralName\":\"about-team-sections\",\"displayName\":\"About Team Section\"},\"options\":{\"draftAndPublish\":true},\"pluginOptions\":{},\"attributes\":{\"title\":{\"type\":\"string\",\"required\":true},\"titleAccent\":{\"type\":\"string\",\"required\":true},\"description\":{\"type\":\"text\",\"required\":true}},\"kind\":\"singleType\"},\"modelName\":\"about-team-section\",\"actions\":{},\"lifecycles\":{}},\"api::client-review.client-review\":{\"kind\":\"collectionType\",\"collectionName\":\"client_reviews\",\"info\":{\"singularName\":\"client-review\",\"pluralName\":\"client-reviews\",\"displayName\":\"Client Review\"},\"options\":{\"draftAndPublish\":true},\"pluginOptions\":{},\"attributes\":{\"image\":{\"type\":\"media\",\"multiple\":false,\"allowedTypes\":[\"images\",\"files\",\"videos\",\"audios\"]},\"clientName\":{\"type\":\"string\"},\"company\":{\"type\":\"string\"},\"review\":{\"type\":\"text\"},\"alt\":{\"type\":\"string\"},\"rating\":{\"type\":\"integer\"},\"displayInCarousel\":{\"type\":\"boolean\",\"default\":false},\"createdAt\":{\"type\":\"datetime\"},\"updatedAt\":{\"type\":\"datetime\"},\"publishedAt\":{\"type\":\"datetime\",\"configurable\":false,\"writable\":true,\"visible\":false},\"createdBy\":{\"type\":\"relation\",\"relation\":\"oneToOne\",\"target\":\"admin::user\",\"configurable\":false,\"writable\":false,\"visible\":false,\"useJoinTable\":false,\"private\":true},\"updatedBy\":{\"type\":\"relation\",\"relation\":\"oneToOne\",\"target\":\"admin::user\",\"configurable\":false,\"writable\":false,\"visible\":false,\"useJoinTable\":false,\"private\":true},\"locale\":{\"writable\":true,\"private\":true,\"configurable\":false,\"visible\":false,\"type\":\"string\"},\"localizations\":{\"type\":\"relation\",\"relation\":\"oneToMany\",\"target\":\"api::client-review.client-review\",\"writable\":false,\"private\":true,\"configurable\":false,\"visible\":false,\"unstable_virtual\":true,\"joinColumn\":{\"name\":\"document_id\",\"referencedColumn\":\"document_id\",\"referencedTable\":\"client_reviews\"}}},\"apiName\":\"client-review\",\"globalId\":\"ClientReview\",\"uid\":\"api::client-review.client-review\",\"modelType\":\"contentType\",\"__schema__\":{\"collectionName\":\"client_reviews\",\"info\":{\"singularName\":\"client-review\",\"pluralName\":\"client-reviews\",\"displayName\":\"Client Review\"},\"options\":{\"draftAndPublish\":true},\"pluginOptions\":{},\"attributes\":{\"image\":{\"type\":\"media\",\"multiple\":false,\"allowedTypes\":[\"images\",\"files\",\"videos\",\"audios\"]},\"clientName\":{\"type\":\"string\"},\"company\":{\"type\":\"string\"},\"review\":{\"type\":\"text\"},\"alt\":{\"type\":\"string\"},\"rating\":{\"type\":\"integer\"},\"displayInCarousel\":{\"type\":\"boolean\",\"default\":false}},\"kind\":\"collectionType\"},\"modelName\":\"client-review\",\"actions\":{},\"lifecycles\":{}},\"api::contact-form-submission.contact-form-submission\":{\"kind\":\"collectionType\",\"collectionName\":\"contact_form_submissions\",\"info\":{\"singularName\":\"contact-form-submission\",\"pluralName\":\"contact-form-submissions\",\"displayName\":\"Contact Form Submission\"},\"options\":{\"draftAndPublish\":true},\"pluginOptions\":{},\"attributes\":{\"name\":{\"type\":\"string\"},\"companyName\":{\"type\":\"string\"},\"email\":{\"type\":\"email\"},\"phone\":{\"type\":\"string\"},\"service\":{\"type\":\"string\"},\"message\":{\"type\":\"text\"},\"createdAt\":{\"type\":\"datetime\"},\"updatedAt\":{\"type\":\"datetime\"},\"publishedAt\":{\"type\":\"datetime\",\"configurable\":false,\"writable\":true,\"visible\":false},\"createdBy\":{\"type\":\"relation\",\"relation\":\"oneToOne\",\"target\":\"admin::user\",\"configurable\":false,\"writable\":false,\"visible\":false,\"useJoinTable\":false,\"private\":true},\"updatedBy\":{\"type\":\"relation\",\"relation\":\"oneToOne\",\"target\":\"admin::user\",\"configurable\":false,\"writable\":false,\"visible\":false,\"useJoinTable\":false,\"private\":true},\"locale\":{\"writable\":true,\"private\":true,\"configurable\":false,\"visible\":false,\"type\":\"string\"},\"localizations\":{\"type\":\"relation\",\"relation\":\"oneToMany\",\"target\":\"api::contact-form-submission.contact-form-submission\",\"writable\":false,\"private\":true,\"configurable\":false,\"visible\":false,\"unstable_virtual\":true,\"joinColumn\":{\"name\":\"document_id\",\"referencedColumn\":\"document_id\",\"referencedTable\":\"contact_form_submissions\"}}},\"apiName\":\"contact-form-submission\",\"globalId\":\"ContactFormSubmission\",\"uid\":\"api::contact-form-submission.contact-form-submission\",\"modelType\":\"contentType\",\"__schema__\":{\"collectionName\":\"contact_form_submissions\",\"info\":{\"singularName\":\"contact-form-submission\",\"pluralName\":\"contact-form-submissions\",\"displayName\":\"Contact Form Submission\"},\"options\":{\"draftAndPublish\":true},\"pluginOptions\":{},\"attributes\":{\"name\":{\"type\":\"string\"},\"companyName\":{\"type\":\"string\"},\"email\":{\"type\":\"email\"},\"phone\":{\"type\":\"string\"},\"service\":{\"type\":\"string\"},\"message\":{\"type\":\"text\"}},\"kind\":\"collectionType\"},\"modelName\":\"contact-form-submission\",\"actions\":{},\"lifecycles\":{}},\"api::footer.footer\":{\"kind\":\"singleType\",\"collectionName\":\"footers\",\"info\":{\"singularName\":\"footer\",\"pluralName\":\"footers\",\"displayName\":\"Footer\"},\"options\":{\"draftAndPublish\":true},\"pluginOptions\":{},\"attributes\":{\"email\":{\"type\":\"email\"},\"phone\":{\"type\":\"string\"},\"address\":{\"type\":\"string\"},\"copyrightText\":{\"type\":\"string\"},\"logo\":{\"type\":\"media\",\"multiple\":false,\"allowedTypes\":[\"images\",\"files\",\"videos\",\"audios\"]},\"createdAt\":{\"type\":\"datetime\"},\"updatedAt\":{\"type\":\"datetime\"},\"publishedAt\":{\"type\":\"datetime\",\"configurable\":false,\"writable\":true,\"visible\":false},\"createdBy\":{\"type\":\"relation\",\"relation\":\"oneToOne\",\"target\":\"admin::user\",\"configurable\":false,\"writable\":false,\"visible\":false,\"useJoinTable\":false,\"private\":true},\"updatedBy\":{\"type\":\"relation\",\"relation\":\"oneToOne\",\"target\":\"admin::user\",\"configurable\":false,\"writable\":false,\"visible\":false,\"useJoinTable\":false,\"private\":true},\"locale\":{\"writable\":true,\"private\":true,\"configurable\":false,\"visible\":false,\"type\":\"string\"},\"localizations\":{\"type\":\"relation\",\"relation\":\"oneToMany\",\"target\":\"api::footer.footer\",\"writable\":false,\"private\":true,\"configurable\":false,\"visible\":false,\"unstable_virtual\":true,\"joinColumn\":{\"name\":\"document_id\",\"referencedColumn\":\"document_id\",\"referencedTable\":\"footers\"}}},\"apiName\":\"footer\",\"globalId\":\"Footer\",\"uid\":\"api::footer.footer\",\"modelType\":\"contentType\",\"__schema__\":{\"collectionName\":\"footers\",\"info\":{\"singularName\":\"footer\",\"pluralName\":\"footers\",\"displayName\":\"Footer\"},\"options\":{\"draftAndPublish\":true},\"pluginOptions\":{},\"attributes\":{\"email\":{\"type\":\"email\"},\"phone\":{\"type\":\"string\"},\"address\":{\"type\":\"string\"},\"copyrightText\":{\"type\":\"string\"},\"logo\":{\"type\":\"media\",\"multiple\":false,\"allowedTypes\":[\"images\",\"files\",\"videos\",\"audios\"]}},\"kind\":\"singleType\"},\"modelName\":\"footer\",\"actions\":{},\"lifecycles\":{}},\"api::home-hero-footer-logo.home-hero-footer-logo\":{\"kind\":\"collectionType\",\"collectionName\":\"home_hero_footer_logos\",\"info\":{\"singularName\":\"home-hero-footer-logo\",\"pluralName\":\"home-hero-footer-logos\",\"displayName\":\"Home Hero Footer Logos\",\"group\":\"Home\"},\"options\":{\"draftAndPublish\":true},\"pluginOptions\":{},\"attributes\":{\"brands\":{\"type\":\"string\"},\"quote\":{\"type\":\"text\"},\"brandLogoUrl\":{\"type\":\"media\",\"multiple\":false,\"allowedTypes\":[\"images\",\"files\",\"videos\",\"audios\"]},\"createdAt\":{\"type\":\"datetime\"},\"updatedAt\":{\"type\":\"datetime\"},\"publishedAt\":{\"type\":\"datetime\",\"configurable\":false,\"writable\":true,\"visible\":false},\"createdBy\":{\"type\":\"relation\",\"relation\":\"oneToOne\",\"target\":\"admin::user\",\"configurable\":false,\"writable\":false,\"visible\":false,\"useJoinTable\":false,\"private\":true},\"updatedBy\":{\"type\":\"relation\",\"relation\":\"oneToOne\",\"target\":\"admin::user\",\"configurable\":false,\"writable\":false,\"visible\":false,\"useJoinTable\":false,\"private\":true},\"locale\":{\"writable\":true,\"private\":true,\"configurable\":false,\"visible\":false,\"type\":\"string\"},\"localizations\":{\"type\":\"relation\",\"relation\":\"oneToMany\",\"target\":\"api::home-hero-footer-logo.home-hero-footer-logo\",\"writable\":false,\"private\":true,\"configurable\":false,\"visible\":false,\"unstable_virtual\":true,\"joinColumn\":{\"name\":\"document_id\",\"referencedColumn\":\"document_id\",\"referencedTable\":\"home_hero_footer_logos\"}}},\"apiName\":\"home-hero-footer-logo\",\"globalId\":\"HomeHeroFooterLogo\",\"uid\":\"api::home-hero-footer-logo.home-hero-footer-logo\",\"modelType\":\"contentType\",\"__schema__\":{\"collectionName\":\"home_hero_footer_logos\",\"info\":{\"singularName\":\"home-hero-footer-logo\",\"pluralName\":\"home-hero-footer-logos\",\"displayName\":\"Home Hero Footer Logos\",\"group\":\"Home\"},\"options\":{\"draftAndPublish\":true},\"pluginOptions\":{},\"attributes\":{\"brands\":{\"type\":\"string\"},\"quote\":{\"type\":\"text\"},\"brandLogoUrl\":{\"type\":\"media\",\"multiple\":false,\"allowedTypes\":[\"images\",\"files\",\"videos\",\"audios\"]}},\"kind\":\"collectionType\"},\"modelName\":\"home-hero-footer-logo\",\"actions\":{},\"lifecycles\":{}},\"api::home-hero-section.home-hero-section\":{\"kind\":\"collectionType\",\"collectionName\":\"home_hero_sections\",\"info\":{\"singularName\":\"home-hero-section\",\"pluralName\":\"home-hero-sections\",\"displayName\":\"Home Hero Section\",\"group\":\"Home\"},\"options\":{\"draftAndPublish\":true},\"pluginOptions\":{},\"attributes\":{\"title\":{\"type\":\"string\"},\"titleAccent\":{\"type\":\"string\"},\"description\":{\"type\":\"text\"},\"backgroundImage\":{\"type\":\"media\",\"multiple\":false,\"allowedTypes\":[\"images\",\"files\",\"videos\",\"audios\"]},\"buttons\":{\"type\":\"component\",\"component\":\"buttons.hero-button\",\"repeatable\":true},\"textAlign\":{\"type\":\"enumeration\",\"enum\":[\"left\",\"center\"]},\"showFooter\":{\"type\":\"boolean\"},\"reviewsLink\":{\"type\":\"string\"},\"createdAt\":{\"type\":\"datetime\"},\"updatedAt\":{\"type\":\"datetime\"},\"publishedAt\":{\"type\":\"datetime\",\"configurable\":false,\"writable\":true,\"visible\":false},\"createdBy\":{\"type\":\"relation\",\"relation\":\"oneToOne\",\"target\":\"admin::user\",\"configurable\":false,\"writable\":false,\"visible\":false,\"useJoinTable\":false,\"private\":true},\"updatedBy\":{\"type\":\"relation\",\"relation\":\"oneToOne\",\"target\":\"admin::user\",\"configurable\":false,\"writable\":false,\"visible\":false,\"useJoinTable\":false,\"private\":true},\"locale\":{\"writable\":true,\"private\":true,\"configurable\":false,\"visible\":false,\"type\":\"string\"},\"localizations\":{\"type\":\"relation\",\"relation\":\"oneToMany\",\"target\":\"api::home-hero-section.home-hero-section\",\"writable\":false,\"private\":true,\"configurable\":false,\"visible\":false,\"unstable_virtual\":true,\"joinColumn\":{\"name\":\"document_id\",\"referencedColumn\":\"document_id\",\"referencedTable\":\"home_hero_sections\"}}},\"apiName\":\"home-hero-section\",\"globalId\":\"HomeHeroSection\",\"uid\":\"api::home-hero-section.home-hero-section\",\"modelType\":\"contentType\",\"__schema__\":{\"collectionName\":\"home_hero_sections\",\"info\":{\"singularName\":\"home-hero-section\",\"pluralName\":\"home-hero-sections\",\"displayName\":\"Home Hero Section\",\"group\":\"Home\"},\"options\":{\"draftAndPublish\":true},\"pluginOptions\":{},\"attributes\":{\"title\":{\"type\":\"string\"},\"titleAccent\":{\"type\":\"string\"},\"description\":{\"type\":\"text\"},\"backgroundImage\":{\"type\":\"media\",\"multiple\":false,\"allowedTypes\":[\"images\",\"files\",\"videos\",\"audios\"]},\"buttons\":{\"type\":\"component\",\"component\":\"buttons.hero-button\",\"repeatable\":true},\"textAlign\":{\"type\":\"enumeration\",\"enum\":[\"left\",\"center\"]},\"showFooter\":{\"type\":\"boolean\"},\"reviewsLink\":{\"type\":\"string\"}},\"kind\":\"collectionType\"},\"modelName\":\"home-hero-section\",\"actions\":{},\"lifecycles\":{}},\"api::home-industry-perspective.home-industry-perspective\":{\"kind\":\"collectionType\",\"collectionName\":\"home_industry_perspectives\",\"info\":{\"singularName\":\"home-industry-perspective\",\"pluralName\":\"home-industry-perspectives\",\"displayName\":\"Home Industry Perspectives\",\"group\":\"Home\"},\"options\":{\"draftAndPublish\":true},\"pluginOptions\":{},\"attributes\":{\"imageSrc\":{\"type\":\"media\",\"multiple\":false,\"allowedTypes\":[\"images\",\"files\",\"videos\",\"audios\"]},\"title\":{\"type\":\"string\"},\"category1\":{\"type\":\"string\"},\"category2\":{\"type\":\"string\"},\"date\":{\"type\":\"date\"},\"href\":{\"type\":\"string\"},\"createdAt\":{\"type\":\"datetime\"},\"updatedAt\":{\"type\":\"datetime\"},\"publishedAt\":{\"type\":\"datetime\",\"configurable\":false,\"writable\":true,\"visible\":false},\"createdBy\":{\"type\":\"relation\",\"relation\":\"oneToOne\",\"target\":\"admin::user\",\"configurable\":false,\"writable\":false,\"visible\":false,\"useJoinTable\":false,\"private\":true},\"updatedBy\":{\"type\":\"relation\",\"relation\":\"oneToOne\",\"target\":\"admin::user\",\"configurable\":false,\"writable\":false,\"visible\":false,\"useJoinTable\":false,\"private\":true},\"locale\":{\"writable\":true,\"private\":true,\"configurable\":false,\"visible\":false,\"type\":\"string\"},\"localizations\":{\"type\":\"relation\",\"relation\":\"oneToMany\",\"target\":\"api::home-industry-perspective.home-industry-perspective\",\"writable\":false,\"private\":true,\"configurable\":false,\"visible\":false,\"unstable_virtual\":true,\"joinColumn\":{\"name\":\"document_id\",\"referencedColumn\":\"document_id\",\"referencedTable\":\"home_industry_perspectives\"}}},\"apiName\":\"home-industry-perspective\",\"globalId\":\"HomeIndustryPerspective\",\"uid\":\"api::home-industry-perspective.home-industry-perspective\",\"modelType\":\"contentType\",\"__schema__\":{\"collectionName\":\"home_industry_perspectives\",\"info\":{\"singularName\":\"home-industry-perspective\",\"pluralName\":\"home-industry-perspectives\",\"displayName\":\"Home Industry Perspectives\",\"group\":\"Home\"},\"options\":{\"draftAndPublish\":true},\"pluginOptions\":{},\"attributes\":{\"imageSrc\":{\"type\":\"media\",\"multiple\":false,\"allowedTypes\":[\"images\",\"files\",\"videos\",\"audios\"]},\"title\":{\"type\":\"string\"},\"category1\":{\"type\":\"string\"},\"category2\":{\"type\":\"string\"},\"date\":{\"type\":\"date\"},\"href\":{\"type\":\"string\"}},\"kind\":\"collectionType\"},\"modelName\":\"home-industry-perspective\",\"actions\":{},\"lifecycles\":{}},\"api::home-stock-section.home-stock-section\":{\"kind\":\"collectionType\",\"collectionName\":\"home_stock_sections\",\"info\":{\"singularName\":\"home-stock-section\",\"pluralName\":\"home-stock-sections\",\"displayName\":\"Home Stock Section\",\"group\":\"Home\"},\"options\":{\"draftAndPublish\":true},\"pluginOptions\":{},\"attributes\":{\"title\":{\"type\":\"string\"},\"titleAccent\":{\"type\":\"string\"},\"description\":{\"type\":\"text\"},\"backgroundImage\":{\"type\":\"media\",\"multiple\":false,\"allowedTypes\":[\"images\",\"files\",\"videos\",\"audios\"]},\"backgroundImageAlt\":{\"type\":\"string\"},\"createdAt\":{\"type\":\"datetime\"},\"updatedAt\":{\"type\":\"datetime\"},\"publishedAt\":{\"type\":\"datetime\",\"configurable\":false,\"writable\":true,\"visible\":false},\"createdBy\":{\"type\":\"relation\",\"relation\":\"oneToOne\",\"target\":\"admin::user\",\"configurable\":false,\"writable\":false,\"visible\":false,\"useJoinTable\":false,\"private\":true},\"updatedBy\":{\"type\":\"relation\",\"relation\":\"oneToOne\",\"target\":\"admin::user\",\"configurable\":false,\"writable\":false,\"visible\":false,\"useJoinTable\":false,\"private\":true},\"locale\":{\"writable\":true,\"private\":true,\"configurable\":false,\"visible\":false,\"type\":\"string\"},\"localizations\":{\"type\":\"relation\",\"relation\":\"oneToMany\",\"target\":\"api::home-stock-section.home-stock-section\",\"writable\":false,\"private\":true,\"configurable\":false,\"visible\":false,\"unstable_virtual\":true,\"joinColumn\":{\"name\":\"document_id\",\"referencedColumn\":\"document_id\",\"referencedTable\":\"home_stock_sections\"}}},\"apiName\":\"home-stock-section\",\"globalId\":\"HomeStockSection\",\"uid\":\"api::home-stock-section.home-stock-section\",\"modelType\":\"contentType\",\"__schema__\":{\"collectionName\":\"home_stock_sections\",\"info\":{\"singularName\":\"home-stock-section\",\"pluralName\":\"home-stock-sections\",\"displayName\":\"Home Stock Section\",\"group\":\"Home\"},\"options\":{\"draftAndPublish\":true},\"pluginOptions\":{},\"attributes\":{\"title\":{\"type\":\"string\"},\"titleAccent\":{\"type\":\"string\"},\"description\":{\"type\":\"text\"},\"backgroundImage\":{\"type\":\"media\",\"multiple\":false,\"allowedTypes\":[\"images\",\"files\",\"videos\",\"audios\"]},\"backgroundImageAlt\":{\"type\":\"string\"}},\"kind\":\"collectionType\"},\"modelName\":\"home-stock-section\",\"actions\":{},\"lifecycles\":{}},\"api::home-strategic-growth.home-strategic-growth\":{\"kind\":\"collectionType\",\"collectionName\":\"home_strategic_growths\",\"info\":{\"singularName\":\"home-strategic-growth\",\"pluralName\":\"home-strategic-growths\",\"displayName\":\"Home Strategic Growth\",\"group\":\"Home\"},\"options\":{\"draftAndPublish\":true},\"pluginOptions\":{},\"attributes\":{\"backgroundImage\":{\"type\":\"media\",\"multiple\":false,\"allowedTypes\":[\"images\",\"files\",\"videos\",\"audios\"]},\"title\":{\"type\":\"string\"},\"titleAccent\":{\"type\":\"string\"},\"description\":{\"type\":\"text\"},\"buttonText\":{\"type\":\"string\"},\"buttonHref\":{\"type\":\"string\"},\"createdAt\":{\"type\":\"datetime\"},\"updatedAt\":{\"type\":\"datetime\"},\"publishedAt\":{\"type\":\"datetime\",\"configurable\":false,\"writable\":true,\"visible\":false},\"createdBy\":{\"type\":\"relation\",\"relation\":\"oneToOne\",\"target\":\"admin::user\",\"configurable\":false,\"writable\":false,\"visible\":false,\"useJoinTable\":false,\"private\":true},\"updatedBy\":{\"type\":\"relation\",\"relation\":\"oneToOne\",\"target\":\"admin::user\",\"configurable\":false,\"writable\":false,\"visible\":false,\"useJoinTable\":false,\"private\":true},\"locale\":{\"writable\":true,\"private\":true,\"configurable\":false,\"visible\":false,\"type\":\"string\"},\"localizations\":{\"type\":\"relation\",\"relation\":\"oneToMany\",\"target\":\"api::home-strategic-growth.home-strategic-growth\",\"writable\":false,\"private\":true,\"configurable\":false,\"visible\":false,\"unstable_virtual\":true,\"joinColumn\":{\"name\":\"document_id\",\"referencedColumn\":\"document_id\",\"referencedTable\":\"home_strategic_growths\"}}},\"apiName\":\"home-strategic-growth\",\"globalId\":\"HomeStrategicGrowth\",\"uid\":\"api::home-strategic-growth.home-strategic-growth\",\"modelType\":\"contentType\",\"__schema__\":{\"collectionName\":\"home_strategic_growths\",\"info\":{\"singularName\":\"home-strategic-growth\",\"pluralName\":\"home-strategic-growths\",\"displayName\":\"Home Strategic Growth\",\"group\":\"Home\"},\"options\":{\"draftAndPublish\":true},\"pluginOptions\":{},\"attributes\":{\"backgroundImage\":{\"type\":\"media\",\"multiple\":false,\"allowedTypes\":[\"images\",\"files\",\"videos\",\"audios\"]},\"title\":{\"type\":\"string\"},\"titleAccent\":{\"type\":\"string\"},\"description\":{\"type\":\"text\"},\"buttonText\":{\"type\":\"string\"},\"buttonHref\":{\"type\":\"string\"}},\"kind\":\"collectionType\"},\"modelName\":\"home-strategic-growth\",\"actions\":{},\"lifecycles\":{}},\"api::industry.industry\":{\"kind\":\"collectionType\",\"collectionName\":\"industries\",\"info\":{\"singularName\":\"industry\",\"pluralName\":\"industries\",\"displayName\":\"Industry\"},\"options\":{\"draftAndPublish\":true},\"pluginOptions\":{},\"attributes\":{\"title\":{\"type\":\"string\",\"required\":true},\"icon\":{\"type\":\"media\",\"multiple\":false,\"allowedTypes\":[\"images\"],\"required\":true},\"href\":{\"type\":\"string\",\"default\":\"/services\"},\"order\":{\"type\":\"integer\",\"default\":0},\"createdAt\":{\"type\":\"datetime\"},\"updatedAt\":{\"type\":\"datetime\"},\"publishedAt\":{\"type\":\"datetime\",\"configurable\":false,\"writable\":true,\"visible\":false},\"createdBy\":{\"type\":\"relation\",\"relation\":\"oneToOne\",\"target\":\"admin::user\",\"configurable\":false,\"writable\":false,\"visible\":false,\"useJoinTable\":false,\"private\":true},\"updatedBy\":{\"type\":\"relation\",\"relation\":\"oneToOne\",\"target\":\"admin::user\",\"configurable\":false,\"writable\":false,\"visible\":false,\"useJoinTable\":false,\"private\":true},\"locale\":{\"writable\":true,\"private\":true,\"configurable\":false,\"visible\":false,\"type\":\"string\"},\"localizations\":{\"type\":\"relation\",\"relation\":\"oneToMany\",\"target\":\"api::industry.industry\",\"writable\":false,\"private\":true,\"configurable\":false,\"visible\":false,\"unstable_virtual\":true,\"joinColumn\":{\"name\":\"document_id\",\"referencedColumn\":\"document_id\",\"referencedTable\":\"industries\"}}},\"apiName\":\"industry\",\"globalId\":\"Industry\",\"uid\":\"api::industry.industry\",\"modelType\":\"contentType\",\"__schema__\":{\"collectionName\":\"industries\",\"info\":{\"singularName\":\"industry\",\"pluralName\":\"industries\",\"displayName\":\"Industry\"},\"options\":{\"draftAndPublish\":true},\"pluginOptions\":{},\"attributes\":{\"title\":{\"type\":\"string\",\"required\":true},\"icon\":{\"type\":\"media\",\"multiple\":false,\"allowedTypes\":[\"images\"],\"required\":true},\"href\":{\"type\":\"string\",\"default\":\"/services\"},\"order\":{\"type\":\"integer\",\"default\":0}},\"kind\":\"collectionType\"},\"modelName\":\"industry\",\"actions\":{},\"lifecycles\":{}},\"api::navigation.navigation\":{\"kind\":\"singleType\",\"collectionName\":\"navigations\",\"info\":{\"singularName\":\"navigation\",\"pluralName\":\"navigations\",\"displayName\":\"Navigation\"},\"options\":{\"draftAndPublish\":true},\"pluginOptions\":{},\"attributes\":{\"logo\":{\"type\":\"media\",\"multiple\":false,\"allowedTypes\":[\"images\",\"files\",\"videos\",\"audios\"]},\"navLinks\":{\"type\":\"component\",\"component\":\"links.nav-link\",\"repeatable\":true},\"createdAt\":{\"type\":\"datetime\"},\"updatedAt\":{\"type\":\"datetime\"},\"publishedAt\":{\"type\":\"datetime\",\"configurable\":false,\"writable\":true,\"visible\":false},\"createdBy\":{\"type\":\"relation\",\"relation\":\"oneToOne\",\"target\":\"admin::user\",\"configurable\":false,\"writable\":false,\"visible\":false,\"useJoinTable\":false,\"private\":true},\"updatedBy\":{\"type\":\"relation\",\"relation\":\"oneToOne\",\"target\":\"admin::user\",\"configurable\":false,\"writable\":false,\"visible\":false,\"useJoinTable\":false,\"private\":true},\"locale\":{\"writable\":true,\"private\":true,\"configurable\":false,\"visible\":false,\"type\":\"string\"},\"localizations\":{\"type\":\"relation\",\"relation\":\"oneToMany\",\"target\":\"api::navigation.navigation\",\"writable\":false,\"private\":true,\"configurable\":false,\"visible\":false,\"unstable_virtual\":true,\"joinColumn\":{\"name\":\"document_id\",\"referencedColumn\":\"document_id\",\"referencedTable\":\"navigations\"}}},\"apiName\":\"navigation\",\"globalId\":\"Navigation\",\"uid\":\"api::navigation.navigation\",\"modelType\":\"contentType\",\"__schema__\":{\"collectionName\":\"navigations\",\"info\":{\"singularName\":\"navigation\",\"pluralName\":\"navigations\",\"displayName\":\"Navigation\"},\"options\":{\"draftAndPublish\":true},\"pluginOptions\":{},\"attributes\":{\"logo\":{\"type\":\"media\",\"multiple\":false,\"allowedTypes\":[\"images\",\"files\",\"videos\",\"audios\"]},\"navLinks\":{\"type\":\"component\",\"component\":\"links.nav-link\",\"repeatable\":true}},\"kind\":\"singleType\"},\"modelName\":\"navigation\",\"actions\":{},\"lifecycles\":{}},\"api::office-location.office-location\":{\"kind\":\"collectionType\",\"collectionName\":\"office_locations\",\"info\":{\"singularName\":\"office-location\",\"pluralName\":\"office-locations\",\"displayName\":\"Office Location\"},\"options\":{\"draftAndPublish\":true},\"pluginOptions\":{},\"attributes\":{\"title\":{\"type\":\"string\"},\"email\":{\"type\":\"email\"},\"phone\":{\"type\":\"string\"},\"officeType\":{\"type\":\"string\"},\"mapLink\":{\"type\":\"string\"},\"image\":{\"type\":\"media\",\"multiple\":false,\"allowedTypes\":[\"images\",\"files\",\"videos\",\"audios\"]},\"createdAt\":{\"type\":\"datetime\"},\"updatedAt\":{\"type\":\"datetime\"},\"publishedAt\":{\"type\":\"datetime\",\"configurable\":false,\"writable\":true,\"visible\":false},\"createdBy\":{\"type\":\"relation\",\"relation\":\"oneToOne\",\"target\":\"admin::user\",\"configurable\":false,\"writable\":false,\"visible\":false,\"useJoinTable\":false,\"private\":true},\"updatedBy\":{\"type\":\"relation\",\"relation\":\"oneToOne\",\"target\":\"admin::user\",\"configurable\":false,\"writable\":false,\"visible\":false,\"useJoinTable\":false,\"private\":true},\"locale\":{\"writable\":true,\"private\":true,\"configurable\":false,\"visible\":false,\"type\":\"string\"},\"localizations\":{\"type\":\"relation\",\"relation\":\"oneToMany\",\"target\":\"api::office-location.office-location\",\"writable\":false,\"private\":true,\"configurable\":false,\"visible\":false,\"unstable_virtual\":true,\"joinColumn\":{\"name\":\"document_id\",\"referencedColumn\":\"document_id\",\"referencedTable\":\"office_locations\"}}},\"apiName\":\"office-location\",\"globalId\":\"OfficeLocation\",\"uid\":\"api::office-location.office-location\",\"modelType\":\"contentType\",\"__schema__\":{\"collectionName\":\"office_locations\",\"info\":{\"singularName\":\"office-location\",\"pluralName\":\"office-locations\",\"displayName\":\"Office Location\"},\"options\":{\"draftAndPublish\":true},\"pluginOptions\":{},\"attributes\":{\"title\":{\"type\":\"string\"},\"email\":{\"type\":\"email\"},\"phone\":{\"type\":\"string\"},\"officeType\":{\"type\":\"string\"},\"mapLink\":{\"type\":\"string\"},\"image\":{\"type\":\"media\",\"multiple\":false,\"allowedTypes\":[\"images\",\"files\",\"videos\",\"audios\"]}},\"kind\":\"collectionType\"},\"modelName\":\"office-location\",\"actions\":{},\"lifecycles\":{}},\"api::page-hero-section.page-hero-section\":{\"kind\":\"collectionType\",\"collectionName\":\"page_hero_sections\",\"info\":{\"singularName\":\"page-hero-section\",\"pluralName\":\"page-hero-sections\",\"displayName\":\"Page Hero Section\"},\"options\":{\"draftAndPublish\":true},\"pluginOptions\":{},\"attributes\":{\"backgroundImage\":{\"type\":\"media\",\"multiple\":false,\"allowedTypes\":[\"images\",\"files\",\"videos\",\"audios\"]},\"title\":{\"type\":\"string\"},\"titleAccent\":{\"type\":\"string\"},\"description\":{\"type\":\"text\"},\"HeroButton\":{\"type\":\"component\",\"component\":\"hero-buttons.hero-button\",\"repeatable\":true},\"textAlign\":{\"type\":\"enumeration\",\"enum\":[\"left\",\"center\"]},\"showFooter\":{\"type\":\"boolean\"},\"reviewLink\":{\"type\":\"string\"},\"pageName\":{\"type\":\"string\"},\"createdAt\":{\"type\":\"datetime\"},\"updatedAt\":{\"type\":\"datetime\"},\"publishedAt\":{\"type\":\"datetime\",\"configurable\":false,\"writable\":true,\"visible\":false},\"createdBy\":{\"type\":\"relation\",\"relation\":\"oneToOne\",\"target\":\"admin::user\",\"configurable\":false,\"writable\":false,\"visible\":false,\"useJoinTable\":false,\"private\":true},\"updatedBy\":{\"type\":\"relation\",\"relation\":\"oneToOne\",\"target\":\"admin::user\",\"configurable\":false,\"writable\":false,\"visible\":false,\"useJoinTable\":false,\"private\":true},\"locale\":{\"writable\":true,\"private\":true,\"configurable\":false,\"visible\":false,\"type\":\"string\"},\"localizations\":{\"type\":\"relation\",\"relation\":\"oneToMany\",\"target\":\"api::page-hero-section.page-hero-section\",\"writable\":false,\"private\":true,\"configurable\":false,\"visible\":false,\"unstable_virtual\":true,\"joinColumn\":{\"name\":\"document_id\",\"referencedColumn\":\"document_id\",\"referencedTable\":\"page_hero_sections\"}}},\"apiName\":\"page-hero-section\",\"globalId\":\"PageHeroSection\",\"uid\":\"api::page-hero-section.page-hero-section\",\"modelType\":\"contentType\",\"__schema__\":{\"collectionName\":\"page_hero_sections\",\"info\":{\"singularName\":\"page-hero-section\",\"pluralName\":\"page-hero-sections\",\"displayName\":\"Page Hero Section\"},\"options\":{\"draftAndPublish\":true},\"pluginOptions\":{},\"attributes\":{\"backgroundImage\":{\"type\":\"media\",\"multiple\":false,\"allowedTypes\":[\"images\",\"files\",\"videos\",\"audios\"]},\"title\":{\"type\":\"string\"},\"titleAccent\":{\"type\":\"string\"},\"description\":{\"type\":\"text\"},\"HeroButton\":{\"type\":\"component\",\"component\":\"hero-buttons.hero-button\",\"repeatable\":true},\"textAlign\":{\"type\":\"enumeration\",\"enum\":[\"left\",\"center\"]},\"showFooter\":{\"type\":\"boolean\"},\"reviewLink\":{\"type\":\"string\"},\"pageName\":{\"type\":\"string\"}},\"kind\":\"collectionType\"},\"modelName\":\"page-hero-section\",\"actions\":{},\"lifecycles\":{}},\"api::page-section.page-section\":{\"kind\":\"collectionType\",\"collectionName\":\"page_sections\",\"info\":{\"singularName\":\"page-section\",\"pluralName\":\"page-sections\",\"displayName\":\"Page Section\"},\"options\":{\"draftAndPublish\":true},\"pluginOptions\":{},\"attributes\":{\"sectionId\":{\"type\":\"string\",\"required\":true},\"title\":{\"type\":\"string\"},\"titleAccent\":{\"type\":\"string\"},\"description\":{\"type\":\"text\"},\"backgroundImage\":{\"type\":\"media\",\"multiple\":false,\"allowedTypes\":[\"images\",\"files\",\"videos\",\"audios\"]},\"createdAt\":{\"type\":\"datetime\"},\"updatedAt\":{\"type\":\"datetime\"},\"publishedAt\":{\"type\":\"datetime\",\"configurable\":false,\"writable\":true,\"visible\":false},\"createdBy\":{\"type\":\"relation\",\"relation\":\"oneToOne\",\"target\":\"admin::user\",\"configurable\":false,\"writable\":false,\"visible\":false,\"useJoinTable\":false,\"private\":true},\"updatedBy\":{\"type\":\"relation\",\"relation\":\"oneToOne\",\"target\":\"admin::user\",\"configurable\":false,\"writable\":false,\"visible\":false,\"useJoinTable\":false,\"private\":true},\"locale\":{\"writable\":true,\"private\":true,\"configurable\":false,\"visible\":false,\"type\":\"string\"},\"localizations\":{\"type\":\"relation\",\"relation\":\"oneToMany\",\"target\":\"api::page-section.page-section\",\"writable\":false,\"private\":true,\"configurable\":false,\"visible\":false,\"unstable_virtual\":true,\"joinColumn\":{\"name\":\"document_id\",\"referencedColumn\":\"document_id\",\"referencedTable\":\"page_sections\"}}},\"apiName\":\"page-section\",\"globalId\":\"PageSection\",\"uid\":\"api::page-section.page-section\",\"modelType\":\"contentType\",\"__schema__\":{\"collectionName\":\"page_sections\",\"info\":{\"singularName\":\"page-section\",\"pluralName\":\"page-sections\",\"displayName\":\"Page Section\"},\"options\":{\"draftAndPublish\":true},\"pluginOptions\":{},\"attributes\":{\"sectionId\":{\"type\":\"string\",\"required\":true},\"title\":{\"type\":\"string\"},\"titleAccent\":{\"type\":\"string\"},\"description\":{\"type\":\"text\"},\"backgroundImage\":{\"type\":\"media\",\"multiple\":false,\"allowedTypes\":[\"images\",\"files\",\"videos\",\"audios\"]}},\"kind\":\"collectionType\"},\"modelName\":\"page-section\",\"actions\":{},\"lifecycles\":{}},\"api::page-service-section.page-service-section\":{\"kind\":\"collectionType\",\"collectionName\":\"page_service_sections\",\"info\":{\"singularName\":\"page-service-section\",\"pluralName\":\"page-service-sections\",\"displayName\":\"Page Service Section\"},\"options\":{\"draftAndPublish\":true},\"pluginOptions\":{},\"attributes\":{\"pageName\":{\"type\":\"string\",\"required\":true},\"title\":{\"type\":\"string\"},\"titleAccent\":{\"type\":\"string\"},\"description\":{\"type\":\"text\"},\"backgroundGradient\":{\"type\":\"string\"},\"showSpecialService\":{\"type\":\"boolean\"},\"clickableCards\":{\"type\":\"boolean\"},\"services\":{\"type\":\"component\",\"component\":\"services.services\",\"repeatable\":true},\"createdAt\":{\"type\":\"datetime\"},\"updatedAt\":{\"type\":\"datetime\"},\"publishedAt\":{\"type\":\"datetime\",\"configurable\":false,\"writable\":true,\"visible\":false},\"createdBy\":{\"type\":\"relation\",\"relation\":\"oneToOne\",\"target\":\"admin::user\",\"configurable\":false,\"writable\":false,\"visible\":false,\"useJoinTable\":false,\"private\":true},\"updatedBy\":{\"type\":\"relation\",\"relation\":\"oneToOne\",\"target\":\"admin::user\",\"configurable\":false,\"writable\":false,\"visible\":false,\"useJoinTable\":false,\"private\":true},\"locale\":{\"writable\":true,\"private\":true,\"configurable\":false,\"visible\":false,\"type\":\"string\"},\"localizations\":{\"type\":\"relation\",\"relation\":\"oneToMany\",\"target\":\"api::page-service-section.page-service-section\",\"writable\":false,\"private\":true,\"configurable\":false,\"visible\":false,\"unstable_virtual\":true,\"joinColumn\":{\"name\":\"document_id\",\"referencedColumn\":\"document_id\",\"referencedTable\":\"page_service_sections\"}}},\"apiName\":\"page-service-section\",\"globalId\":\"PageServiceSection\",\"uid\":\"api::page-service-section.page-service-section\",\"modelType\":\"contentType\",\"__schema__\":{\"collectionName\":\"page_service_sections\",\"info\":{\"singularName\":\"page-service-section\",\"pluralName\":\"page-service-sections\",\"displayName\":\"Page Service Section\"},\"options\":{\"draftAndPublish\":true},\"pluginOptions\":{},\"attributes\":{\"pageName\":{\"type\":\"string\",\"required\":true},\"title\":{\"type\":\"string\"},\"titleAccent\":{\"type\":\"string\"},\"description\":{\"type\":\"text\"},\"backgroundGradient\":{\"type\":\"string\"},\"showSpecialService\":{\"type\":\"boolean\"},\"clickableCards\":{\"type\":\"boolean\"},\"services\":{\"type\":\"component\",\"component\":\"services.services\",\"repeatable\":true}},\"kind\":\"collectionType\"},\"modelName\":\"page-service-section\",\"actions\":{},\"lifecycles\":{}},\"api::service.service\":{\"kind\":\"collectionType\",\"collectionName\":\"services\",\"info\":{\"singularName\":\"service\",\"pluralName\":\"services\",\"displayName\":\"Service\",\"group\":\"Service\"},\"options\":{\"draftAndPublish\":true},\"pluginOptions\":{},\"attributes\":{\"title\":{\"type\":\"string\"},\"titleAccent\":{\"type\":\"string\"},\"description\":{\"type\":\"text\"},\"image\":{\"type\":\"media\",\"multiple\":false,\"allowedTypes\":[\"images\",\"files\",\"videos\",\"audios\"]},\"imageAlt\":{\"type\":\"string\"},\"buttonText\":{\"type\":\"string\"},\"buttonHref\":{\"type\":\"string\"},\"serviceKey\":{\"type\":\"string\"},\"SubServices\":{\"type\":\"component\",\"component\":\"service.sub-services\",\"repeatable\":true},\"createdAt\":{\"type\":\"datetime\"},\"updatedAt\":{\"type\":\"datetime\"},\"publishedAt\":{\"type\":\"datetime\",\"configurable\":false,\"writable\":true,\"visible\":false},\"createdBy\":{\"type\":\"relation\",\"relation\":\"oneToOne\",\"target\":\"admin::user\",\"configurable\":false,\"writable\":false,\"visible\":false,\"useJoinTable\":false,\"private\":true},\"updatedBy\":{\"type\":\"relation\",\"relation\":\"oneToOne\",\"target\":\"admin::user\",\"configurable\":false,\"writable\":false,\"visible\":false,\"useJoinTable\":false,\"private\":true},\"locale\":{\"writable\":true,\"private\":true,\"configurable\":false,\"visible\":false,\"type\":\"string\"},\"localizations\":{\"type\":\"relation\",\"relation\":\"oneToMany\",\"target\":\"api::service.service\",\"writable\":false,\"private\":true,\"configurable\":false,\"visible\":false,\"unstable_virtual\":true,\"joinColumn\":{\"name\":\"document_id\",\"referencedColumn\":\"document_id\",\"referencedTable\":\"services\"}}},\"apiName\":\"service\",\"globalId\":\"Service\",\"uid\":\"api::service.service\",\"modelType\":\"contentType\",\"__schema__\":{\"collectionName\":\"services\",\"info\":{\"singularName\":\"service\",\"pluralName\":\"services\",\"displayName\":\"Service\",\"group\":\"Service\"},\"options\":{\"draftAndPublish\":true},\"pluginOptions\":{},\"attributes\":{\"title\":{\"type\":\"string\"},\"titleAccent\":{\"type\":\"string\"},\"description\":{\"type\":\"text\"},\"image\":{\"type\":\"media\",\"multiple\":false,\"allowedTypes\":[\"images\",\"files\",\"videos\",\"audios\"]},\"imageAlt\":{\"type\":\"string\"},\"buttonText\":{\"type\":\"string\"},\"buttonHref\":{\"type\":\"string\"},\"serviceKey\":{\"type\":\"string\"},\"SubServices\":{\"type\":\"component\",\"component\":\"service.sub-services\",\"repeatable\":true}},\"kind\":\"collectionType\"},\"modelName\":\"service\",\"actions\":{},\"lifecycles\":{}},\"api::service-detail.service-detail\":{\"kind\":\"collectionType\",\"collectionName\":\"service_details\",\"info\":{\"singularName\":\"service-detail\",\"pluralName\":\"service-details\",\"displayName\":\"Service Detail\",\"group\":\"Service\"},\"options\":{\"draftAndPublish\":true},\"pluginOptions\":{},\"attributes\":{\"service\":{\"type\":\"relation\",\"relation\":\"oneToOne\",\"target\":\"api::service.service\"},\"overview\":{\"type\":\"text\",\"required\":true},\"benefits\":{\"type\":\"component\",\"component\":\"service-detail.benefit\",\"repeatable\":true},\"process\":{\"type\":\"component\",\"component\":\"service-detail.process-step\",\"repeatable\":true},\"features\":{\"type\":\"component\",\"component\":\"service-detail.feature\",\"repeatable\":true},\"ctaTitle\":{\"type\":\"string\"},\"ctaTitleAccent\":{\"type\":\"string\"},\"ctaButtonText\":{\"type\":\"string\"},\"createdAt\":{\"type\":\"datetime\"},\"updatedAt\":{\"type\":\"datetime\"},\"publishedAt\":{\"type\":\"datetime\",\"configurable\":false,\"writable\":true,\"visible\":false},\"createdBy\":{\"type\":\"relation\",\"relation\":\"oneToOne\",\"target\":\"admin::user\",\"configurable\":false,\"writable\":false,\"visible\":false,\"useJoinTable\":false,\"private\":true},\"updatedBy\":{\"type\":\"relation\",\"relation\":\"oneToOne\",\"target\":\"admin::user\",\"configurable\":false,\"writable\":false,\"visible\":false,\"useJoinTable\":false,\"private\":true},\"locale\":{\"writable\":true,\"private\":true,\"configurable\":false,\"visible\":false,\"type\":\"string\"},\"localizations\":{\"type\":\"relation\",\"relation\":\"oneToMany\",\"target\":\"api::service-detail.service-detail\",\"writable\":false,\"private\":true,\"configurable\":false,\"visible\":false,\"unstable_virtual\":true,\"joinColumn\":{\"name\":\"document_id\",\"referencedColumn\":\"document_id\",\"referencedTable\":\"service_details\"}}},\"apiName\":\"service-detail\",\"globalId\":\"ServiceDetail\",\"uid\":\"api::service-detail.service-detail\",\"modelType\":\"contentType\",\"__schema__\":{\"collectionName\":\"service_details\",\"info\":{\"singularName\":\"service-detail\",\"pluralName\":\"service-details\",\"displayName\":\"Service Detail\",\"group\":\"Service\"},\"options\":{\"draftAndPublish\":true},\"pluginOptions\":{},\"attributes\":{\"service\":{\"type\":\"relation\",\"relation\":\"oneToOne\",\"target\":\"api::service.service\"},\"overview\":{\"type\":\"text\",\"required\":true},\"benefits\":{\"type\":\"component\",\"component\":\"service-detail.benefit\",\"repeatable\":true},\"process\":{\"type\":\"component\",\"component\":\"service-detail.process-step\",\"repeatable\":true},\"features\":{\"type\":\"component\",\"component\":\"service-detail.feature\",\"repeatable\":true},\"ctaTitle\":{\"type\":\"string\"},\"ctaTitleAccent\":{\"type\":\"string\"},\"ctaButtonText\":{\"type\":\"string\"}},\"kind\":\"collectionType\"},\"modelName\":\"service-detail\",\"actions\":{},\"lifecycles\":{}},\"api::team-member.team-member\":{\"kind\":\"collectionType\",\"collectionName\":\"team_members\",\"info\":{\"singularName\":\"team-member\",\"pluralName\":\"team-members\",\"displayName\":\"Team Member\"},\"options\":{\"draftAndPublish\":true},\"pluginOptions\":{},\"attributes\":{\"image\":{\"type\":\"media\",\"multiple\":false,\"allowedTypes\":[\"images\",\"files\",\"videos\",\"audios\"]},\"name\":{\"type\":\"string\"},\"description\":{\"type\":\"text\"},\"alt\":{\"type\":\"string\"},\"position\":{\"type\":\"string\"},\"createdAt\":{\"type\":\"datetime\"},\"updatedAt\":{\"type\":\"datetime\"},\"publishedAt\":{\"type\":\"datetime\",\"configurable\":false,\"writable\":true,\"visible\":false},\"createdBy\":{\"type\":\"relation\",\"relation\":\"oneToOne\",\"target\":\"admin::user\",\"configurable\":false,\"writable\":false,\"visible\":false,\"useJoinTable\":false,\"private\":true},\"updatedBy\":{\"type\":\"relation\",\"relation\":\"oneToOne\",\"target\":\"admin::user\",\"configurable\":false,\"writable\":false,\"visible\":false,\"useJoinTable\":false,\"private\":true},\"locale\":{\"writable\":true,\"private\":true,\"configurable\":false,\"visible\":false,\"type\":\"string\"},\"localizations\":{\"type\":\"relation\",\"relation\":\"oneToMany\",\"target\":\"api::team-member.team-member\",\"writable\":false,\"private\":true,\"configurable\":false,\"visible\":false,\"unstable_virtual\":true,\"joinColumn\":{\"name\":\"document_id\",\"referencedColumn\":\"document_id\",\"referencedTable\":\"team_members\"}}},\"apiName\":\"team-member\",\"globalId\":\"TeamMember\",\"uid\":\"api::team-member.team-member\",\"modelType\":\"contentType\",\"__schema__\":{\"collectionName\":\"team_members\",\"info\":{\"singularName\":\"team-member\",\"pluralName\":\"team-members\",\"displayName\":\"Team Member\"},\"options\":{\"draftAndPublish\":true},\"pluginOptions\":{},\"attributes\":{\"image\":{\"type\":\"media\",\"multiple\":false,\"allowedTypes\":[\"images\",\"files\",\"videos\",\"audios\"]},\"name\":{\"type\":\"string\"},\"description\":{\"type\":\"text\"},\"alt\":{\"type\":\"string\"},\"position\":{\"type\":\"string\"}},\"kind\":\"collectionType\"},\"modelName\":\"team-member\",\"actions\":{},\"lifecycles\":{}},\"admin::permission\":{\"collectionName\":\"admin_permissions\",\"info\":{\"name\":\"Permission\",\"description\":\"\",\"singularName\":\"permission\",\"pluralName\":\"permissions\",\"displayName\":\"Permission\"},\"options\":{\"draftAndPublish\":false},\"pluginOptions\":{\"content-manager\":{\"visible\":false},\"content-type-builder\":{\"visible\":false}},\"attributes\":{\"action\":{\"type\":\"string\",\"minLength\":1,\"configurable\":false,\"required\":true},\"actionParameters\":{\"type\":\"json\",\"configurable\":false,\"required\":false,\"default\":{}},\"subject\":{\"type\":\"string\",\"minLength\":1,\"configurable\":false,\"required\":false},\"properties\":{\"type\":\"json\",\"configurable\":false,\"required\":false,\"default\":{}},\"conditions\":{\"type\":\"json\",\"configurable\":false,\"required\":false,\"default\":[]},\"role\":{\"configurable\":false,\"type\":\"relation\",\"relation\":\"manyToOne\",\"inversedBy\":\"permissions\",\"target\":\"admin::role\"},\"createdAt\":{\"type\":\"datetime\"},\"updatedAt\":{\"type\":\"datetime\"},\"publishedAt\":{\"type\":\"datetime\",\"configurable\":false,\"writable\":true,\"visible\":false},\"createdBy\":{\"type\":\"relation\",\"relation\":\"oneToOne\",\"target\":\"admin::user\",\"configurable\":false,\"writable\":false,\"visible\":false,\"useJoinTable\":false,\"private\":true},\"updatedBy\":{\"type\":\"relation\",\"relation\":\"oneToOne\",\"target\":\"admin::user\",\"configurable\":false,\"writable\":false,\"visible\":false,\"useJoinTable\":false,\"private\":true},\"locale\":{\"writable\":true,\"private\":true,\"configurable\":false,\"visible\":false,\"type\":\"string\"},\"localizations\":{\"type\":\"relation\",\"relation\":\"oneToMany\",\"target\":\"admin::permission\",\"writable\":false,\"private\":true,\"configurable\":false,\"visible\":false,\"unstable_virtual\":true,\"joinColumn\":{\"name\":\"document_id\",\"referencedColumn\":\"document_id\",\"referencedTable\":\"admin_permissions\"}}},\"plugin\":\"admin\",\"globalId\":\"AdminPermission\",\"uid\":\"admin::permission\",\"modelType\":\"contentType\",\"kind\":\"collectionType\",\"__schema__\":{\"collectionName\":\"admin_permissions\",\"info\":{\"name\":\"Permission\",\"description\":\"\",\"singularName\":\"permission\",\"pluralName\":\"permissions\",\"displayName\":\"Permission\"},\"options\":{},\"pluginOptions\":{\"content-manager\":{\"visible\":false},\"content-type-builder\":{\"visible\":false}},\"attributes\":{\"action\":{\"type\":\"string\",\"minLength\":1,\"configurable\":false,\"required\":true},\"actionParameters\":{\"type\":\"json\",\"configurable\":false,\"required\":false,\"default\":{}},\"subject\":{\"type\":\"string\",\"minLength\":1,\"configurable\":false,\"required\":false},\"properties\":{\"type\":\"json\",\"configurable\":false,\"required\":false,\"default\":{}},\"conditions\":{\"type\":\"json\",\"configurable\":false,\"required\":false,\"default\":[]},\"role\":{\"configurable\":false,\"type\":\"relation\",\"relation\":\"manyToOne\",\"inversedBy\":\"permissions\",\"target\":\"admin::role\"}},\"kind\":\"collectionType\"},\"modelName\":\"permission\"},\"admin::user\":{\"collectionName\":\"admin_users\",\"info\":{\"name\":\"User\",\"description\":\"\",\"singularName\":\"user\",\"pluralName\":\"users\",\"displayName\":\"User\"},\"pluginOptions\":{\"content-manager\":{\"visible\":false},\"content-type-builder\":{\"visible\":false}},\"attributes\":{\"firstname\":{\"type\":\"string\",\"unique\":false,\"minLength\":1,\"configurable\":false,\"required\":false},\"lastname\":{\"type\":\"string\",\"unique\":false,\"minLength\":1,\"configurable\":false,\"required\":false},\"username\":{\"type\":\"string\",\"unique\":false,\"configurable\":false,\"required\":false},\"email\":{\"type\":\"email\",\"minLength\":6,\"configurable\":false,\"required\":true,\"unique\":true,\"private\":true},\"password\":{\"type\":\"password\",\"minLength\":6,\"configurable\":false,\"required\":false,\"private\":true,\"searchable\":false},\"resetPasswordToken\":{\"type\":\"string\",\"configurable\":false,\"private\":true,\"searchable\":false},\"registrationToken\":{\"type\":\"string\",\"configurable\":false,\"private\":true,\"searchable\":false},\"isActive\":{\"type\":\"boolean\",\"default\":false,\"configurable\":false,\"private\":true},\"roles\":{\"configurable\":false,\"private\":true,\"type\":\"relation\",\"relation\":\"manyToMany\",\"inversedBy\":\"users\",\"target\":\"admin::role\",\"collectionName\":\"strapi_users_roles\"},\"blocked\":{\"type\":\"boolean\",\"default\":false,\"configurable\":false,\"private\":true},\"preferedLanguage\":{\"type\":\"string\",\"configurable\":false,\"required\":false,\"searchable\":false},\"createdAt\":{\"type\":\"datetime\"},\"updatedAt\":{\"type\":\"datetime\"},\"publishedAt\":{\"type\":\"datetime\",\"configurable\":false,\"writable\":true,\"visible\":false},\"createdBy\":{\"type\":\"relation\",\"relation\":\"oneToOne\",\"target\":\"admin::user\",\"configurable\":false,\"writable\":false,\"visible\":false,\"useJoinTable\":false,\"private\":true},\"updatedBy\":{\"type\":\"relation\",\"relation\":\"oneToOne\",\"target\":\"admin::user\",\"configurable\":false,\"writable\":false,\"visible\":false,\"useJoinTable\":false,\"private\":true},\"locale\":{\"writable\":true,\"private\":true,\"configurable\":false,\"visible\":false,\"type\":\"string\"},\"localizations\":{\"type\":\"relation\",\"relation\":\"oneToMany\",\"target\":\"admin::user\",\"writable\":false,\"private\":true,\"configurable\":false,\"visible\":false,\"unstable_virtual\":true,\"joinColumn\":{\"name\":\"document_id\",\"referencedColumn\":\"document_id\",\"referencedTable\":\"admin_users\"}}},\"config\":{\"attributes\":{\"resetPasswordToken\":{\"hidden\":true},\"registrationToken\":{\"hidden\":true}}},\"plugin\":\"admin\",\"globalId\":\"AdminUser\",\"uid\":\"admin::user\",\"modelType\":\"contentType\",\"kind\":\"collectionType\",\"__schema__\":{\"collectionName\":\"admin_users\",\"info\":{\"name\":\"User\",\"description\":\"\",\"singularName\":\"user\",\"pluralName\":\"users\",\"displayName\":\"User\"},\"pluginOptions\":{\"content-manager\":{\"visible\":false},\"content-type-builder\":{\"visible\":false}},\"attributes\":{\"firstname\":{\"type\":\"string\",\"unique\":false,\"minLength\":1,\"configurable\":false,\"required\":false},\"lastname\":{\"type\":\"string\",\"unique\":false,\"minLength\":1,\"configurable\":false,\"required\":false},\"username\":{\"type\":\"string\",\"unique\":false,\"configurable\":false,\"required\":false},\"email\":{\"type\":\"email\",\"minLength\":6,\"configurable\":false,\"required\":true,\"unique\":true,\"private\":true},\"password\":{\"type\":\"password\",\"minLength\":6,\"configurable\":false,\"required\":false,\"private\":true,\"searchable\":false},\"resetPasswordToken\":{\"type\":\"string\",\"configurable\":false,\"private\":true,\"searchable\":false},\"registrationToken\":{\"type\":\"string\",\"configurable\":false,\"private\":true,\"searchable\":false},\"isActive\":{\"type\":\"boolean\",\"default\":false,\"configurable\":false,\"private\":true},\"roles\":{\"configurable\":false,\"private\":true,\"type\":\"relation\",\"relation\":\"manyToMany\",\"inversedBy\":\"users\",\"target\":\"admin::role\",\"collectionName\":\"strapi_users_roles\"},\"blocked\":{\"type\":\"boolean\",\"default\":false,\"configurable\":false,\"private\":true},\"preferedLanguage\":{\"type\":\"string\",\"configurable\":false,\"required\":false,\"searchable\":false}},\"kind\":\"collectionType\"},\"modelName\":\"user\",\"options\":{\"draftAndPublish\":false}},\"admin::role\":{\"collectionName\":\"admin_roles\",\"info\":{\"name\":\"Role\",\"description\":\"\",\"singularName\":\"role\",\"pluralName\":\"roles\",\"displayName\":\"Role\"},\"options\":{\"draftAndPublish\":false},\"pluginOptions\":{\"content-manager\":{\"visible\":false},\"content-type-builder\":{\"visible\":false}},\"attributes\":{\"name\":{\"type\":\"string\",\"minLength\":1,\"unique\":true,\"configurable\":false,\"required\":true},\"code\":{\"type\":\"string\",\"minLength\":1,\"unique\":true,\"configurable\":false,\"required\":true},\"description\":{\"type\":\"string\",\"configurable\":false},\"users\":{\"configurable\":false,\"type\":\"relation\",\"relation\":\"manyToMany\",\"mappedBy\":\"roles\",\"target\":\"admin::user\"},\"permissions\":{\"configurable\":false,\"type\":\"relation\",\"relation\":\"oneToMany\",\"mappedBy\":\"role\",\"target\":\"admin::permission\"},\"createdAt\":{\"type\":\"datetime\"},\"updatedAt\":{\"type\":\"datetime\"},\"publishedAt\":{\"type\":\"datetime\",\"configurable\":false,\"writable\":true,\"visible\":false},\"createdBy\":{\"type\":\"relation\",\"relation\":\"oneToOne\",\"target\":\"admin::user\",\"configurable\":false,\"writable\":false,\"visible\":false,\"useJoinTable\":false,\"private\":true},\"updatedBy\":{\"type\":\"relation\",\"relation\":\"oneToOne\",\"target\":\"admin::user\",\"configurable\":false,\"writable\":false,\"visible\":false,\"useJoinTable\":false,\"private\":true},\"locale\":{\"writable\":true,\"private\":true,\"configurable\":false,\"visible\":false,\"type\":\"string\"},\"localizations\":{\"type\":\"relation\",\"relation\":\"oneToMany\",\"target\":\"admin::role\",\"writable\":false,\"private\":true,\"configurable\":false,\"visible\":false,\"unstable_virtual\":true,\"joinColumn\":{\"name\":\"document_id\",\"referencedColumn\":\"document_id\",\"referencedTable\":\"admin_roles\"}}},\"plugin\":\"admin\",\"globalId\":\"AdminRole\",\"uid\":\"admin::role\",\"modelType\":\"contentType\",\"kind\":\"collectionType\",\"__schema__\":{\"collectionName\":\"admin_roles\",\"info\":{\"name\":\"Role\",\"description\":\"\",\"singularName\":\"role\",\"pluralName\":\"roles\",\"displayName\":\"Role\"},\"options\":{},\"pluginOptions\":{\"content-manager\":{\"visible\":false},\"content-type-builder\":{\"visible\":false}},\"attributes\":{\"name\":{\"type\":\"string\",\"minLength\":1,\"unique\":true,\"configurable\":false,\"required\":true},\"code\":{\"type\":\"string\",\"minLength\":1,\"unique\":true,\"configurable\":false,\"required\":true},\"description\":{\"type\":\"string\",\"configurable\":false},\"users\":{\"configurable\":false,\"type\":\"relation\",\"relation\":\"manyToMany\",\"mappedBy\":\"roles\",\"target\":\"admin::user\"},\"permissions\":{\"configurable\":false,\"type\":\"relation\",\"relation\":\"oneToMany\",\"mappedBy\":\"role\",\"target\":\"admin::permission\"}},\"kind\":\"collectionType\"},\"modelName\":\"role\"},\"admin::api-token\":{\"collectionName\":\"strapi_api_tokens\",\"info\":{\"name\":\"Api Token\",\"singularName\":\"api-token\",\"pluralName\":\"api-tokens\",\"displayName\":\"Api Token\",\"description\":\"\"},\"options\":{\"draftAndPublish\":false},\"pluginOptions\":{\"content-manager\":{\"visible\":false},\"content-type-builder\":{\"visible\":false}},\"attributes\":{\"name\":{\"type\":\"string\",\"minLength\":1,\"configurable\":false,\"required\":true,\"unique\":true},\"description\":{\"type\":\"string\",\"minLength\":1,\"configurable\":false,\"required\":false,\"default\":\"\"},\"type\":{\"type\":\"enumeration\",\"enum\":[\"read-only\",\"full-access\",\"custom\"],\"configurable\":false,\"required\":true,\"default\":\"read-only\"},\"accessKey\":{\"type\":\"string\",\"minLength\":1,\"configurable\":false,\"required\":true,\"searchable\":false},\"encryptedKey\":{\"type\":\"text\",\"minLength\":1,\"configurable\":false,\"required\":false,\"searchable\":false},\"lastUsedAt\":{\"type\":\"datetime\",\"configurable\":false,\"required\":false},\"permissions\":{\"type\":\"relation\",\"target\":\"admin::api-token-permission\",\"relation\":\"oneToMany\",\"mappedBy\":\"token\",\"configurable\":false,\"required\":false},\"expiresAt\":{\"type\":\"datetime\",\"configurable\":false,\"required\":false},\"lifespan\":{\"type\":\"biginteger\",\"configurable\":false,\"required\":false},\"createdAt\":{\"type\":\"datetime\"},\"updatedAt\":{\"type\":\"datetime\"},\"publishedAt\":{\"type\":\"datetime\",\"configurable\":false,\"writable\":true,\"visible\":false},\"createdBy\":{\"type\":\"relation\",\"relation\":\"oneToOne\",\"target\":\"admin::user\",\"configurable\":false,\"writable\":false,\"visible\":false,\"useJoinTable\":false,\"private\":true},\"updatedBy\":{\"type\":\"relation\",\"relation\":\"oneToOne\",\"target\":\"admin::user\",\"configurable\":false,\"writable\":false,\"visible\":false,\"useJoinTable\":false,\"private\":true},\"locale\":{\"writable\":true,\"private\":true,\"configurable\":false,\"visible\":false,\"type\":\"string\"},\"localizations\":{\"type\":\"relation\",\"relation\":\"oneToMany\",\"target\":\"admin::api-token\",\"writable\":false,\"private\":true,\"configurable\":false,\"visible\":false,\"unstable_virtual\":true,\"joinColumn\":{\"name\":\"document_id\",\"referencedColumn\":\"document_id\",\"referencedTable\":\"strapi_api_tokens\"}}},\"plugin\":\"admin\",\"globalId\":\"AdminApiToken\",\"uid\":\"admin::api-token\",\"modelType\":\"contentType\",\"kind\":\"collectionType\",\"__schema__\":{\"collectionName\":\"strapi_api_tokens\",\"info\":{\"name\":\"Api Token\",\"singularName\":\"api-token\",\"pluralName\":\"api-tokens\",\"displayName\":\"Api Token\",\"description\":\"\"},\"options\":{},\"pluginOptions\":{\"content-manager\":{\"visible\":false},\"content-type-builder\":{\"visible\":false}},\"attributes\":{\"name\":{\"type\":\"string\",\"minLength\":1,\"configurable\":false,\"required\":true,\"unique\":true},\"description\":{\"type\":\"string\",\"minLength\":1,\"configurable\":false,\"required\":false,\"default\":\"\"},\"type\":{\"type\":\"enumeration\",\"enum\":[\"read-only\",\"full-access\",\"custom\"],\"configurable\":false,\"required\":true,\"default\":\"read-only\"},\"accessKey\":{\"type\":\"string\",\"minLength\":1,\"configurable\":false,\"required\":true,\"searchable\":false},\"encryptedKey\":{\"type\":\"text\",\"minLength\":1,\"configurable\":false,\"required\":false,\"searchable\":false},\"lastUsedAt\":{\"type\":\"datetime\",\"configurable\":false,\"required\":false},\"permissions\":{\"type\":\"relation\",\"target\":\"admin::api-token-permission\",\"relation\":\"oneToMany\",\"mappedBy\":\"token\",\"configurable\":false,\"required\":false},\"expiresAt\":{\"type\":\"datetime\",\"configurable\":false,\"required\":false},\"lifespan\":{\"type\":\"biginteger\",\"configurable\":false,\"required\":false}},\"kind\":\"collectionType\"},\"modelName\":\"api-token\"},\"admin::api-token-permission\":{\"collectionName\":\"strapi_api_token_permissions\",\"info\":{\"name\":\"API Token Permission\",\"description\":\"\",\"singularName\":\"api-token-permission\",\"pluralName\":\"api-token-permissions\",\"displayName\":\"API Token Permission\"},\"options\":{\"draftAndPublish\":false},\"pluginOptions\":{\"content-manager\":{\"visible\":false},\"content-type-builder\":{\"visible\":false}},\"attributes\":{\"action\":{\"type\":\"string\",\"minLength\":1,\"configurable\":false,\"required\":true},\"token\":{\"configurable\":false,\"type\":\"relation\",\"relation\":\"manyToOne\",\"inversedBy\":\"permissions\",\"target\":\"admin::api-token\"},\"createdAt\":{\"type\":\"datetime\"},\"updatedAt\":{\"type\":\"datetime\"},\"publishedAt\":{\"type\":\"datetime\",\"configurable\":false,\"writable\":true,\"visible\":false},\"createdBy\":{\"type\":\"relation\",\"relation\":\"oneToOne\",\"target\":\"admin::user\",\"configurable\":false,\"writable\":false,\"visible\":false,\"useJoinTable\":false,\"private\":true},\"updatedBy\":{\"type\":\"relation\",\"relation\":\"oneToOne\",\"target\":\"admin::user\",\"configurable\":false,\"writable\":false,\"visible\":false,\"useJoinTable\":false,\"private\":true},\"locale\":{\"writable\":true,\"private\":true,\"configurable\":false,\"visible\":false,\"type\":\"string\"},\"localizations\":{\"type\":\"relation\",\"relation\":\"oneToMany\",\"target\":\"admin::api-token-permission\",\"writable\":false,\"private\":true,\"configurable\":false,\"visible\":false,\"unstable_virtual\":true,\"joinColumn\":{\"name\":\"document_id\",\"referencedColumn\":\"document_id\",\"referencedTable\":\"strapi_api_token_permissions\"}}},\"plugin\":\"admin\",\"globalId\":\"AdminApiTokenPermission\",\"uid\":\"admin::api-token-permission\",\"modelType\":\"contentType\",\"kind\":\"collectionType\",\"__schema__\":{\"collectionName\":\"strapi_api_token_permissions\",\"info\":{\"name\":\"API Token Permission\",\"description\":\"\",\"singularName\":\"api-token-permission\",\"pluralName\":\"api-token-permissions\",\"displayName\":\"API Token Permission\"},\"options\":{},\"pluginOptions\":{\"content-manager\":{\"visible\":false},\"content-type-builder\":{\"visible\":false}},\"attributes\":{\"action\":{\"type\":\"string\",\"minLength\":1,\"configurable\":false,\"required\":true},\"token\":{\"configurable\":false,\"type\":\"relation\",\"relation\":\"manyToOne\",\"inversedBy\":\"permissions\",\"target\":\"admin::api-token\"}},\"kind\":\"collectionType\"},\"modelName\":\"api-token-permission\"},\"admin::transfer-token\":{\"collectionName\":\"strapi_transfer_tokens\",\"info\":{\"name\":\"Transfer Token\",\"singularName\":\"transfer-token\",\"pluralName\":\"transfer-tokens\",\"displayName\":\"Transfer Token\",\"description\":\"\"},\"options\":{\"draftAndPublish\":false},\"pluginOptions\":{\"content-manager\":{\"visible\":false},\"content-type-builder\":{\"visible\":false}},\"attributes\":{\"name\":{\"type\":\"string\",\"minLength\":1,\"configurable\":false,\"required\":true,\"unique\":true},\"description\":{\"type\":\"string\",\"minLength\":1,\"configurable\":false,\"required\":false,\"default\":\"\"},\"accessKey\":{\"type\":\"string\",\"minLength\":1,\"configurable\":false,\"required\":true},\"lastUsedAt\":{\"type\":\"datetime\",\"configurable\":false,\"required\":false},\"permissions\":{\"type\":\"relation\",\"target\":\"admin::transfer-token-permission\",\"relation\":\"oneToMany\",\"mappedBy\":\"token\",\"configurable\":false,\"required\":false},\"expiresAt\":{\"type\":\"datetime\",\"configurable\":false,\"required\":false},\"lifespan\":{\"type\":\"biginteger\",\"configurable\":false,\"required\":false},\"createdAt\":{\"type\":\"datetime\"},\"updatedAt\":{\"type\":\"datetime\"},\"publishedAt\":{\"type\":\"datetime\",\"configurable\":false,\"writable\":true,\"visible\":false},\"createdBy\":{\"type\":\"relation\",\"relation\":\"oneToOne\",\"target\":\"admin::user\",\"configurable\":false,\"writable\":false,\"visible\":false,\"useJoinTable\":false,\"private\":true},\"updatedBy\":{\"type\":\"relation\",\"relation\":\"oneToOne\",\"target\":\"admin::user\",\"configurable\":false,\"writable\":false,\"visible\":false,\"useJoinTable\":false,\"private\":true},\"locale\":{\"writable\":true,\"private\":true,\"configurable\":false,\"visible\":false,\"type\":\"string\"},\"localizations\":{\"type\":\"relation\",\"relation\":\"oneToMany\",\"target\":\"admin::transfer-token\",\"writable\":false,\"private\":true,\"configurable\":false,\"visible\":false,\"unstable_virtual\":true,\"joinColumn\":{\"name\":\"document_id\",\"referencedColumn\":\"document_id\",\"referencedTable\":\"strapi_transfer_tokens\"}}},\"plugin\":\"admin\",\"globalId\":\"AdminTransferToken\",\"uid\":\"admin::transfer-token\",\"modelType\":\"contentType\",\"kind\":\"collectionType\",\"__schema__\":{\"collectionName\":\"strapi_transfer_tokens\",\"info\":{\"name\":\"Transfer Token\",\"singularName\":\"transfer-token\",\"pluralName\":\"transfer-tokens\",\"displayName\":\"Transfer Token\",\"description\":\"\"},\"options\":{},\"pluginOptions\":{\"content-manager\":{\"visible\":false},\"content-type-builder\":{\"visible\":false}},\"attributes\":{\"name\":{\"type\":\"string\",\"minLength\":1,\"configurable\":false,\"required\":true,\"unique\":true},\"description\":{\"type\":\"string\",\"minLength\":1,\"configurable\":false,\"required\":false,\"default\":\"\"},\"accessKey\":{\"type\":\"string\",\"minLength\":1,\"configurable\":false,\"required\":true},\"lastUsedAt\":{\"type\":\"datetime\",\"configurable\":false,\"required\":false},\"permissions\":{\"type\":\"relation\",\"target\":\"admin::transfer-token-permission\",\"relation\":\"oneToMany\",\"mappedBy\":\"token\",\"configurable\":false,\"required\":false},\"expiresAt\":{\"type\":\"datetime\",\"configurable\":false,\"required\":false},\"lifespan\":{\"type\":\"biginteger\",\"configurable\":false,\"required\":false}},\"kind\":\"collectionType\"},\"modelName\":\"transfer-token\"},\"admin::transfer-token-permission\":{\"collectionName\":\"strapi_transfer_token_permissions\",\"info\":{\"name\":\"Transfer Token Permission\",\"description\":\"\",\"singularName\":\"transfer-token-permission\",\"pluralName\":\"transfer-token-permissions\",\"displayName\":\"Transfer Token Permission\"},\"options\":{\"draftAndPublish\":false},\"pluginOptions\":{\"content-manager\":{\"visible\":false},\"content-type-builder\":{\"visible\":false}},\"attributes\":{\"action\":{\"type\":\"string\",\"minLength\":1,\"configurable\":false,\"required\":true},\"token\":{\"configurable\":false,\"type\":\"relation\",\"relation\":\"manyToOne\",\"inversedBy\":\"permissions\",\"target\":\"admin::transfer-token\"},\"createdAt\":{\"type\":\"datetime\"},\"updatedAt\":{\"type\":\"datetime\"},\"publishedAt\":{\"type\":\"datetime\",\"configurable\":false,\"writable\":true,\"visible\":false},\"createdBy\":{\"type\":\"relation\",\"relation\":\"oneToOne\",\"target\":\"admin::user\",\"configurable\":false,\"writable\":false,\"visible\":false,\"useJoinTable\":false,\"private\":true},\"updatedBy\":{\"type\":\"relation\",\"relation\":\"oneToOne\",\"target\":\"admin::user\",\"configurable\":false,\"writable\":false,\"visible\":false,\"useJoinTable\":false,\"private\":true},\"locale\":{\"writable\":true,\"private\":true,\"configurable\":false,\"visible\":false,\"type\":\"string\"},\"localizations\":{\"type\":\"relation\",\"relation\":\"oneToMany\",\"target\":\"admin::transfer-token-permission\",\"writable\":false,\"private\":true,\"configurable\":false,\"visible\":false,\"unstable_virtual\":true,\"joinColumn\":{\"name\":\"document_id\",\"referencedColumn\":\"document_id\",\"referencedTable\":\"strapi_transfer_token_permissions\"}}},\"plugin\":\"admin\",\"globalId\":\"AdminTransferTokenPermission\",\"uid\":\"admin::transfer-token-permission\",\"modelType\":\"contentType\",\"kind\":\"collectionType\",\"__schema__\":{\"collectionName\":\"strapi_transfer_token_permissions\",\"info\":{\"name\":\"Transfer Token Permission\",\"description\":\"\",\"singularName\":\"transfer-token-permission\",\"pluralName\":\"transfer-token-permissions\",\"displayName\":\"Transfer Token Permission\"},\"options\":{},\"pluginOptions\":{\"content-manager\":{\"visible\":false},\"content-type-builder\":{\"visible\":false}},\"attributes\":{\"action\":{\"type\":\"string\",\"minLength\":1,\"configurable\":false,\"required\":true},\"token\":{\"configurable\":false,\"type\":\"relation\",\"relation\":\"manyToOne\",\"inversedBy\":\"permissions\",\"target\":\"admin::transfer-token\"}},\"kind\":\"collectionType\"},\"modelName\":\"transfer-token-permission\"}}', 'object', NULL, NULL);
INSERT INTO `strapi_core_store_settings` VALUES (2, 'plugin_content_manager_configuration_content_types::plugin::upload.folder', '{\"settings\":{\"bulkable\":true,\"filterable\":true,\"searchable\":true,\"pageSize\":10,\"mainField\":\"name\",\"defaultSortBy\":\"name\",\"defaultSortOrder\":\"ASC\"},\"metadatas\":{\"id\":{\"edit\":{},\"list\":{\"label\":\"id\",\"searchable\":true,\"sortable\":true}},\"name\":{\"edit\":{\"label\":\"name\",\"description\":\"\",\"placeholder\":\"\",\"visible\":true,\"editable\":true},\"list\":{\"label\":\"name\",\"searchable\":true,\"sortable\":true}},\"pathId\":{\"edit\":{\"label\":\"pathId\",\"description\":\"\",\"placeholder\":\"\",\"visible\":true,\"editable\":true},\"list\":{\"label\":\"pathId\",\"searchable\":true,\"sortable\":true}},\"parent\":{\"edit\":{\"label\":\"parent\",\"description\":\"\",\"placeholder\":\"\",\"visible\":true,\"editable\":true,\"mainField\":\"name\"},\"list\":{\"label\":\"parent\",\"searchable\":true,\"sortable\":true}},\"children\":{\"edit\":{\"label\":\"children\",\"description\":\"\",\"placeholder\":\"\",\"visible\":true,\"editable\":true,\"mainField\":\"name\"},\"list\":{\"label\":\"children\",\"searchable\":false,\"sortable\":false}},\"files\":{\"edit\":{\"label\":\"files\",\"description\":\"\",\"placeholder\":\"\",\"visible\":true,\"editable\":true,\"mainField\":\"name\"},\"list\":{\"label\":\"files\",\"searchable\":false,\"sortable\":false}},\"path\":{\"edit\":{\"label\":\"path\",\"description\":\"\",\"placeholder\":\"\",\"visible\":true,\"editable\":true},\"list\":{\"label\":\"path\",\"searchable\":true,\"sortable\":true}},\"createdAt\":{\"edit\":{\"label\":\"createdAt\",\"description\":\"\",\"placeholder\":\"\",\"visible\":false,\"editable\":true},\"list\":{\"label\":\"createdAt\",\"searchable\":true,\"sortable\":true}},\"updatedAt\":{\"edit\":{\"label\":\"updatedAt\",\"description\":\"\",\"placeholder\":\"\",\"visible\":false,\"editable\":true},\"list\":{\"label\":\"updatedAt\",\"searchable\":true,\"sortable\":true}},\"createdBy\":{\"edit\":{\"label\":\"createdBy\",\"description\":\"\",\"placeholder\":\"\",\"visible\":false,\"editable\":true,\"mainField\":\"firstname\"},\"list\":{\"label\":\"createdBy\",\"searchable\":true,\"sortable\":true}},\"updatedBy\":{\"edit\":{\"label\":\"updatedBy\",\"description\":\"\",\"placeholder\":\"\",\"visible\":false,\"editable\":true,\"mainField\":\"firstname\"},\"list\":{\"label\":\"updatedBy\",\"searchable\":true,\"sortable\":true}},\"documentId\":{\"edit\":{},\"list\":{\"label\":\"documentId\",\"searchable\":true,\"sortable\":true}}},\"layouts\":{\"list\":[\"id\",\"name\",\"pathId\",\"parent\"],\"edit\":[[{\"name\":\"name\",\"size\":6},{\"name\":\"pathId\",\"size\":4}],[{\"name\":\"parent\",\"size\":6},{\"name\":\"children\",\"size\":6}],[{\"name\":\"files\",\"size\":6},{\"name\":\"path\",\"size\":6}]]},\"uid\":\"plugin::upload.folder\"}', 'object', NULL, NULL);
INSERT INTO `strapi_core_store_settings` VALUES (3, 'plugin_content_manager_configuration_content_types::plugin::i18n.locale', '{\"settings\":{\"bulkable\":true,\"filterable\":true,\"searchable\":true,\"pageSize\":10,\"mainField\":\"name\",\"defaultSortBy\":\"name\",\"defaultSortOrder\":\"ASC\"},\"metadatas\":{\"id\":{\"edit\":{},\"list\":{\"label\":\"id\",\"searchable\":true,\"sortable\":true}},\"name\":{\"edit\":{\"label\":\"name\",\"description\":\"\",\"placeholder\":\"\",\"visible\":true,\"editable\":true},\"list\":{\"label\":\"name\",\"searchable\":true,\"sortable\":true}},\"code\":{\"edit\":{\"label\":\"code\",\"description\":\"\",\"placeholder\":\"\",\"visible\":true,\"editable\":true},\"list\":{\"label\":\"code\",\"searchable\":true,\"sortable\":true}},\"createdAt\":{\"edit\":{\"label\":\"createdAt\",\"description\":\"\",\"placeholder\":\"\",\"visible\":false,\"editable\":true},\"list\":{\"label\":\"createdAt\",\"searchable\":true,\"sortable\":true}},\"updatedAt\":{\"edit\":{\"label\":\"updatedAt\",\"description\":\"\",\"placeholder\":\"\",\"visible\":false,\"editable\":true},\"list\":{\"label\":\"updatedAt\",\"searchable\":true,\"sortable\":true}},\"createdBy\":{\"edit\":{\"label\":\"createdBy\",\"description\":\"\",\"placeholder\":\"\",\"visible\":false,\"editable\":true,\"mainField\":\"firstname\"},\"list\":{\"label\":\"createdBy\",\"searchable\":true,\"sortable\":true}},\"updatedBy\":{\"edit\":{\"label\":\"updatedBy\",\"description\":\"\",\"placeholder\":\"\",\"visible\":false,\"editable\":true,\"mainField\":\"firstname\"},\"list\":{\"label\":\"updatedBy\",\"searchable\":true,\"sortable\":true}},\"documentId\":{\"edit\":{},\"list\":{\"label\":\"documentId\",\"searchable\":true,\"sortable\":true}}},\"layouts\":{\"list\":[\"id\",\"name\",\"code\",\"createdAt\"],\"edit\":[[{\"name\":\"name\",\"size\":6},{\"name\":\"code\",\"size\":6}]]},\"uid\":\"plugin::i18n.locale\"}', 'object', NULL, NULL);
INSERT INTO `strapi_core_store_settings` VALUES (4, 'plugin_content_manager_configuration_content_types::plugin::review-workflows.workflow-stage', '{\"settings\":{\"bulkable\":true,\"filterable\":true,\"searchable\":true,\"pageSize\":10,\"mainField\":\"name\",\"defaultSortBy\":\"name\",\"defaultSortOrder\":\"ASC\"},\"metadatas\":{\"id\":{\"edit\":{},\"list\":{\"label\":\"id\",\"searchable\":true,\"sortable\":true}},\"name\":{\"edit\":{\"label\":\"name\",\"description\":\"\",\"placeholder\":\"\",\"visible\":true,\"editable\":true},\"list\":{\"label\":\"name\",\"searchable\":true,\"sortable\":true}},\"color\":{\"edit\":{\"label\":\"color\",\"description\":\"\",\"placeholder\":\"\",\"visible\":true,\"editable\":true},\"list\":{\"label\":\"color\",\"searchable\":true,\"sortable\":true}},\"workflow\":{\"edit\":{\"label\":\"workflow\",\"description\":\"\",\"placeholder\":\"\",\"visible\":true,\"editable\":true,\"mainField\":\"name\"},\"list\":{\"label\":\"workflow\",\"searchable\":true,\"sortable\":true}},\"permissions\":{\"edit\":{\"label\":\"permissions\",\"description\":\"\",\"placeholder\":\"\",\"visible\":true,\"editable\":true,\"mainField\":\"action\"},\"list\":{\"label\":\"permissions\",\"searchable\":false,\"sortable\":false}},\"createdAt\":{\"edit\":{\"label\":\"createdAt\",\"description\":\"\",\"placeholder\":\"\",\"visible\":false,\"editable\":true},\"list\":{\"label\":\"createdAt\",\"searchable\":true,\"sortable\":true}},\"updatedAt\":{\"edit\":{\"label\":\"updatedAt\",\"description\":\"\",\"placeholder\":\"\",\"visible\":false,\"editable\":true},\"list\":{\"label\":\"updatedAt\",\"searchable\":true,\"sortable\":true}},\"createdBy\":{\"edit\":{\"label\":\"createdBy\",\"description\":\"\",\"placeholder\":\"\",\"visible\":false,\"editable\":true,\"mainField\":\"firstname\"},\"list\":{\"label\":\"createdBy\",\"searchable\":true,\"sortable\":true}},\"updatedBy\":{\"edit\":{\"label\":\"updatedBy\",\"description\":\"\",\"placeholder\":\"\",\"visible\":false,\"editable\":true,\"mainField\":\"firstname\"},\"list\":{\"label\":\"updatedBy\",\"searchable\":true,\"sortable\":true}},\"documentId\":{\"edit\":{},\"list\":{\"label\":\"documentId\",\"searchable\":true,\"sortable\":true}}},\"layouts\":{\"list\":[\"id\",\"name\",\"color\",\"workflow\"],\"edit\":[[{\"name\":\"name\",\"size\":6},{\"name\":\"color\",\"size\":6}],[{\"name\":\"workflow\",\"size\":6},{\"name\":\"permissions\",\"size\":6}]]},\"uid\":\"plugin::review-workflows.workflow-stage\"}', 'object', NULL, NULL);
INSERT INTO `strapi_core_store_settings` VALUES (5, 'plugin_content_manager_configuration_content_types::plugin::users-permissions.user', '{\"settings\":{\"bulkable\":true,\"filterable\":true,\"searchable\":true,\"pageSize\":10,\"mainField\":\"username\",\"defaultSortBy\":\"username\",\"defaultSortOrder\":\"ASC\"},\"metadatas\":{\"id\":{\"edit\":{},\"list\":{\"label\":\"id\",\"searchable\":true,\"sortable\":true}},\"username\":{\"edit\":{\"label\":\"username\",\"description\":\"\",\"placeholder\":\"\",\"visible\":true,\"editable\":true},\"list\":{\"label\":\"username\",\"searchable\":true,\"sortable\":true}},\"email\":{\"edit\":{\"label\":\"email\",\"description\":\"\",\"placeholder\":\"\",\"visible\":true,\"editable\":true},\"list\":{\"label\":\"email\",\"searchable\":true,\"sortable\":true}},\"provider\":{\"edit\":{\"label\":\"provider\",\"description\":\"\",\"placeholder\":\"\",\"visible\":false,\"editable\":true},\"list\":{\"label\":\"provider\",\"searchable\":true,\"sortable\":true}},\"password\":{\"edit\":{\"label\":\"password\",\"description\":\"\",\"placeholder\":\"\",\"visible\":true,\"editable\":true},\"list\":{\"label\":\"password\",\"searchable\":true,\"sortable\":true}},\"resetPasswordToken\":{\"edit\":{\"label\":\"resetPasswordToken\",\"description\":\"\",\"placeholder\":\"\",\"visible\":false,\"editable\":true},\"list\":{\"label\":\"resetPasswordToken\",\"searchable\":true,\"sortable\":true}},\"confirmationToken\":{\"edit\":{\"label\":\"confirmationToken\",\"description\":\"\",\"placeholder\":\"\",\"visible\":false,\"editable\":true},\"list\":{\"label\":\"confirmationToken\",\"searchable\":true,\"sortable\":true}},\"confirmed\":{\"edit\":{\"label\":\"confirmed\",\"description\":\"\",\"placeholder\":\"\",\"visible\":true,\"editable\":true},\"list\":{\"label\":\"confirmed\",\"searchable\":true,\"sortable\":true}},\"blocked\":{\"edit\":{\"label\":\"blocked\",\"description\":\"\",\"placeholder\":\"\",\"visible\":true,\"editable\":true},\"list\":{\"label\":\"blocked\",\"searchable\":true,\"sortable\":true}},\"role\":{\"edit\":{\"label\":\"role\",\"description\":\"\",\"placeholder\":\"\",\"visible\":true,\"editable\":true,\"mainField\":\"name\"},\"list\":{\"label\":\"role\",\"searchable\":true,\"sortable\":true}},\"createdAt\":{\"edit\":{\"label\":\"createdAt\",\"description\":\"\",\"placeholder\":\"\",\"visible\":false,\"editable\":true},\"list\":{\"label\":\"createdAt\",\"searchable\":true,\"sortable\":true}},\"updatedAt\":{\"edit\":{\"label\":\"updatedAt\",\"description\":\"\",\"placeholder\":\"\",\"visible\":false,\"editable\":true},\"list\":{\"label\":\"updatedAt\",\"searchable\":true,\"sortable\":true}},\"createdBy\":{\"edit\":{\"label\":\"createdBy\",\"description\":\"\",\"placeholder\":\"\",\"visible\":false,\"editable\":true,\"mainField\":\"firstname\"},\"list\":{\"label\":\"createdBy\",\"searchable\":true,\"sortable\":true}},\"updatedBy\":{\"edit\":{\"label\":\"updatedBy\",\"description\":\"\",\"placeholder\":\"\",\"visible\":false,\"editable\":true,\"mainField\":\"firstname\"},\"list\":{\"label\":\"updatedBy\",\"searchable\":true,\"sortable\":true}},\"documentId\":{\"edit\":{},\"list\":{\"label\":\"documentId\",\"searchable\":true,\"sortable\":true}}},\"layouts\":{\"list\":[\"id\",\"username\",\"email\",\"confirmed\"],\"edit\":[[{\"name\":\"username\",\"size\":6},{\"name\":\"email\",\"size\":6}],[{\"name\":\"password\",\"size\":6},{\"name\":\"confirmed\",\"size\":4}],[{\"name\":\"blocked\",\"size\":4},{\"name\":\"role\",\"size\":6}]]},\"uid\":\"plugin::users-permissions.user\"}', 'object', NULL, NULL);
INSERT INTO `strapi_core_store_settings` VALUES (6, 'plugin_content_manager_configuration_content_types::admin::permission', '{\"settings\":{\"bulkable\":true,\"filterable\":true,\"searchable\":true,\"pageSize\":10,\"mainField\":\"action\",\"defaultSortBy\":\"action\",\"defaultSortOrder\":\"ASC\"},\"metadatas\":{\"id\":{\"edit\":{},\"list\":{\"label\":\"id\",\"searchable\":true,\"sortable\":true}},\"action\":{\"edit\":{\"label\":\"action\",\"description\":\"\",\"placeholder\":\"\",\"visible\":true,\"editable\":true},\"list\":{\"label\":\"action\",\"searchable\":true,\"sortable\":true}},\"actionParameters\":{\"edit\":{\"label\":\"actionParameters\",\"description\":\"\",\"placeholder\":\"\",\"visible\":true,\"editable\":true},\"list\":{\"label\":\"actionParameters\",\"searchable\":false,\"sortable\":false}},\"subject\":{\"edit\":{\"label\":\"subject\",\"description\":\"\",\"placeholder\":\"\",\"visible\":true,\"editable\":true},\"list\":{\"label\":\"subject\",\"searchable\":true,\"sortable\":true}},\"properties\":{\"edit\":{\"label\":\"properties\",\"description\":\"\",\"placeholder\":\"\",\"visible\":true,\"editable\":true},\"list\":{\"label\":\"properties\",\"searchable\":false,\"sortable\":false}},\"conditions\":{\"edit\":{\"label\":\"conditions\",\"description\":\"\",\"placeholder\":\"\",\"visible\":true,\"editable\":true},\"list\":{\"label\":\"conditions\",\"searchable\":false,\"sortable\":false}},\"role\":{\"edit\":{\"label\":\"role\",\"description\":\"\",\"placeholder\":\"\",\"visible\":true,\"editable\":true,\"mainField\":\"name\"},\"list\":{\"label\":\"role\",\"searchable\":true,\"sortable\":true}},\"createdAt\":{\"edit\":{\"label\":\"createdAt\",\"description\":\"\",\"placeholder\":\"\",\"visible\":false,\"editable\":true},\"list\":{\"label\":\"createdAt\",\"searchable\":true,\"sortable\":true}},\"updatedAt\":{\"edit\":{\"label\":\"updatedAt\",\"description\":\"\",\"placeholder\":\"\",\"visible\":false,\"editable\":true},\"list\":{\"label\":\"updatedAt\",\"searchable\":true,\"sortable\":true}},\"createdBy\":{\"edit\":{\"label\":\"createdBy\",\"description\":\"\",\"placeholder\":\"\",\"visible\":false,\"editable\":true,\"mainField\":\"firstname\"},\"list\":{\"label\":\"createdBy\",\"searchable\":true,\"sortable\":true}},\"updatedBy\":{\"edit\":{\"label\":\"updatedBy\",\"description\":\"\",\"placeholder\":\"\",\"visible\":false,\"editable\":true,\"mainField\":\"firstname\"},\"list\":{\"label\":\"updatedBy\",\"searchable\":true,\"sortable\":true}},\"documentId\":{\"edit\":{},\"list\":{\"label\":\"documentId\",\"searchable\":true,\"sortable\":true}}},\"layouts\":{\"list\":[\"id\",\"action\",\"subject\",\"role\"],\"edit\":[[{\"name\":\"action\",\"size\":6}],[{\"name\":\"actionParameters\",\"size\":12}],[{\"name\":\"subject\",\"size\":6}],[{\"name\":\"properties\",\"size\":12}],[{\"name\":\"conditions\",\"size\":12}],[{\"name\":\"role\",\"size\":6}]]},\"uid\":\"admin::permission\"}', 'object', NULL, NULL);
INSERT INTO `strapi_core_store_settings` VALUES (7, 'plugin_content_manager_configuration_content_types::admin::user', '{\"settings\":{\"bulkable\":true,\"filterable\":true,\"searchable\":true,\"pageSize\":10,\"mainField\":\"firstname\",\"defaultSortBy\":\"firstname\",\"defaultSortOrder\":\"ASC\"},\"metadatas\":{\"id\":{\"edit\":{},\"list\":{\"label\":\"id\",\"searchable\":true,\"sortable\":true}},\"firstname\":{\"edit\":{\"label\":\"firstname\",\"description\":\"\",\"placeholder\":\"\",\"visible\":true,\"editable\":true},\"list\":{\"label\":\"firstname\",\"searchable\":true,\"sortable\":true}},\"lastname\":{\"edit\":{\"label\":\"lastname\",\"description\":\"\",\"placeholder\":\"\",\"visible\":true,\"editable\":true},\"list\":{\"label\":\"lastname\",\"searchable\":true,\"sortable\":true}},\"username\":{\"edit\":{\"label\":\"username\",\"description\":\"\",\"placeholder\":\"\",\"visible\":true,\"editable\":true},\"list\":{\"label\":\"username\",\"searchable\":true,\"sortable\":true}},\"email\":{\"edit\":{\"label\":\"email\",\"description\":\"\",\"placeholder\":\"\",\"visible\":true,\"editable\":true},\"list\":{\"label\":\"email\",\"searchable\":true,\"sortable\":true}},\"password\":{\"edit\":{\"label\":\"password\",\"description\":\"\",\"placeholder\":\"\",\"visible\":true,\"editable\":true},\"list\":{\"label\":\"password\",\"searchable\":true,\"sortable\":true}},\"resetPasswordToken\":{\"edit\":{\"label\":\"resetPasswordToken\",\"description\":\"\",\"placeholder\":\"\",\"visible\":false,\"editable\":true},\"list\":{\"label\":\"resetPasswordToken\",\"searchable\":true,\"sortable\":true}},\"registrationToken\":{\"edit\":{\"label\":\"registrationToken\",\"description\":\"\",\"placeholder\":\"\",\"visible\":false,\"editable\":true},\"list\":{\"label\":\"registrationToken\",\"searchable\":true,\"sortable\":true}},\"isActive\":{\"edit\":{\"label\":\"isActive\",\"description\":\"\",\"placeholder\":\"\",\"visible\":true,\"editable\":true},\"list\":{\"label\":\"isActive\",\"searchable\":true,\"sortable\":true}},\"roles\":{\"edit\":{\"label\":\"roles\",\"description\":\"\",\"placeholder\":\"\",\"visible\":true,\"editable\":true,\"mainField\":\"name\"},\"list\":{\"label\":\"roles\",\"searchable\":false,\"sortable\":false}},\"blocked\":{\"edit\":{\"label\":\"blocked\",\"description\":\"\",\"placeholder\":\"\",\"visible\":true,\"editable\":true},\"list\":{\"label\":\"blocked\",\"searchable\":true,\"sortable\":true}},\"preferedLanguage\":{\"edit\":{\"label\":\"preferedLanguage\",\"description\":\"\",\"placeholder\":\"\",\"visible\":true,\"editable\":true},\"list\":{\"label\":\"preferedLanguage\",\"searchable\":true,\"sortable\":true}},\"createdAt\":{\"edit\":{\"label\":\"createdAt\",\"description\":\"\",\"placeholder\":\"\",\"visible\":false,\"editable\":true},\"list\":{\"label\":\"createdAt\",\"searchable\":true,\"sortable\":true}},\"updatedAt\":{\"edit\":{\"label\":\"updatedAt\",\"description\":\"\",\"placeholder\":\"\",\"visible\":false,\"editable\":true},\"list\":{\"label\":\"updatedAt\",\"searchable\":true,\"sortable\":true}},\"createdBy\":{\"edit\":{\"label\":\"createdBy\",\"description\":\"\",\"placeholder\":\"\",\"visible\":false,\"editable\":true,\"mainField\":\"firstname\"},\"list\":{\"label\":\"createdBy\",\"searchable\":true,\"sortable\":true}},\"updatedBy\":{\"edit\":{\"label\":\"updatedBy\",\"description\":\"\",\"placeholder\":\"\",\"visible\":false,\"editable\":true,\"mainField\":\"firstname\"},\"list\":{\"label\":\"updatedBy\",\"searchable\":true,\"sortable\":true}},\"documentId\":{\"edit\":{},\"list\":{\"label\":\"documentId\",\"searchable\":true,\"sortable\":true}}},\"layouts\":{\"list\":[\"id\",\"firstname\",\"lastname\",\"username\"],\"edit\":[[{\"name\":\"firstname\",\"size\":6},{\"name\":\"lastname\",\"size\":6}],[{\"name\":\"username\",\"size\":6},{\"name\":\"email\",\"size\":6}],[{\"name\":\"password\",\"size\":6},{\"name\":\"isActive\",\"size\":4}],[{\"name\":\"roles\",\"size\":6},{\"name\":\"blocked\",\"size\":4}],[{\"name\":\"preferedLanguage\",\"size\":6}]]},\"uid\":\"admin::user\"}', 'object', NULL, NULL);
INSERT INTO `strapi_core_store_settings` VALUES (8, 'plugin_content_manager_configuration_content_types::admin::api-token-permission', '{\"settings\":{\"bulkable\":true,\"filterable\":true,\"searchable\":true,\"pageSize\":10,\"mainField\":\"action\",\"defaultSortBy\":\"action\",\"defaultSortOrder\":\"ASC\"},\"metadatas\":{\"id\":{\"edit\":{},\"list\":{\"label\":\"id\",\"searchable\":true,\"sortable\":true}},\"action\":{\"edit\":{\"label\":\"action\",\"description\":\"\",\"placeholder\":\"\",\"visible\":true,\"editable\":true},\"list\":{\"label\":\"action\",\"searchable\":true,\"sortable\":true}},\"token\":{\"edit\":{\"label\":\"token\",\"description\":\"\",\"placeholder\":\"\",\"visible\":true,\"editable\":true,\"mainField\":\"name\"},\"list\":{\"label\":\"token\",\"searchable\":true,\"sortable\":true}},\"createdAt\":{\"edit\":{\"label\":\"createdAt\",\"description\":\"\",\"placeholder\":\"\",\"visible\":false,\"editable\":true},\"list\":{\"label\":\"createdAt\",\"searchable\":true,\"sortable\":true}},\"updatedAt\":{\"edit\":{\"label\":\"updatedAt\",\"description\":\"\",\"placeholder\":\"\",\"visible\":false,\"editable\":true},\"list\":{\"label\":\"updatedAt\",\"searchable\":true,\"sortable\":true}},\"createdBy\":{\"edit\":{\"label\":\"createdBy\",\"description\":\"\",\"placeholder\":\"\",\"visible\":false,\"editable\":true,\"mainField\":\"firstname\"},\"list\":{\"label\":\"createdBy\",\"searchable\":true,\"sortable\":true}},\"updatedBy\":{\"edit\":{\"label\":\"updatedBy\",\"description\":\"\",\"placeholder\":\"\",\"visible\":false,\"editable\":true,\"mainField\":\"firstname\"},\"list\":{\"label\":\"updatedBy\",\"searchable\":true,\"sortable\":true}},\"documentId\":{\"edit\":{},\"list\":{\"label\":\"documentId\",\"searchable\":true,\"sortable\":true}}},\"layouts\":{\"list\":[\"id\",\"action\",\"token\",\"createdAt\"],\"edit\":[[{\"name\":\"action\",\"size\":6},{\"name\":\"token\",\"size\":6}]]},\"uid\":\"admin::api-token-permission\"}', 'object', NULL, NULL);
INSERT INTO `strapi_core_store_settings` VALUES (9, 'plugin_content_manager_configuration_content_types::plugin::upload.file', '{\"settings\":{\"bulkable\":true,\"filterable\":true,\"searchable\":true,\"pageSize\":10,\"mainField\":\"name\",\"defaultSortBy\":\"name\",\"defaultSortOrder\":\"ASC\"},\"metadatas\":{\"id\":{\"edit\":{},\"list\":{\"label\":\"id\",\"searchable\":true,\"sortable\":true}},\"name\":{\"edit\":{\"label\":\"name\",\"description\":\"\",\"placeholder\":\"\",\"visible\":true,\"editable\":true},\"list\":{\"label\":\"name\",\"searchable\":true,\"sortable\":true}},\"alternativeText\":{\"edit\":{\"label\":\"alternativeText\",\"description\":\"\",\"placeholder\":\"\",\"visible\":true,\"editable\":true},\"list\":{\"label\":\"alternativeText\",\"searchable\":true,\"sortable\":true}},\"caption\":{\"edit\":{\"label\":\"caption\",\"description\":\"\",\"placeholder\":\"\",\"visible\":true,\"editable\":true},\"list\":{\"label\":\"caption\",\"searchable\":true,\"sortable\":true}},\"width\":{\"edit\":{\"label\":\"width\",\"description\":\"\",\"placeholder\":\"\",\"visible\":true,\"editable\":true},\"list\":{\"label\":\"width\",\"searchable\":true,\"sortable\":true}},\"height\":{\"edit\":{\"label\":\"height\",\"description\":\"\",\"placeholder\":\"\",\"visible\":true,\"editable\":true},\"list\":{\"label\":\"height\",\"searchable\":true,\"sortable\":true}},\"formats\":{\"edit\":{\"label\":\"formats\",\"description\":\"\",\"placeholder\":\"\",\"visible\":true,\"editable\":true},\"list\":{\"label\":\"formats\",\"searchable\":false,\"sortable\":false}},\"hash\":{\"edit\":{\"label\":\"hash\",\"description\":\"\",\"placeholder\":\"\",\"visible\":true,\"editable\":true},\"list\":{\"label\":\"hash\",\"searchable\":true,\"sortable\":true}},\"ext\":{\"edit\":{\"label\":\"ext\",\"description\":\"\",\"placeholder\":\"\",\"visible\":true,\"editable\":true},\"list\":{\"label\":\"ext\",\"searchable\":true,\"sortable\":true}},\"mime\":{\"edit\":{\"label\":\"mime\",\"description\":\"\",\"placeholder\":\"\",\"visible\":true,\"editable\":true},\"list\":{\"label\":\"mime\",\"searchable\":true,\"sortable\":true}},\"size\":{\"edit\":{\"label\":\"size\",\"description\":\"\",\"placeholder\":\"\",\"visible\":true,\"editable\":true},\"list\":{\"label\":\"size\",\"searchable\":true,\"sortable\":true}},\"url\":{\"edit\":{\"label\":\"url\",\"description\":\"\",\"placeholder\":\"\",\"visible\":true,\"editable\":true},\"list\":{\"label\":\"url\",\"searchable\":true,\"sortable\":true}},\"previewUrl\":{\"edit\":{\"label\":\"previewUrl\",\"description\":\"\",\"placeholder\":\"\",\"visible\":true,\"editable\":true},\"list\":{\"label\":\"previewUrl\",\"searchable\":true,\"sortable\":true}},\"provider\":{\"edit\":{\"label\":\"provider\",\"description\":\"\",\"placeholder\":\"\",\"visible\":true,\"editable\":true},\"list\":{\"label\":\"provider\",\"searchable\":true,\"sortable\":true}},\"provider_metadata\":{\"edit\":{\"label\":\"provider_metadata\",\"description\":\"\",\"placeholder\":\"\",\"visible\":true,\"editable\":true},\"list\":{\"label\":\"provider_metadata\",\"searchable\":false,\"sortable\":false}},\"folder\":{\"edit\":{\"label\":\"folder\",\"description\":\"\",\"placeholder\":\"\",\"visible\":true,\"editable\":true,\"mainField\":\"name\"},\"list\":{\"label\":\"folder\",\"searchable\":true,\"sortable\":true}},\"folderPath\":{\"edit\":{\"label\":\"folderPath\",\"description\":\"\",\"placeholder\":\"\",\"visible\":true,\"editable\":true},\"list\":{\"label\":\"folderPath\",\"searchable\":true,\"sortable\":true}},\"createdAt\":{\"edit\":{\"label\":\"createdAt\",\"description\":\"\",\"placeholder\":\"\",\"visible\":false,\"editable\":true},\"list\":{\"label\":\"createdAt\",\"searchable\":true,\"sortable\":true}},\"updatedAt\":{\"edit\":{\"label\":\"updatedAt\",\"description\":\"\",\"placeholder\":\"\",\"visible\":false,\"editable\":true},\"list\":{\"label\":\"updatedAt\",\"searchable\":true,\"sortable\":true}},\"createdBy\":{\"edit\":{\"label\":\"createdBy\",\"description\":\"\",\"placeholder\":\"\",\"visible\":false,\"editable\":true,\"mainField\":\"firstname\"},\"list\":{\"label\":\"createdBy\",\"searchable\":true,\"sortable\":true}},\"updatedBy\":{\"edit\":{\"label\":\"updatedBy\",\"description\":\"\",\"placeholder\":\"\",\"visible\":false,\"editable\":true,\"mainField\":\"firstname\"},\"list\":{\"label\":\"updatedBy\",\"searchable\":true,\"sortable\":true}},\"documentId\":{\"edit\":{},\"list\":{\"label\":\"documentId\",\"searchable\":true,\"sortable\":true}}},\"layouts\":{\"list\":[\"id\",\"name\",\"alternativeText\",\"caption\"],\"edit\":[[{\"name\":\"name\",\"size\":6},{\"name\":\"alternativeText\",\"size\":6}],[{\"name\":\"caption\",\"size\":6},{\"name\":\"width\",\"size\":4}],[{\"name\":\"height\",\"size\":4}],[{\"name\":\"formats\",\"size\":12}],[{\"name\":\"hash\",\"size\":6},{\"name\":\"ext\",\"size\":6}],[{\"name\":\"mime\",\"size\":6},{\"name\":\"size\",\"size\":4}],[{\"name\":\"url\",\"size\":6},{\"name\":\"previewUrl\",\"size\":6}],[{\"name\":\"provider\",\"size\":6}],[{\"name\":\"provider_metadata\",\"size\":12}],[{\"name\":\"folder\",\"size\":6},{\"name\":\"folderPath\",\"size\":6}]]},\"uid\":\"plugin::upload.file\"}', 'object', NULL, NULL);
INSERT INTO `strapi_core_store_settings` VALUES (10, 'plugin_content_manager_configuration_content_types::admin::role', '{\"settings\":{\"bulkable\":true,\"filterable\":true,\"searchable\":true,\"pageSize\":10,\"mainField\":\"name\",\"defaultSortBy\":\"name\",\"defaultSortOrder\":\"ASC\"},\"metadatas\":{\"id\":{\"edit\":{},\"list\":{\"label\":\"id\",\"searchable\":true,\"sortable\":true}},\"name\":{\"edit\":{\"label\":\"name\",\"description\":\"\",\"placeholder\":\"\",\"visible\":true,\"editable\":true},\"list\":{\"label\":\"name\",\"searchable\":true,\"sortable\":true}},\"code\":{\"edit\":{\"label\":\"code\",\"description\":\"\",\"placeholder\":\"\",\"visible\":true,\"editable\":true},\"list\":{\"label\":\"code\",\"searchable\":true,\"sortable\":true}},\"description\":{\"edit\":{\"label\":\"description\",\"description\":\"\",\"placeholder\":\"\",\"visible\":true,\"editable\":true},\"list\":{\"label\":\"description\",\"searchable\":true,\"sortable\":true}},\"users\":{\"edit\":{\"label\":\"users\",\"description\":\"\",\"placeholder\":\"\",\"visible\":true,\"editable\":true,\"mainField\":\"firstname\"},\"list\":{\"label\":\"users\",\"searchable\":false,\"sortable\":false}},\"permissions\":{\"edit\":{\"label\":\"permissions\",\"description\":\"\",\"placeholder\":\"\",\"visible\":true,\"editable\":true,\"mainField\":\"action\"},\"list\":{\"label\":\"permissions\",\"searchable\":false,\"sortable\":false}},\"createdAt\":{\"edit\":{\"label\":\"createdAt\",\"description\":\"\",\"placeholder\":\"\",\"visible\":false,\"editable\":true},\"list\":{\"label\":\"createdAt\",\"searchable\":true,\"sortable\":true}},\"updatedAt\":{\"edit\":{\"label\":\"updatedAt\",\"description\":\"\",\"placeholder\":\"\",\"visible\":false,\"editable\":true},\"list\":{\"label\":\"updatedAt\",\"searchable\":true,\"sortable\":true}},\"createdBy\":{\"edit\":{\"label\":\"createdBy\",\"description\":\"\",\"placeholder\":\"\",\"visible\":false,\"editable\":true,\"mainField\":\"firstname\"},\"list\":{\"label\":\"createdBy\",\"searchable\":true,\"sortable\":true}},\"updatedBy\":{\"edit\":{\"label\":\"updatedBy\",\"description\":\"\",\"placeholder\":\"\",\"visible\":false,\"editable\":true,\"mainField\":\"firstname\"},\"list\":{\"label\":\"updatedBy\",\"searchable\":true,\"sortable\":true}},\"documentId\":{\"edit\":{},\"list\":{\"label\":\"documentId\",\"searchable\":true,\"sortable\":true}}},\"layouts\":{\"list\":[\"id\",\"name\",\"code\",\"description\"],\"edit\":[[{\"name\":\"name\",\"size\":6},{\"name\":\"code\",\"size\":6}],[{\"name\":\"description\",\"size\":6},{\"name\":\"users\",\"size\":6}],[{\"name\":\"permissions\",\"size\":6}]]},\"uid\":\"admin::role\"}', 'object', NULL, NULL);
INSERT INTO `strapi_core_store_settings` VALUES (11, 'plugin_content_manager_configuration_content_types::plugin::content-releases.release', '{\"settings\":{\"bulkable\":true,\"filterable\":true,\"searchable\":true,\"pageSize\":10,\"mainField\":\"name\",\"defaultSortBy\":\"name\",\"defaultSortOrder\":\"ASC\"},\"metadatas\":{\"id\":{\"edit\":{},\"list\":{\"label\":\"id\",\"searchable\":true,\"sortable\":true}},\"name\":{\"edit\":{\"label\":\"name\",\"description\":\"\",\"placeholder\":\"\",\"visible\":true,\"editable\":true},\"list\":{\"label\":\"name\",\"searchable\":true,\"sortable\":true}},\"releasedAt\":{\"edit\":{\"label\":\"releasedAt\",\"description\":\"\",\"placeholder\":\"\",\"visible\":true,\"editable\":true},\"list\":{\"label\":\"releasedAt\",\"searchable\":true,\"sortable\":true}},\"scheduledAt\":{\"edit\":{\"label\":\"scheduledAt\",\"description\":\"\",\"placeholder\":\"\",\"visible\":true,\"editable\":true},\"list\":{\"label\":\"scheduledAt\",\"searchable\":true,\"sortable\":true}},\"timezone\":{\"edit\":{\"label\":\"timezone\",\"description\":\"\",\"placeholder\":\"\",\"visible\":true,\"editable\":true},\"list\":{\"label\":\"timezone\",\"searchable\":true,\"sortable\":true}},\"status\":{\"edit\":{\"label\":\"status\",\"description\":\"\",\"placeholder\":\"\",\"visible\":true,\"editable\":true},\"list\":{\"label\":\"status\",\"searchable\":true,\"sortable\":true}},\"actions\":{\"edit\":{\"label\":\"actions\",\"description\":\"\",\"placeholder\":\"\",\"visible\":true,\"editable\":true,\"mainField\":\"contentType\"},\"list\":{\"label\":\"actions\",\"searchable\":false,\"sortable\":false}},\"createdAt\":{\"edit\":{\"label\":\"createdAt\",\"description\":\"\",\"placeholder\":\"\",\"visible\":false,\"editable\":true},\"list\":{\"label\":\"createdAt\",\"searchable\":true,\"sortable\":true}},\"updatedAt\":{\"edit\":{\"label\":\"updatedAt\",\"description\":\"\",\"placeholder\":\"\",\"visible\":false,\"editable\":true},\"list\":{\"label\":\"updatedAt\",\"searchable\":true,\"sortable\":true}},\"createdBy\":{\"edit\":{\"label\":\"createdBy\",\"description\":\"\",\"placeholder\":\"\",\"visible\":false,\"editable\":true,\"mainField\":\"firstname\"},\"list\":{\"label\":\"createdBy\",\"searchable\":true,\"sortable\":true}},\"updatedBy\":{\"edit\":{\"label\":\"updatedBy\",\"description\":\"\",\"placeholder\":\"\",\"visible\":false,\"editable\":true,\"mainField\":\"firstname\"},\"list\":{\"label\":\"updatedBy\",\"searchable\":true,\"sortable\":true}},\"documentId\":{\"edit\":{},\"list\":{\"label\":\"documentId\",\"searchable\":true,\"sortable\":true}}},\"layouts\":{\"list\":[\"id\",\"name\",\"releasedAt\",\"scheduledAt\"],\"edit\":[[{\"name\":\"name\",\"size\":6},{\"name\":\"releasedAt\",\"size\":6}],[{\"name\":\"scheduledAt\",\"size\":6},{\"name\":\"timezone\",\"size\":6}],[{\"name\":\"status\",\"size\":6},{\"name\":\"actions\",\"size\":6}]]},\"uid\":\"plugin::content-releases.release\"}', 'object', NULL, NULL);
INSERT INTO `strapi_core_store_settings` VALUES (12, 'plugin_content_manager_configuration_content_types::plugin::content-releases.release-action', '{\"settings\":{\"bulkable\":true,\"filterable\":true,\"searchable\":true,\"pageSize\":10,\"mainField\":\"contentType\",\"defaultSortBy\":\"contentType\",\"defaultSortOrder\":\"ASC\"},\"metadatas\":{\"id\":{\"edit\":{},\"list\":{\"label\":\"id\",\"searchable\":true,\"sortable\":true}},\"type\":{\"edit\":{\"label\":\"type\",\"description\":\"\",\"placeholder\":\"\",\"visible\":true,\"editable\":true},\"list\":{\"label\":\"type\",\"searchable\":true,\"sortable\":true}},\"contentType\":{\"edit\":{\"label\":\"contentType\",\"description\":\"\",\"placeholder\":\"\",\"visible\":true,\"editable\":true},\"list\":{\"label\":\"contentType\",\"searchable\":true,\"sortable\":true}},\"entryDocumentId\":{\"edit\":{\"label\":\"entryDocumentId\",\"description\":\"\",\"placeholder\":\"\",\"visible\":true,\"editable\":true},\"list\":{\"label\":\"entryDocumentId\",\"searchable\":true,\"sortable\":true}},\"release\":{\"edit\":{\"label\":\"release\",\"description\":\"\",\"placeholder\":\"\",\"visible\":true,\"editable\":true,\"mainField\":\"name\"},\"list\":{\"label\":\"release\",\"searchable\":true,\"sortable\":true}},\"isEntryValid\":{\"edit\":{\"label\":\"isEntryValid\",\"description\":\"\",\"placeholder\":\"\",\"visible\":true,\"editable\":true},\"list\":{\"label\":\"isEntryValid\",\"searchable\":true,\"sortable\":true}},\"createdAt\":{\"edit\":{\"label\":\"createdAt\",\"description\":\"\",\"placeholder\":\"\",\"visible\":false,\"editable\":true},\"list\":{\"label\":\"createdAt\",\"searchable\":true,\"sortable\":true}},\"updatedAt\":{\"edit\":{\"label\":\"updatedAt\",\"description\":\"\",\"placeholder\":\"\",\"visible\":false,\"editable\":true},\"list\":{\"label\":\"updatedAt\",\"searchable\":true,\"sortable\":true}},\"createdBy\":{\"edit\":{\"label\":\"createdBy\",\"description\":\"\",\"placeholder\":\"\",\"visible\":false,\"editable\":true,\"mainField\":\"firstname\"},\"list\":{\"label\":\"createdBy\",\"searchable\":true,\"sortable\":true}},\"updatedBy\":{\"edit\":{\"label\":\"updatedBy\",\"description\":\"\",\"placeholder\":\"\",\"visible\":false,\"editable\":true,\"mainField\":\"firstname\"},\"list\":{\"label\":\"updatedBy\",\"searchable\":true,\"sortable\":true}},\"documentId\":{\"edit\":{},\"list\":{\"label\":\"documentId\",\"searchable\":true,\"sortable\":true}}},\"layouts\":{\"list\":[\"id\",\"type\",\"contentType\",\"entryDocumentId\"],\"edit\":[[{\"name\":\"type\",\"size\":6},{\"name\":\"contentType\",\"size\":6}],[{\"name\":\"entryDocumentId\",\"size\":6},{\"name\":\"release\",\"size\":6}],[{\"name\":\"isEntryValid\",\"size\":4}]]},\"uid\":\"plugin::content-releases.release-action\"}', 'object', NULL, NULL);
INSERT INTO `strapi_core_store_settings` VALUES (13, 'plugin_content_manager_configuration_content_types::plugin::review-workflows.workflow', '{\"settings\":{\"bulkable\":true,\"filterable\":true,\"searchable\":true,\"pageSize\":10,\"mainField\":\"name\",\"defaultSortBy\":\"name\",\"defaultSortOrder\":\"ASC\"},\"metadatas\":{\"id\":{\"edit\":{},\"list\":{\"label\":\"id\",\"searchable\":true,\"sortable\":true}},\"name\":{\"edit\":{\"label\":\"name\",\"description\":\"\",\"placeholder\":\"\",\"visible\":true,\"editable\":true},\"list\":{\"label\":\"name\",\"searchable\":true,\"sortable\":true}},\"stages\":{\"edit\":{\"label\":\"stages\",\"description\":\"\",\"placeholder\":\"\",\"visible\":true,\"editable\":true,\"mainField\":\"name\"},\"list\":{\"label\":\"stages\",\"searchable\":false,\"sortable\":false}},\"stageRequiredToPublish\":{\"edit\":{\"label\":\"stageRequiredToPublish\",\"description\":\"\",\"placeholder\":\"\",\"visible\":true,\"editable\":true,\"mainField\":\"name\"},\"list\":{\"label\":\"stageRequiredToPublish\",\"searchable\":true,\"sortable\":true}},\"contentTypes\":{\"edit\":{\"label\":\"contentTypes\",\"description\":\"\",\"placeholder\":\"\",\"visible\":true,\"editable\":true},\"list\":{\"label\":\"contentTypes\",\"searchable\":false,\"sortable\":false}},\"createdAt\":{\"edit\":{\"label\":\"createdAt\",\"description\":\"\",\"placeholder\":\"\",\"visible\":false,\"editable\":true},\"list\":{\"label\":\"createdAt\",\"searchable\":true,\"sortable\":true}},\"updatedAt\":{\"edit\":{\"label\":\"updatedAt\",\"description\":\"\",\"placeholder\":\"\",\"visible\":false,\"editable\":true},\"list\":{\"label\":\"updatedAt\",\"searchable\":true,\"sortable\":true}},\"createdBy\":{\"edit\":{\"label\":\"createdBy\",\"description\":\"\",\"placeholder\":\"\",\"visible\":false,\"editable\":true,\"mainField\":\"firstname\"},\"list\":{\"label\":\"createdBy\",\"searchable\":true,\"sortable\":true}},\"updatedBy\":{\"edit\":{\"label\":\"updatedBy\",\"description\":\"\",\"placeholder\":\"\",\"visible\":false,\"editable\":true,\"mainField\":\"firstname\"},\"list\":{\"label\":\"updatedBy\",\"searchable\":true,\"sortable\":true}},\"documentId\":{\"edit\":{},\"list\":{\"label\":\"documentId\",\"searchable\":true,\"sortable\":true}}},\"layouts\":{\"list\":[\"id\",\"name\",\"stages\",\"stageRequiredToPublish\"],\"edit\":[[{\"name\":\"name\",\"size\":6},{\"name\":\"stages\",\"size\":6}],[{\"name\":\"stageRequiredToPublish\",\"size\":6}],[{\"name\":\"contentTypes\",\"size\":12}]]},\"uid\":\"plugin::review-workflows.workflow\"}', 'object', NULL, NULL);
INSERT INTO `strapi_core_store_settings` VALUES (14, 'plugin_content_manager_configuration_content_types::plugin::users-permissions.permission', '{\"settings\":{\"bulkable\":true,\"filterable\":true,\"searchable\":true,\"pageSize\":10,\"mainField\":\"action\",\"defaultSortBy\":\"action\",\"defaultSortOrder\":\"ASC\"},\"metadatas\":{\"id\":{\"edit\":{},\"list\":{\"label\":\"id\",\"searchable\":true,\"sortable\":true}},\"action\":{\"edit\":{\"label\":\"action\",\"description\":\"\",\"placeholder\":\"\",\"visible\":true,\"editable\":true},\"list\":{\"label\":\"action\",\"searchable\":true,\"sortable\":true}},\"role\":{\"edit\":{\"label\":\"role\",\"description\":\"\",\"placeholder\":\"\",\"visible\":true,\"editable\":true,\"mainField\":\"name\"},\"list\":{\"label\":\"role\",\"searchable\":true,\"sortable\":true}},\"createdAt\":{\"edit\":{\"label\":\"createdAt\",\"description\":\"\",\"placeholder\":\"\",\"visible\":false,\"editable\":true},\"list\":{\"label\":\"createdAt\",\"searchable\":true,\"sortable\":true}},\"updatedAt\":{\"edit\":{\"label\":\"updatedAt\",\"description\":\"\",\"placeholder\":\"\",\"visible\":false,\"editable\":true},\"list\":{\"label\":\"updatedAt\",\"searchable\":true,\"sortable\":true}},\"createdBy\":{\"edit\":{\"label\":\"createdBy\",\"description\":\"\",\"placeholder\":\"\",\"visible\":false,\"editable\":true,\"mainField\":\"firstname\"},\"list\":{\"label\":\"createdBy\",\"searchable\":true,\"sortable\":true}},\"updatedBy\":{\"edit\":{\"label\":\"updatedBy\",\"description\":\"\",\"placeholder\":\"\",\"visible\":false,\"editable\":true,\"mainField\":\"firstname\"},\"list\":{\"label\":\"updatedBy\",\"searchable\":true,\"sortable\":true}},\"documentId\":{\"edit\":{},\"list\":{\"label\":\"documentId\",\"searchable\":true,\"sortable\":true}}},\"layouts\":{\"list\":[\"id\",\"action\",\"role\",\"createdAt\"],\"edit\":[[{\"name\":\"action\",\"size\":6},{\"name\":\"role\",\"size\":6}]]},\"uid\":\"plugin::users-permissions.permission\"}', 'object', NULL, NULL);
INSERT INTO `strapi_core_store_settings` VALUES (15, 'plugin_content_manager_configuration_content_types::plugin::users-permissions.role', '{\"settings\":{\"bulkable\":true,\"filterable\":true,\"searchable\":true,\"pageSize\":10,\"mainField\":\"name\",\"defaultSortBy\":\"name\",\"defaultSortOrder\":\"ASC\"},\"metadatas\":{\"id\":{\"edit\":{},\"list\":{\"label\":\"id\",\"searchable\":true,\"sortable\":true}},\"name\":{\"edit\":{\"label\":\"name\",\"description\":\"\",\"placeholder\":\"\",\"visible\":true,\"editable\":true},\"list\":{\"label\":\"name\",\"searchable\":true,\"sortable\":true}},\"description\":{\"edit\":{\"label\":\"description\",\"description\":\"\",\"placeholder\":\"\",\"visible\":true,\"editable\":true},\"list\":{\"label\":\"description\",\"searchable\":true,\"sortable\":true}},\"type\":{\"edit\":{\"label\":\"type\",\"description\":\"\",\"placeholder\":\"\",\"visible\":true,\"editable\":true},\"list\":{\"label\":\"type\",\"searchable\":true,\"sortable\":true}},\"permissions\":{\"edit\":{\"label\":\"permissions\",\"description\":\"\",\"placeholder\":\"\",\"visible\":true,\"editable\":true,\"mainField\":\"action\"},\"list\":{\"label\":\"permissions\",\"searchable\":false,\"sortable\":false}},\"users\":{\"edit\":{\"label\":\"users\",\"description\":\"\",\"placeholder\":\"\",\"visible\":true,\"editable\":true,\"mainField\":\"username\"},\"list\":{\"label\":\"users\",\"searchable\":false,\"sortable\":false}},\"createdAt\":{\"edit\":{\"label\":\"createdAt\",\"description\":\"\",\"placeholder\":\"\",\"visible\":false,\"editable\":true},\"list\":{\"label\":\"createdAt\",\"searchable\":true,\"sortable\":true}},\"updatedAt\":{\"edit\":{\"label\":\"updatedAt\",\"description\":\"\",\"placeholder\":\"\",\"visible\":false,\"editable\":true},\"list\":{\"label\":\"updatedAt\",\"searchable\":true,\"sortable\":true}},\"createdBy\":{\"edit\":{\"label\":\"createdBy\",\"description\":\"\",\"placeholder\":\"\",\"visible\":false,\"editable\":true,\"mainField\":\"firstname\"},\"list\":{\"label\":\"createdBy\",\"searchable\":true,\"sortable\":true}},\"updatedBy\":{\"edit\":{\"label\":\"updatedBy\",\"description\":\"\",\"placeholder\":\"\",\"visible\":false,\"editable\":true,\"mainField\":\"firstname\"},\"list\":{\"label\":\"updatedBy\",\"searchable\":true,\"sortable\":true}},\"documentId\":{\"edit\":{},\"list\":{\"label\":\"documentId\",\"searchable\":true,\"sortable\":true}}},\"layouts\":{\"list\":[\"id\",\"name\",\"description\",\"type\"],\"edit\":[[{\"name\":\"name\",\"size\":6},{\"name\":\"description\",\"size\":6}],[{\"name\":\"type\",\"size\":6},{\"name\":\"permissions\",\"size\":6}],[{\"name\":\"users\",\"size\":6}]]},\"uid\":\"plugin::users-permissions.role\"}', 'object', NULL, NULL);
INSERT INTO `strapi_core_store_settings` VALUES (16, 'plugin_content_manager_configuration_content_types::admin::api-token', '{\"settings\":{\"bulkable\":true,\"filterable\":true,\"searchable\":true,\"pageSize\":10,\"mainField\":\"name\",\"defaultSortBy\":\"name\",\"defaultSortOrder\":\"ASC\"},\"metadatas\":{\"id\":{\"edit\":{},\"list\":{\"label\":\"id\",\"searchable\":true,\"sortable\":true}},\"name\":{\"edit\":{\"label\":\"name\",\"description\":\"\",\"placeholder\":\"\",\"visible\":true,\"editable\":true},\"list\":{\"label\":\"name\",\"searchable\":true,\"sortable\":true}},\"description\":{\"edit\":{\"label\":\"description\",\"description\":\"\",\"placeholder\":\"\",\"visible\":true,\"editable\":true},\"list\":{\"label\":\"description\",\"searchable\":true,\"sortable\":true}},\"type\":{\"edit\":{\"label\":\"type\",\"description\":\"\",\"placeholder\":\"\",\"visible\":true,\"editable\":true},\"list\":{\"label\":\"type\",\"searchable\":true,\"sortable\":true}},\"accessKey\":{\"edit\":{\"label\":\"accessKey\",\"description\":\"\",\"placeholder\":\"\",\"visible\":true,\"editable\":true},\"list\":{\"label\":\"accessKey\",\"searchable\":true,\"sortable\":true}},\"encryptedKey\":{\"edit\":{\"label\":\"encryptedKey\",\"description\":\"\",\"placeholder\":\"\",\"visible\":true,\"editable\":true},\"list\":{\"label\":\"encryptedKey\",\"searchable\":true,\"sortable\":true}},\"lastUsedAt\":{\"edit\":{\"label\":\"lastUsedAt\",\"description\":\"\",\"placeholder\":\"\",\"visible\":true,\"editable\":true},\"list\":{\"label\":\"lastUsedAt\",\"searchable\":true,\"sortable\":true}},\"permissions\":{\"edit\":{\"label\":\"permissions\",\"description\":\"\",\"placeholder\":\"\",\"visible\":true,\"editable\":true,\"mainField\":\"action\"},\"list\":{\"label\":\"permissions\",\"searchable\":false,\"sortable\":false}},\"expiresAt\":{\"edit\":{\"label\":\"expiresAt\",\"description\":\"\",\"placeholder\":\"\",\"visible\":true,\"editable\":true},\"list\":{\"label\":\"expiresAt\",\"searchable\":true,\"sortable\":true}},\"lifespan\":{\"edit\":{\"label\":\"lifespan\",\"description\":\"\",\"placeholder\":\"\",\"visible\":true,\"editable\":true},\"list\":{\"label\":\"lifespan\",\"searchable\":true,\"sortable\":true}},\"createdAt\":{\"edit\":{\"label\":\"createdAt\",\"description\":\"\",\"placeholder\":\"\",\"visible\":false,\"editable\":true},\"list\":{\"label\":\"createdAt\",\"searchable\":true,\"sortable\":true}},\"updatedAt\":{\"edit\":{\"label\":\"updatedAt\",\"description\":\"\",\"placeholder\":\"\",\"visible\":false,\"editable\":true},\"list\":{\"label\":\"updatedAt\",\"searchable\":true,\"sortable\":true}},\"createdBy\":{\"edit\":{\"label\":\"createdBy\",\"description\":\"\",\"placeholder\":\"\",\"visible\":false,\"editable\":true,\"mainField\":\"firstname\"},\"list\":{\"label\":\"createdBy\",\"searchable\":true,\"sortable\":true}},\"updatedBy\":{\"edit\":{\"label\":\"updatedBy\",\"description\":\"\",\"placeholder\":\"\",\"visible\":false,\"editable\":true,\"mainField\":\"firstname\"},\"list\":{\"label\":\"updatedBy\",\"searchable\":true,\"sortable\":true}},\"documentId\":{\"edit\":{},\"list\":{\"label\":\"documentId\",\"searchable\":true,\"sortable\":true}}},\"layouts\":{\"list\":[\"id\",\"name\",\"description\",\"type\"],\"edit\":[[{\"name\":\"name\",\"size\":6},{\"name\":\"description\",\"size\":6}],[{\"name\":\"type\",\"size\":6},{\"name\":\"accessKey\",\"size\":6}],[{\"name\":\"encryptedKey\",\"size\":6},{\"name\":\"lastUsedAt\",\"size\":6}],[{\"name\":\"permissions\",\"size\":6},{\"name\":\"expiresAt\",\"size\":6}],[{\"name\":\"lifespan\",\"size\":4}]]},\"uid\":\"admin::api-token\"}', 'object', NULL, NULL);
INSERT INTO `strapi_core_store_settings` VALUES (17, 'plugin_content_manager_configuration_content_types::admin::transfer-token', '{\"settings\":{\"bulkable\":true,\"filterable\":true,\"searchable\":true,\"pageSize\":10,\"mainField\":\"name\",\"defaultSortBy\":\"name\",\"defaultSortOrder\":\"ASC\"},\"metadatas\":{\"id\":{\"edit\":{},\"list\":{\"label\":\"id\",\"searchable\":true,\"sortable\":true}},\"name\":{\"edit\":{\"label\":\"name\",\"description\":\"\",\"placeholder\":\"\",\"visible\":true,\"editable\":true},\"list\":{\"label\":\"name\",\"searchable\":true,\"sortable\":true}},\"description\":{\"edit\":{\"label\":\"description\",\"description\":\"\",\"placeholder\":\"\",\"visible\":true,\"editable\":true},\"list\":{\"label\":\"description\",\"searchable\":true,\"sortable\":true}},\"accessKey\":{\"edit\":{\"label\":\"accessKey\",\"description\":\"\",\"placeholder\":\"\",\"visible\":true,\"editable\":true},\"list\":{\"label\":\"accessKey\",\"searchable\":true,\"sortable\":true}},\"lastUsedAt\":{\"edit\":{\"label\":\"lastUsedAt\",\"description\":\"\",\"placeholder\":\"\",\"visible\":true,\"editable\":true},\"list\":{\"label\":\"lastUsedAt\",\"searchable\":true,\"sortable\":true}},\"permissions\":{\"edit\":{\"label\":\"permissions\",\"description\":\"\",\"placeholder\":\"\",\"visible\":true,\"editable\":true,\"mainField\":\"action\"},\"list\":{\"label\":\"permissions\",\"searchable\":false,\"sortable\":false}},\"expiresAt\":{\"edit\":{\"label\":\"expiresAt\",\"description\":\"\",\"placeholder\":\"\",\"visible\":true,\"editable\":true},\"list\":{\"label\":\"expiresAt\",\"searchable\":true,\"sortable\":true}},\"lifespan\":{\"edit\":{\"label\":\"lifespan\",\"description\":\"\",\"placeholder\":\"\",\"visible\":true,\"editable\":true},\"list\":{\"label\":\"lifespan\",\"searchable\":true,\"sortable\":true}},\"createdAt\":{\"edit\":{\"label\":\"createdAt\",\"description\":\"\",\"placeholder\":\"\",\"visible\":false,\"editable\":true},\"list\":{\"label\":\"createdAt\",\"searchable\":true,\"sortable\":true}},\"updatedAt\":{\"edit\":{\"label\":\"updatedAt\",\"description\":\"\",\"placeholder\":\"\",\"visible\":false,\"editable\":true},\"list\":{\"label\":\"updatedAt\",\"searchable\":true,\"sortable\":true}},\"createdBy\":{\"edit\":{\"label\":\"createdBy\",\"description\":\"\",\"placeholder\":\"\",\"visible\":false,\"editable\":true,\"mainField\":\"firstname\"},\"list\":{\"label\":\"createdBy\",\"searchable\":true,\"sortable\":true}},\"updatedBy\":{\"edit\":{\"label\":\"updatedBy\",\"description\":\"\",\"placeholder\":\"\",\"visible\":false,\"editable\":true,\"mainField\":\"firstname\"},\"list\":{\"label\":\"updatedBy\",\"searchable\":true,\"sortable\":true}},\"documentId\":{\"edit\":{},\"list\":{\"label\":\"documentId\",\"searchable\":true,\"sortable\":true}}},\"layouts\":{\"list\":[\"id\",\"name\",\"description\",\"accessKey\"],\"edit\":[[{\"name\":\"name\",\"size\":6},{\"name\":\"description\",\"size\":6}],[{\"name\":\"accessKey\",\"size\":6},{\"name\":\"lastUsedAt\",\"size\":6}],[{\"name\":\"permissions\",\"size\":6},{\"name\":\"expiresAt\",\"size\":6}],[{\"name\":\"lifespan\",\"size\":4}]]},\"uid\":\"admin::transfer-token\"}', 'object', NULL, NULL);
INSERT INTO `strapi_core_store_settings` VALUES (18, 'plugin_content_manager_configuration_content_types::admin::transfer-token-permission', '{\"settings\":{\"bulkable\":true,\"filterable\":true,\"searchable\":true,\"pageSize\":10,\"mainField\":\"action\",\"defaultSortBy\":\"action\",\"defaultSortOrder\":\"ASC\"},\"metadatas\":{\"id\":{\"edit\":{},\"list\":{\"label\":\"id\",\"searchable\":true,\"sortable\":true}},\"action\":{\"edit\":{\"label\":\"action\",\"description\":\"\",\"placeholder\":\"\",\"visible\":true,\"editable\":true},\"list\":{\"label\":\"action\",\"searchable\":true,\"sortable\":true}},\"token\":{\"edit\":{\"label\":\"token\",\"description\":\"\",\"placeholder\":\"\",\"visible\":true,\"editable\":true,\"mainField\":\"name\"},\"list\":{\"label\":\"token\",\"searchable\":true,\"sortable\":true}},\"createdAt\":{\"edit\":{\"label\":\"createdAt\",\"description\":\"\",\"placeholder\":\"\",\"visible\":false,\"editable\":true},\"list\":{\"label\":\"createdAt\",\"searchable\":true,\"sortable\":true}},\"updatedAt\":{\"edit\":{\"label\":\"updatedAt\",\"description\":\"\",\"placeholder\":\"\",\"visible\":false,\"editable\":true},\"list\":{\"label\":\"updatedAt\",\"searchable\":true,\"sortable\":true}},\"createdBy\":{\"edit\":{\"label\":\"createdBy\",\"description\":\"\",\"placeholder\":\"\",\"visible\":false,\"editable\":true,\"mainField\":\"firstname\"},\"list\":{\"label\":\"createdBy\",\"searchable\":true,\"sortable\":true}},\"updatedBy\":{\"edit\":{\"label\":\"updatedBy\",\"description\":\"\",\"placeholder\":\"\",\"visible\":false,\"editable\":true,\"mainField\":\"firstname\"},\"list\":{\"label\":\"updatedBy\",\"searchable\":true,\"sortable\":true}},\"documentId\":{\"edit\":{},\"list\":{\"label\":\"documentId\",\"searchable\":true,\"sortable\":true}}},\"layouts\":{\"list\":[\"id\",\"action\",\"token\",\"createdAt\"],\"edit\":[[{\"name\":\"action\",\"size\":6},{\"name\":\"token\",\"size\":6}]]},\"uid\":\"admin::transfer-token-permission\"}', 'object', NULL, NULL);
INSERT INTO `strapi_core_store_settings` VALUES (19, 'plugin_upload_settings', '{\"sizeOptimization\":true,\"responsiveDimensions\":true,\"autoOrientation\":false}', 'object', NULL, NULL);
INSERT INTO `strapi_core_store_settings` VALUES (20, 'plugin_upload_view_configuration', '{\"pageSize\":10,\"sort\":\"createdAt:DESC\"}', 'object', NULL, NULL);
INSERT INTO `strapi_core_store_settings` VALUES (21, 'plugin_upload_metrics', '{\"weeklySchedule\":\"28 3 2 * * 1\",\"lastWeeklyUpdate\":1762711408026}', 'object', NULL, NULL);
INSERT INTO `strapi_core_store_settings` VALUES (22, 'plugin_i18n_default_locale', '\"en\"', 'string', NULL, NULL);
INSERT INTO `strapi_core_store_settings` VALUES (23, 'plugin_users-permissions_grant', '{\"email\":{\"icon\":\"envelope\",\"enabled\":true},\"discord\":{\"icon\":\"discord\",\"enabled\":false,\"key\":\"\",\"secret\":\"\",\"callbackUrl\":\"api/auth/discord/callback\",\"scope\":[\"identify\",\"email\"]},\"facebook\":{\"icon\":\"facebook-square\",\"enabled\":false,\"key\":\"\",\"secret\":\"\",\"callbackUrl\":\"api/auth/facebook/callback\",\"scope\":[\"email\"]},\"google\":{\"icon\":\"google\",\"enabled\":false,\"key\":\"\",\"secret\":\"\",\"callbackUrl\":\"api/auth/google/callback\",\"scope\":[\"email\"]},\"github\":{\"icon\":\"github\",\"enabled\":false,\"key\":\"\",\"secret\":\"\",\"callbackUrl\":\"api/auth/github/callback\",\"scope\":[\"user\",\"user:email\"]},\"microsoft\":{\"icon\":\"windows\",\"enabled\":false,\"key\":\"\",\"secret\":\"\",\"callbackUrl\":\"api/auth/microsoft/callback\",\"scope\":[\"user.read\"]},\"twitter\":{\"icon\":\"twitter\",\"enabled\":false,\"key\":\"\",\"secret\":\"\",\"callbackUrl\":\"api/auth/twitter/callback\"},\"instagram\":{\"icon\":\"instagram\",\"enabled\":false,\"key\":\"\",\"secret\":\"\",\"callbackUrl\":\"api/auth/instagram/callback\",\"scope\":[\"user_profile\"]},\"vk\":{\"icon\":\"vk\",\"enabled\":false,\"key\":\"\",\"secret\":\"\",\"callbackUrl\":\"api/auth/vk/callback\",\"scope\":[\"email\"]},\"twitch\":{\"icon\":\"twitch\",\"enabled\":false,\"key\":\"\",\"secret\":\"\",\"callbackUrl\":\"api/auth/twitch/callback\",\"scope\":[\"user:read:email\"]},\"linkedin\":{\"icon\":\"linkedin\",\"enabled\":false,\"key\":\"\",\"secret\":\"\",\"callbackUrl\":\"api/auth/linkedin/callback\",\"scope\":[\"r_liteprofile\",\"r_emailaddress\"]},\"cognito\":{\"icon\":\"aws\",\"enabled\":false,\"key\":\"\",\"secret\":\"\",\"subdomain\":\"my.subdomain.com\",\"callback\":\"api/auth/cognito/callback\",\"scope\":[\"email\",\"openid\",\"profile\"]},\"reddit\":{\"icon\":\"reddit\",\"enabled\":false,\"key\":\"\",\"secret\":\"\",\"callback\":\"api/auth/reddit/callback\",\"scope\":[\"identity\"]},\"auth0\":{\"icon\":\"\",\"enabled\":false,\"key\":\"\",\"secret\":\"\",\"subdomain\":\"my-tenant.eu\",\"callback\":\"api/auth/auth0/callback\",\"scope\":[\"openid\",\"email\",\"profile\"]},\"cas\":{\"icon\":\"book\",\"enabled\":false,\"key\":\"\",\"secret\":\"\",\"callback\":\"api/auth/cas/callback\",\"scope\":[\"openid email\"],\"subdomain\":\"my.subdomain.com/cas\"},\"patreon\":{\"icon\":\"\",\"enabled\":false,\"key\":\"\",\"secret\":\"\",\"callback\":\"api/auth/patreon/callback\",\"scope\":[\"identity\",\"identity[email]\"]},\"keycloak\":{\"icon\":\"\",\"enabled\":false,\"key\":\"\",\"secret\":\"\",\"subdomain\":\"myKeycloakProvider.com/realms/myrealm\",\"callback\":\"api/auth/keycloak/callback\",\"scope\":[\"openid\",\"email\",\"profile\"]}}', 'object', NULL, NULL);
INSERT INTO `strapi_core_store_settings` VALUES (24, 'plugin_users-permissions_email', '{\"reset_password\":{\"display\":\"Email.template.reset_password\",\"icon\":\"sync\",\"options\":{\"from\":{\"name\":\"Administration Panel\",\"email\":\"no-reply@strapi.io\"},\"response_email\":\"\",\"object\":\"Reset password\",\"message\":\"<p>We heard that you lost your password. Sorry about that!</p>\\n\\n<p>But dont worry! You can use the following link to reset your password:</p>\\n<p><%= URL %>?code=<%= TOKEN %></p>\\n\\n<p>Thanks.</p>\"}},\"email_confirmation\":{\"display\":\"Email.template.email_confirmation\",\"icon\":\"check-square\",\"options\":{\"from\":{\"name\":\"Administration Panel\",\"email\":\"no-reply@strapi.io\"},\"response_email\":\"\",\"object\":\"Account confirmation\",\"message\":\"<p>Thank you for registering!</p>\\n\\n<p>You have to confirm your email address. Please click on the link below.</p>\\n\\n<p><%= URL %>?confirmation=<%= CODE %></p>\\n\\n<p>Thanks.</p>\"}}}', 'object', NULL, NULL);
INSERT INTO `strapi_core_store_settings` VALUES (25, 'plugin_users-permissions_advanced', '{\"unique_email\":true,\"allow_register\":true,\"email_confirmation\":false,\"email_reset_password\":null,\"email_confirmation_redirection\":null,\"default_role\":\"authenticated\"}', 'object', NULL, NULL);
INSERT INTO `strapi_core_store_settings` VALUES (26, 'core_admin_auth', '{\"providers\":{\"autoRegister\":false,\"defaultRole\":null,\"ssoLockedRoles\":null}}', 'object', NULL, NULL);
INSERT INTO `strapi_core_store_settings` VALUES (27, 'plugin_content_manager_configuration_components::buttons.hero-button', '{\"settings\":{\"bulkable\":true,\"filterable\":true,\"searchable\":true,\"pageSize\":10,\"mainField\":\"text\",\"defaultSortBy\":\"text\",\"defaultSortOrder\":\"ASC\"},\"metadatas\":{\"id\":{\"edit\":{},\"list\":{\"label\":\"id\",\"searchable\":false,\"sortable\":false}},\"text\":{\"edit\":{\"label\":\"text\",\"description\":\"\",\"placeholder\":\"\",\"visible\":true,\"editable\":true},\"list\":{\"label\":\"text\",\"searchable\":true,\"sortable\":true}},\"href\":{\"edit\":{\"label\":\"href\",\"description\":\"\",\"placeholder\":\"\",\"visible\":true,\"editable\":true},\"list\":{\"label\":\"href\",\"searchable\":true,\"sortable\":true}},\"Options\":{\"edit\":{\"label\":\"Options\",\"description\":\"\",\"placeholder\":\"\",\"visible\":true,\"editable\":true},\"list\":{\"label\":\"Options\",\"searchable\":true,\"sortable\":true}},\"icon\":{\"edit\":{\"label\":\"icon\",\"description\":\"\",\"placeholder\":\"\",\"visible\":true,\"editable\":true},\"list\":{\"label\":\"icon\",\"searchable\":true,\"sortable\":true}},\"documentId\":{\"edit\":{},\"list\":{\"label\":\"documentId\",\"searchable\":true,\"sortable\":true}}},\"layouts\":{\"list\":[\"id\",\"text\",\"href\",\"Options\"],\"edit\":[[{\"name\":\"text\",\"size\":6},{\"name\":\"href\",\"size\":6}],[{\"name\":\"Options\",\"size\":6},{\"name\":\"icon\",\"size\":4}]]},\"uid\":\"buttons.hero-button\",\"isComponent\":true}', 'object', NULL, NULL);
INSERT INTO `strapi_core_store_settings` VALUES (29, 'plugin_content_manager_configuration_components::service.sub-services', '{\"settings\":{\"bulkable\":true,\"filterable\":true,\"searchable\":true,\"pageSize\":10,\"mainField\":\"title\",\"defaultSortBy\":\"title\",\"defaultSortOrder\":\"ASC\"},\"metadatas\":{\"id\":{\"edit\":{},\"list\":{\"label\":\"id\",\"searchable\":false,\"sortable\":false}},\"title\":{\"edit\":{\"label\":\"title\",\"description\":\"\",\"placeholder\":\"\",\"visible\":true,\"editable\":true},\"list\":{\"label\":\"title\",\"searchable\":true,\"sortable\":true}},\"icon\":{\"edit\":{\"label\":\"icon\",\"description\":\"\",\"placeholder\":\"\",\"visible\":true,\"editable\":true},\"list\":{\"label\":\"icon\",\"searchable\":false,\"sortable\":false}},\"backgroundColor\":{\"edit\":{\"label\":\"backgroundColor\",\"description\":\"\",\"placeholder\":\"\",\"visible\":true,\"editable\":true},\"list\":{\"label\":\"backgroundColor\",\"searchable\":true,\"sortable\":true}},\"href\":{\"edit\":{\"label\":\"href\",\"description\":\"\",\"placeholder\":\"\",\"visible\":true,\"editable\":true},\"list\":{\"label\":\"href\",\"searchable\":true,\"sortable\":true}},\"documentId\":{\"edit\":{},\"list\":{\"label\":\"documentId\",\"searchable\":true,\"sortable\":true}}},\"layouts\":{\"list\":[\"id\",\"title\",\"icon\",\"backgroundColor\"],\"edit\":[[{\"name\":\"title\",\"size\":6},{\"name\":\"icon\",\"size\":6}],[{\"name\":\"backgroundColor\",\"size\":6},{\"name\":\"href\",\"size\":6}]]},\"uid\":\"service.sub-services\",\"isComponent\":true}', 'object', NULL, NULL);
INSERT INTO `strapi_core_store_settings` VALUES (30, 'plugin_content_manager_configuration_content_types::api::service.service', '{\"settings\":{\"bulkable\":true,\"filterable\":true,\"searchable\":true,\"pageSize\":10,\"mainField\":\"title\",\"defaultSortBy\":\"title\",\"defaultSortOrder\":\"ASC\"},\"metadatas\":{\"id\":{\"edit\":{},\"list\":{\"label\":\"id\",\"searchable\":true,\"sortable\":true}},\"title\":{\"edit\":{\"label\":\"title\",\"description\":\"\",\"placeholder\":\"\",\"visible\":true,\"editable\":true},\"list\":{\"label\":\"title\",\"searchable\":true,\"sortable\":true}},\"titleAccent\":{\"edit\":{\"label\":\"titleAccent\",\"description\":\"\",\"placeholder\":\"\",\"visible\":true,\"editable\":true},\"list\":{\"label\":\"titleAccent\",\"searchable\":true,\"sortable\":true}},\"description\":{\"edit\":{\"label\":\"description\",\"description\":\"\",\"placeholder\":\"\",\"visible\":true,\"editable\":true},\"list\":{\"label\":\"description\",\"searchable\":true,\"sortable\":true}},\"image\":{\"edit\":{\"label\":\"image\",\"description\":\"\",\"placeholder\":\"\",\"visible\":true,\"editable\":true},\"list\":{\"label\":\"image\",\"searchable\":false,\"sortable\":false}},\"imageAlt\":{\"edit\":{\"label\":\"imageAlt\",\"description\":\"\",\"placeholder\":\"\",\"visible\":true,\"editable\":true},\"list\":{\"label\":\"imageAlt\",\"searchable\":true,\"sortable\":true}},\"buttonText\":{\"edit\":{\"label\":\"buttonText\",\"description\":\"\",\"placeholder\":\"\",\"visible\":true,\"editable\":true},\"list\":{\"label\":\"buttonText\",\"searchable\":true,\"sortable\":true}},\"buttonHref\":{\"edit\":{\"label\":\"buttonHref\",\"description\":\"\",\"placeholder\":\"\",\"visible\":true,\"editable\":true},\"list\":{\"label\":\"buttonHref\",\"searchable\":true,\"sortable\":true}},\"serviceKey\":{\"edit\":{\"label\":\"serviceKey\",\"description\":\"\",\"placeholder\":\"\",\"visible\":true,\"editable\":true},\"list\":{\"label\":\"serviceKey\",\"searchable\":true,\"sortable\":true}},\"SubServices\":{\"edit\":{\"label\":\"SubServices\",\"description\":\"\",\"placeholder\":\"\",\"visible\":true,\"editable\":true},\"list\":{\"label\":\"SubServices\",\"searchable\":false,\"sortable\":false}},\"createdAt\":{\"edit\":{\"label\":\"createdAt\",\"description\":\"\",\"placeholder\":\"\",\"visible\":false,\"editable\":true},\"list\":{\"label\":\"createdAt\",\"searchable\":true,\"sortable\":true}},\"updatedAt\":{\"edit\":{\"label\":\"updatedAt\",\"description\":\"\",\"placeholder\":\"\",\"visible\":false,\"editable\":true},\"list\":{\"label\":\"updatedAt\",\"searchable\":true,\"sortable\":true}},\"createdBy\":{\"edit\":{\"label\":\"createdBy\",\"description\":\"\",\"placeholder\":\"\",\"visible\":false,\"editable\":true,\"mainField\":\"firstname\"},\"list\":{\"label\":\"createdBy\",\"searchable\":true,\"sortable\":true}},\"updatedBy\":{\"edit\":{\"label\":\"updatedBy\",\"description\":\"\",\"placeholder\":\"\",\"visible\":false,\"editable\":true,\"mainField\":\"firstname\"},\"list\":{\"label\":\"updatedBy\",\"searchable\":true,\"sortable\":true}},\"documentId\":{\"edit\":{},\"list\":{\"label\":\"documentId\",\"searchable\":true,\"sortable\":true}}},\"layouts\":{\"list\":[\"id\",\"title\",\"titleAccent\",\"description\"],\"edit\":[[{\"name\":\"title\",\"size\":6},{\"name\":\"titleAccent\",\"size\":6}],[{\"name\":\"description\",\"size\":6},{\"name\":\"image\",\"size\":6}],[{\"name\":\"imageAlt\",\"size\":6},{\"name\":\"buttonText\",\"size\":6}],[{\"name\":\"buttonHref\",\"size\":6},{\"name\":\"serviceKey\",\"size\":6}],[{\"name\":\"SubServices\",\"size\":12}]]},\"uid\":\"api::service.service\"}', 'object', NULL, NULL);
INSERT INTO `strapi_core_store_settings` VALUES (35, 'plugin_content_manager_configuration_components::services.services', '{\"settings\":{\"bulkable\":true,\"filterable\":true,\"searchable\":true,\"pageSize\":10,\"mainField\":\"title\",\"defaultSortBy\":\"title\",\"defaultSortOrder\":\"ASC\"},\"metadatas\":{\"id\":{\"edit\":{},\"list\":{\"label\":\"id\",\"searchable\":false,\"sortable\":false}},\"title\":{\"edit\":{\"label\":\"title\",\"description\":\"\",\"placeholder\":\"\",\"visible\":true,\"editable\":true},\"list\":{\"label\":\"title\",\"searchable\":true,\"sortable\":true}},\"titleAccent\":{\"edit\":{\"label\":\"titleAccent\",\"description\":\"\",\"placeholder\":\"\",\"visible\":true,\"editable\":true},\"list\":{\"label\":\"titleAccent\",\"searchable\":true,\"sortable\":true}},\"description\":{\"edit\":{\"label\":\"description\",\"description\":\"\",\"placeholder\":\"\",\"visible\":true,\"editable\":true},\"list\":{\"label\":\"description\",\"searchable\":true,\"sortable\":true}},\"image\":{\"edit\":{\"label\":\"image\",\"description\":\"\",\"placeholder\":\"\",\"visible\":true,\"editable\":true},\"list\":{\"label\":\"image\",\"searchable\":false,\"sortable\":false}},\"imageAlt\":{\"edit\":{\"label\":\"imageAlt\",\"description\":\"\",\"placeholder\":\"\",\"visible\":true,\"editable\":true},\"list\":{\"label\":\"imageAlt\",\"searchable\":true,\"sortable\":true}},\"buttonText\":{\"edit\":{\"label\":\"buttonText\",\"description\":\"\",\"placeholder\":\"\",\"visible\":true,\"editable\":true},\"list\":{\"label\":\"buttonText\",\"searchable\":true,\"sortable\":true}},\"buttonHref\":{\"edit\":{\"label\":\"buttonHref\",\"description\":\"\",\"placeholder\":\"\",\"visible\":true,\"editable\":true},\"list\":{\"label\":\"buttonHref\",\"searchable\":true,\"sortable\":true}},\"documentId\":{\"edit\":{},\"list\":{\"label\":\"documentId\",\"searchable\":true,\"sortable\":true}}},\"layouts\":{\"list\":[\"id\",\"title\",\"titleAccent\",\"description\"],\"edit\":[[{\"name\":\"title\",\"size\":6},{\"name\":\"titleAccent\",\"size\":6}],[{\"name\":\"description\",\"size\":6},{\"name\":\"image\",\"size\":6}],[{\"name\":\"imageAlt\",\"size\":6},{\"name\":\"buttonText\",\"size\":6}],[{\"name\":\"buttonHref\",\"size\":6}]]},\"uid\":\"services.services\",\"isComponent\":true}', 'object', NULL, NULL);
INSERT INTO `strapi_core_store_settings` VALUES (36, 'plugin_content_manager_configuration_components::hero-buttons.hero-button', '{\"settings\":{\"bulkable\":true,\"filterable\":true,\"searchable\":true,\"pageSize\":10,\"mainField\":\"text\",\"defaultSortBy\":\"text\",\"defaultSortOrder\":\"ASC\"},\"metadatas\":{\"id\":{\"edit\":{},\"list\":{\"label\":\"id\",\"searchable\":false,\"sortable\":false}},\"text\":{\"edit\":{\"label\":\"text\",\"description\":\"\",\"placeholder\":\"\",\"visible\":true,\"editable\":true},\"list\":{\"label\":\"text\",\"searchable\":true,\"sortable\":true}},\"href\":{\"edit\":{\"label\":\"href\",\"description\":\"\",\"placeholder\":\"\",\"visible\":true,\"editable\":true},\"list\":{\"label\":\"href\",\"searchable\":true,\"sortable\":true}},\"Options\":{\"edit\":{\"label\":\"Options\",\"description\":\"\",\"placeholder\":\"\",\"visible\":true,\"editable\":true},\"list\":{\"label\":\"Options\",\"searchable\":true,\"sortable\":true}},\"icon\":{\"edit\":{\"label\":\"icon\",\"description\":\"\",\"placeholder\":\"\",\"visible\":true,\"editable\":true},\"list\":{\"label\":\"icon\",\"searchable\":true,\"sortable\":true}},\"documentId\":{\"edit\":{},\"list\":{\"label\":\"documentId\",\"searchable\":true,\"sortable\":true}}},\"layouts\":{\"list\":[\"id\",\"text\",\"href\",\"Options\"],\"edit\":[[{\"name\":\"text\",\"size\":6},{\"name\":\"href\",\"size\":6}],[{\"name\":\"Options\",\"size\":6},{\"name\":\"icon\",\"size\":4}]]},\"uid\":\"hero-buttons.hero-button\",\"isComponent\":true}', 'object', NULL, NULL);
INSERT INTO `strapi_core_store_settings` VALUES (37, 'plugin_content_manager_configuration_components::links.nav-link', '{\"settings\":{\"bulkable\":true,\"filterable\":true,\"searchable\":true,\"pageSize\":10,\"mainField\":\"label\",\"defaultSortBy\":\"label\",\"defaultSortOrder\":\"ASC\"},\"metadatas\":{\"id\":{\"edit\":{},\"list\":{\"label\":\"id\",\"searchable\":false,\"sortable\":false}},\"label\":{\"edit\":{\"label\":\"label\",\"description\":\"\",\"placeholder\":\"\",\"visible\":true,\"editable\":true},\"list\":{\"label\":\"label\",\"searchable\":true,\"sortable\":true}},\"url\":{\"edit\":{\"label\":\"url\",\"description\":\"\",\"placeholder\":\"\",\"visible\":true,\"editable\":true},\"list\":{\"label\":\"url\",\"searchable\":true,\"sortable\":true}},\"order\":{\"edit\":{\"label\":\"order\",\"description\":\"\",\"placeholder\":\"\",\"visible\":true,\"editable\":true},\"list\":{\"label\":\"order\",\"searchable\":true,\"sortable\":true}},\"documentId\":{\"edit\":{},\"list\":{\"label\":\"documentId\",\"searchable\":true,\"sortable\":true}}},\"layouts\":{\"list\":[\"id\",\"label\",\"url\",\"order\"],\"edit\":[[{\"name\":\"label\",\"size\":6},{\"name\":\"url\",\"size\":6}],[{\"name\":\"order\",\"size\":4}]]},\"uid\":\"links.nav-link\",\"isComponent\":true}', 'object', NULL, NULL);
INSERT INTO `strapi_core_store_settings` VALUES (38, 'plugin_content_manager_configuration_content_types::api::client-review.client-review', '{\"settings\":{\"bulkable\":true,\"filterable\":true,\"searchable\":true,\"pageSize\":10,\"mainField\":\"clientName\",\"defaultSortBy\":\"clientName\",\"defaultSortOrder\":\"ASC\"},\"metadatas\":{\"id\":{\"edit\":{},\"list\":{\"label\":\"id\",\"searchable\":true,\"sortable\":true}},\"image\":{\"edit\":{\"label\":\"image\",\"description\":\"\",\"placeholder\":\"\",\"visible\":true,\"editable\":true},\"list\":{\"label\":\"image\",\"searchable\":false,\"sortable\":false}},\"clientName\":{\"edit\":{\"label\":\"clientName\",\"description\":\"\",\"placeholder\":\"\",\"visible\":true,\"editable\":true},\"list\":{\"label\":\"clientName\",\"searchable\":true,\"sortable\":true}},\"company\":{\"edit\":{\"label\":\"company\",\"description\":\"\",\"placeholder\":\"\",\"visible\":true,\"editable\":true},\"list\":{\"label\":\"company\",\"searchable\":true,\"sortable\":true}},\"review\":{\"edit\":{\"label\":\"review\",\"description\":\"\",\"placeholder\":\"\",\"visible\":true,\"editable\":true},\"list\":{\"label\":\"review\",\"searchable\":true,\"sortable\":true}},\"alt\":{\"edit\":{\"label\":\"alt\",\"description\":\"\",\"placeholder\":\"\",\"visible\":true,\"editable\":true},\"list\":{\"label\":\"alt\",\"searchable\":true,\"sortable\":true}},\"rating\":{\"edit\":{\"label\":\"rating\",\"description\":\"\",\"placeholder\":\"\",\"visible\":true,\"editable\":true},\"list\":{\"label\":\"rating\",\"searchable\":true,\"sortable\":true}},\"displayInCarousel\":{\"edit\":{\"label\":\"displayInCarousel\",\"description\":\"\",\"placeholder\":\"\",\"visible\":true,\"editable\":true},\"list\":{\"label\":\"displayInCarousel\",\"searchable\":true,\"sortable\":true}},\"createdAt\":{\"edit\":{\"label\":\"createdAt\",\"description\":\"\",\"placeholder\":\"\",\"visible\":false,\"editable\":true},\"list\":{\"label\":\"createdAt\",\"searchable\":true,\"sortable\":true}},\"updatedAt\":{\"edit\":{\"label\":\"updatedAt\",\"description\":\"\",\"placeholder\":\"\",\"visible\":false,\"editable\":true},\"list\":{\"label\":\"updatedAt\",\"searchable\":true,\"sortable\":true}},\"createdBy\":{\"edit\":{\"label\":\"createdBy\",\"description\":\"\",\"placeholder\":\"\",\"visible\":false,\"editable\":true,\"mainField\":\"firstname\"},\"list\":{\"label\":\"createdBy\",\"searchable\":true,\"sortable\":true}},\"updatedBy\":{\"edit\":{\"label\":\"updatedBy\",\"description\":\"\",\"placeholder\":\"\",\"visible\":false,\"editable\":true,\"mainField\":\"firstname\"},\"list\":{\"label\":\"updatedBy\",\"searchable\":true,\"sortable\":true}},\"documentId\":{\"edit\":{},\"list\":{\"label\":\"documentId\",\"searchable\":true,\"sortable\":true}}},\"layouts\":{\"list\":[\"id\",\"image\",\"clientName\",\"company\"],\"edit\":[[{\"name\":\"image\",\"size\":6},{\"name\":\"clientName\",\"size\":6}],[{\"name\":\"company\",\"size\":6},{\"name\":\"review\",\"size\":6}],[{\"name\":\"alt\",\"size\":6},{\"name\":\"rating\",\"size\":4}],[{\"name\":\"displayInCarousel\",\"size\":4}]]},\"uid\":\"api::client-review.client-review\"}', 'object', NULL, NULL);
INSERT INTO `strapi_core_store_settings` VALUES (39, 'plugin_content_manager_configuration_content_types::api::contact-form-submission.contact-form-submission', '{\"settings\":{\"bulkable\":true,\"filterable\":true,\"searchable\":true,\"pageSize\":10,\"mainField\":\"name\",\"defaultSortBy\":\"name\",\"defaultSortOrder\":\"ASC\"},\"metadatas\":{\"id\":{\"edit\":{},\"list\":{\"label\":\"id\",\"searchable\":true,\"sortable\":true}},\"name\":{\"edit\":{\"label\":\"name\",\"description\":\"\",\"placeholder\":\"\",\"visible\":true,\"editable\":true},\"list\":{\"label\":\"name\",\"searchable\":true,\"sortable\":true}},\"companyName\":{\"edit\":{\"label\":\"companyName\",\"description\":\"\",\"placeholder\":\"\",\"visible\":true,\"editable\":true},\"list\":{\"label\":\"companyName\",\"searchable\":true,\"sortable\":true}},\"email\":{\"edit\":{\"label\":\"email\",\"description\":\"\",\"placeholder\":\"\",\"visible\":true,\"editable\":true},\"list\":{\"label\":\"email\",\"searchable\":true,\"sortable\":true}},\"phone\":{\"edit\":{\"label\":\"phone\",\"description\":\"\",\"placeholder\":\"\",\"visible\":true,\"editable\":true},\"list\":{\"label\":\"phone\",\"searchable\":true,\"sortable\":true}},\"service\":{\"edit\":{\"label\":\"service\",\"description\":\"\",\"placeholder\":\"\",\"visible\":true,\"editable\":true},\"list\":{\"label\":\"service\",\"searchable\":true,\"sortable\":true}},\"message\":{\"edit\":{\"label\":\"message\",\"description\":\"\",\"placeholder\":\"\",\"visible\":true,\"editable\":true},\"list\":{\"label\":\"message\",\"searchable\":true,\"sortable\":true}},\"createdAt\":{\"edit\":{\"label\":\"createdAt\",\"description\":\"\",\"placeholder\":\"\",\"visible\":false,\"editable\":true},\"list\":{\"label\":\"createdAt\",\"searchable\":true,\"sortable\":true}},\"updatedAt\":{\"edit\":{\"label\":\"updatedAt\",\"description\":\"\",\"placeholder\":\"\",\"visible\":false,\"editable\":true},\"list\":{\"label\":\"updatedAt\",\"searchable\":true,\"sortable\":true}},\"createdBy\":{\"edit\":{\"label\":\"createdBy\",\"description\":\"\",\"placeholder\":\"\",\"visible\":false,\"editable\":true,\"mainField\":\"firstname\"},\"list\":{\"label\":\"createdBy\",\"searchable\":true,\"sortable\":true}},\"updatedBy\":{\"edit\":{\"label\":\"updatedBy\",\"description\":\"\",\"placeholder\":\"\",\"visible\":false,\"editable\":true,\"mainField\":\"firstname\"},\"list\":{\"label\":\"updatedBy\",\"searchable\":true,\"sortable\":true}},\"documentId\":{\"edit\":{},\"list\":{\"label\":\"documentId\",\"searchable\":true,\"sortable\":true}}},\"layouts\":{\"list\":[\"id\",\"name\",\"companyName\",\"email\"],\"edit\":[[{\"name\":\"name\",\"size\":6},{\"name\":\"companyName\",\"size\":6}],[{\"name\":\"email\",\"size\":6},{\"name\":\"phone\",\"size\":6}],[{\"name\":\"service\",\"size\":6},{\"name\":\"message\",\"size\":6}]]},\"uid\":\"api::contact-form-submission.contact-form-submission\"}', 'object', NULL, NULL);
INSERT INTO `strapi_core_store_settings` VALUES (40, 'plugin_content_manager_configuration_content_types::api::footer.footer', '{\"settings\":{\"bulkable\":true,\"filterable\":true,\"searchable\":true,\"pageSize\":10,\"mainField\":\"phone\",\"defaultSortBy\":\"phone\",\"defaultSortOrder\":\"ASC\"},\"metadatas\":{\"id\":{\"edit\":{},\"list\":{\"label\":\"id\",\"searchable\":true,\"sortable\":true}},\"email\":{\"edit\":{\"label\":\"email\",\"description\":\"\",\"placeholder\":\"\",\"visible\":true,\"editable\":true},\"list\":{\"label\":\"email\",\"searchable\":true,\"sortable\":true}},\"phone\":{\"edit\":{\"label\":\"phone\",\"description\":\"\",\"placeholder\":\"\",\"visible\":true,\"editable\":true},\"list\":{\"label\":\"phone\",\"searchable\":true,\"sortable\":true}},\"address\":{\"edit\":{\"label\":\"address\",\"description\":\"\",\"placeholder\":\"\",\"visible\":true,\"editable\":true},\"list\":{\"label\":\"address\",\"searchable\":true,\"sortable\":true}},\"copyrightText\":{\"edit\":{\"label\":\"copyrightText\",\"description\":\"\",\"placeholder\":\"\",\"visible\":true,\"editable\":true},\"list\":{\"label\":\"copyrightText\",\"searchable\":true,\"sortable\":true}},\"logo\":{\"edit\":{\"label\":\"logo\",\"description\":\"\",\"placeholder\":\"\",\"visible\":true,\"editable\":true},\"list\":{\"label\":\"logo\",\"searchable\":false,\"sortable\":false}},\"createdAt\":{\"edit\":{\"label\":\"createdAt\",\"description\":\"\",\"placeholder\":\"\",\"visible\":false,\"editable\":true},\"list\":{\"label\":\"createdAt\",\"searchable\":true,\"sortable\":true}},\"updatedAt\":{\"edit\":{\"label\":\"updatedAt\",\"description\":\"\",\"placeholder\":\"\",\"visible\":false,\"editable\":true},\"list\":{\"label\":\"updatedAt\",\"searchable\":true,\"sortable\":true}},\"createdBy\":{\"edit\":{\"label\":\"createdBy\",\"description\":\"\",\"placeholder\":\"\",\"visible\":false,\"editable\":true,\"mainField\":\"firstname\"},\"list\":{\"label\":\"createdBy\",\"searchable\":true,\"sortable\":true}},\"updatedBy\":{\"edit\":{\"label\":\"updatedBy\",\"description\":\"\",\"placeholder\":\"\",\"visible\":false,\"editable\":true,\"mainField\":\"firstname\"},\"list\":{\"label\":\"updatedBy\",\"searchable\":true,\"sortable\":true}},\"documentId\":{\"edit\":{},\"list\":{\"label\":\"documentId\",\"searchable\":true,\"sortable\":true}}},\"layouts\":{\"list\":[\"id\",\"email\",\"phone\",\"address\"],\"edit\":[[{\"name\":\"email\",\"size\":6},{\"name\":\"phone\",\"size\":6}],[{\"name\":\"address\",\"size\":6},{\"name\":\"copyrightText\",\"size\":6}],[{\"name\":\"logo\",\"size\":6}]]},\"uid\":\"api::footer.footer\"}', 'object', NULL, NULL);
INSERT INTO `strapi_core_store_settings` VALUES (42, 'plugin_content_manager_configuration_content_types::api::navigation.navigation', '{\"settings\":{\"bulkable\":true,\"filterable\":true,\"searchable\":true,\"pageSize\":10,\"mainField\":\"documentId\",\"defaultSortBy\":\"documentId\",\"defaultSortOrder\":\"ASC\"},\"metadatas\":{\"id\":{\"edit\":{},\"list\":{\"label\":\"id\",\"searchable\":true,\"sortable\":true}},\"logo\":{\"edit\":{\"label\":\"logo\",\"description\":\"\",\"placeholder\":\"\",\"visible\":true,\"editable\":true},\"list\":{\"label\":\"logo\",\"searchable\":false,\"sortable\":false}},\"navLinks\":{\"edit\":{\"label\":\"navLinks\",\"description\":\"\",\"placeholder\":\"\",\"visible\":true,\"editable\":true},\"list\":{\"label\":\"navLinks\",\"searchable\":false,\"sortable\":false}},\"createdAt\":{\"edit\":{\"label\":\"createdAt\",\"description\":\"\",\"placeholder\":\"\",\"visible\":false,\"editable\":true},\"list\":{\"label\":\"createdAt\",\"searchable\":true,\"sortable\":true}},\"updatedAt\":{\"edit\":{\"label\":\"updatedAt\",\"description\":\"\",\"placeholder\":\"\",\"visible\":false,\"editable\":true},\"list\":{\"label\":\"updatedAt\",\"searchable\":true,\"sortable\":true}},\"createdBy\":{\"edit\":{\"label\":\"createdBy\",\"description\":\"\",\"placeholder\":\"\",\"visible\":false,\"editable\":true,\"mainField\":\"firstname\"},\"list\":{\"label\":\"createdBy\",\"searchable\":true,\"sortable\":true}},\"updatedBy\":{\"edit\":{\"label\":\"updatedBy\",\"description\":\"\",\"placeholder\":\"\",\"visible\":false,\"editable\":true,\"mainField\":\"firstname\"},\"list\":{\"label\":\"updatedBy\",\"searchable\":true,\"sortable\":true}},\"documentId\":{\"edit\":{},\"list\":{\"label\":\"documentId\",\"searchable\":true,\"sortable\":true}}},\"layouts\":{\"list\":[\"id\",\"logo\",\"navLinks\",\"createdAt\"],\"edit\":[[{\"name\":\"logo\",\"size\":6}],[{\"name\":\"navLinks\",\"size\":12}]]},\"uid\":\"api::navigation.navigation\"}', 'object', NULL, NULL);
INSERT INTO `strapi_core_store_settings` VALUES (43, 'plugin_content_manager_configuration_content_types::api::office-location.office-location', '{\"settings\":{\"bulkable\":true,\"filterable\":true,\"searchable\":true,\"pageSize\":10,\"mainField\":\"title\",\"defaultSortBy\":\"title\",\"defaultSortOrder\":\"ASC\"},\"metadatas\":{\"id\":{\"edit\":{},\"list\":{\"label\":\"id\",\"searchable\":true,\"sortable\":true}},\"title\":{\"edit\":{\"label\":\"title\",\"description\":\"\",\"placeholder\":\"\",\"visible\":true,\"editable\":true},\"list\":{\"label\":\"title\",\"searchable\":true,\"sortable\":true}},\"email\":{\"edit\":{\"label\":\"email\",\"description\":\"\",\"placeholder\":\"\",\"visible\":true,\"editable\":true},\"list\":{\"label\":\"email\",\"searchable\":true,\"sortable\":true}},\"phone\":{\"edit\":{\"label\":\"phone\",\"description\":\"\",\"placeholder\":\"\",\"visible\":true,\"editable\":true},\"list\":{\"label\":\"phone\",\"searchable\":true,\"sortable\":true}},\"officeType\":{\"edit\":{\"label\":\"officeType\",\"description\":\"\",\"placeholder\":\"\",\"visible\":true,\"editable\":true},\"list\":{\"label\":\"officeType\",\"searchable\":true,\"sortable\":true}},\"mapLink\":{\"edit\":{\"label\":\"mapLink\",\"description\":\"\",\"placeholder\":\"\",\"visible\":true,\"editable\":true},\"list\":{\"label\":\"mapLink\",\"searchable\":true,\"sortable\":true}},\"image\":{\"edit\":{\"label\":\"image\",\"description\":\"\",\"placeholder\":\"\",\"visible\":true,\"editable\":true},\"list\":{\"label\":\"image\",\"searchable\":false,\"sortable\":false}},\"createdAt\":{\"edit\":{\"label\":\"createdAt\",\"description\":\"\",\"placeholder\":\"\",\"visible\":false,\"editable\":true},\"list\":{\"label\":\"createdAt\",\"searchable\":true,\"sortable\":true}},\"updatedAt\":{\"edit\":{\"label\":\"updatedAt\",\"description\":\"\",\"placeholder\":\"\",\"visible\":false,\"editable\":true},\"list\":{\"label\":\"updatedAt\",\"searchable\":true,\"sortable\":true}},\"createdBy\":{\"edit\":{\"label\":\"createdBy\",\"description\":\"\",\"placeholder\":\"\",\"visible\":false,\"editable\":true,\"mainField\":\"firstname\"},\"list\":{\"label\":\"createdBy\",\"searchable\":true,\"sortable\":true}},\"updatedBy\":{\"edit\":{\"label\":\"updatedBy\",\"description\":\"\",\"placeholder\":\"\",\"visible\":false,\"editable\":true,\"mainField\":\"firstname\"},\"list\":{\"label\":\"updatedBy\",\"searchable\":true,\"sortable\":true}},\"documentId\":{\"edit\":{},\"list\":{\"label\":\"documentId\",\"searchable\":true,\"sortable\":true}}},\"layouts\":{\"list\":[\"id\",\"title\",\"email\",\"phone\"],\"edit\":[[{\"name\":\"title\",\"size\":6},{\"name\":\"email\",\"size\":6}],[{\"name\":\"phone\",\"size\":6},{\"name\":\"officeType\",\"size\":6}],[{\"name\":\"mapLink\",\"size\":6},{\"name\":\"image\",\"size\":6}]]},\"uid\":\"api::office-location.office-location\"}', 'object', NULL, NULL);
INSERT INTO `strapi_core_store_settings` VALUES (44, 'plugin_content_manager_configuration_content_types::api::page-hero-section.page-hero-section', '{\"settings\":{\"bulkable\":true,\"filterable\":true,\"searchable\":true,\"pageSize\":10,\"mainField\":\"title\",\"defaultSortBy\":\"title\",\"defaultSortOrder\":\"ASC\"},\"metadatas\":{\"id\":{\"edit\":{},\"list\":{\"label\":\"id\",\"searchable\":true,\"sortable\":true}},\"backgroundImage\":{\"edit\":{\"label\":\"backgroundImage\",\"description\":\"\",\"placeholder\":\"\",\"visible\":true,\"editable\":true},\"list\":{\"label\":\"backgroundImage\",\"searchable\":false,\"sortable\":false}},\"title\":{\"edit\":{\"label\":\"title\",\"description\":\"\",\"placeholder\":\"\",\"visible\":true,\"editable\":true},\"list\":{\"label\":\"title\",\"searchable\":true,\"sortable\":true}},\"titleAccent\":{\"edit\":{\"label\":\"titleAccent\",\"description\":\"\",\"placeholder\":\"\",\"visible\":true,\"editable\":true},\"list\":{\"label\":\"titleAccent\",\"searchable\":true,\"sortable\":true}},\"description\":{\"edit\":{\"label\":\"description\",\"description\":\"\",\"placeholder\":\"\",\"visible\":true,\"editable\":true},\"list\":{\"label\":\"description\",\"searchable\":true,\"sortable\":true}},\"HeroButton\":{\"edit\":{\"label\":\"HeroButton\",\"description\":\"\",\"placeholder\":\"\",\"visible\":true,\"editable\":true},\"list\":{\"label\":\"HeroButton\",\"searchable\":false,\"sortable\":false}},\"textAlign\":{\"edit\":{\"label\":\"textAlign\",\"description\":\"\",\"placeholder\":\"\",\"visible\":true,\"editable\":true},\"list\":{\"label\":\"textAlign\",\"searchable\":true,\"sortable\":true}},\"showFooter\":{\"edit\":{\"label\":\"showFooter\",\"description\":\"\",\"placeholder\":\"\",\"visible\":true,\"editable\":true},\"list\":{\"label\":\"showFooter\",\"searchable\":true,\"sortable\":true}},\"reviewLink\":{\"edit\":{\"label\":\"reviewLink\",\"description\":\"\",\"placeholder\":\"\",\"visible\":true,\"editable\":true},\"list\":{\"label\":\"reviewLink\",\"searchable\":true,\"sortable\":true}},\"pageName\":{\"edit\":{\"label\":\"pageName\",\"description\":\"\",\"placeholder\":\"\",\"visible\":true,\"editable\":true},\"list\":{\"label\":\"pageName\",\"searchable\":true,\"sortable\":true}},\"createdAt\":{\"edit\":{\"label\":\"createdAt\",\"description\":\"\",\"placeholder\":\"\",\"visible\":false,\"editable\":true},\"list\":{\"label\":\"createdAt\",\"searchable\":true,\"sortable\":true}},\"updatedAt\":{\"edit\":{\"label\":\"updatedAt\",\"description\":\"\",\"placeholder\":\"\",\"visible\":false,\"editable\":true},\"list\":{\"label\":\"updatedAt\",\"searchable\":true,\"sortable\":true}},\"createdBy\":{\"edit\":{\"label\":\"createdBy\",\"description\":\"\",\"placeholder\":\"\",\"visible\":false,\"editable\":true,\"mainField\":\"firstname\"},\"list\":{\"label\":\"createdBy\",\"searchable\":true,\"sortable\":true}},\"updatedBy\":{\"edit\":{\"label\":\"updatedBy\",\"description\":\"\",\"placeholder\":\"\",\"visible\":false,\"editable\":true,\"mainField\":\"firstname\"},\"list\":{\"label\":\"updatedBy\",\"searchable\":true,\"sortable\":true}},\"documentId\":{\"edit\":{},\"list\":{\"label\":\"documentId\",\"searchable\":true,\"sortable\":true}}},\"layouts\":{\"list\":[\"id\",\"backgroundImage\",\"title\",\"titleAccent\"],\"edit\":[[{\"name\":\"backgroundImage\",\"size\":6},{\"name\":\"title\",\"size\":6}],[{\"name\":\"titleAccent\",\"size\":6},{\"name\":\"description\",\"size\":6}],[{\"name\":\"HeroButton\",\"size\":12}],[{\"name\":\"textAlign\",\"size\":6},{\"name\":\"showFooter\",\"size\":4}],[{\"name\":\"reviewLink\",\"size\":6},{\"name\":\"pageName\",\"size\":6}]]},\"uid\":\"api::page-hero-section.page-hero-section\"}', 'object', NULL, NULL);
INSERT INTO `strapi_core_store_settings` VALUES (45, 'plugin_content_manager_configuration_content_types::api::page-section.page-section', '{\"settings\":{\"bulkable\":true,\"filterable\":true,\"searchable\":true,\"pageSize\":10,\"mainField\":\"sectionId\",\"defaultSortBy\":\"sectionId\",\"defaultSortOrder\":\"ASC\"},\"metadatas\":{\"id\":{\"edit\":{},\"list\":{\"label\":\"id\",\"searchable\":true,\"sortable\":true}},\"sectionId\":{\"edit\":{\"label\":\"sectionId\",\"description\":\"\",\"placeholder\":\"\",\"visible\":true,\"editable\":true},\"list\":{\"label\":\"sectionId\",\"searchable\":true,\"sortable\":true}},\"title\":{\"edit\":{\"label\":\"title\",\"description\":\"\",\"placeholder\":\"\",\"visible\":true,\"editable\":true},\"list\":{\"label\":\"title\",\"searchable\":true,\"sortable\":true}},\"titleAccent\":{\"edit\":{\"label\":\"titleAccent\",\"description\":\"\",\"placeholder\":\"\",\"visible\":true,\"editable\":true},\"list\":{\"label\":\"titleAccent\",\"searchable\":true,\"sortable\":true}},\"description\":{\"edit\":{\"label\":\"description\",\"description\":\"\",\"placeholder\":\"\",\"visible\":true,\"editable\":true},\"list\":{\"label\":\"description\",\"searchable\":true,\"sortable\":true}},\"backgroundImage\":{\"edit\":{\"label\":\"backgroundImage\",\"description\":\"\",\"placeholder\":\"\",\"visible\":true,\"editable\":true},\"list\":{\"label\":\"backgroundImage\",\"searchable\":false,\"sortable\":false}},\"createdAt\":{\"edit\":{\"label\":\"createdAt\",\"description\":\"\",\"placeholder\":\"\",\"visible\":false,\"editable\":true},\"list\":{\"label\":\"createdAt\",\"searchable\":true,\"sortable\":true}},\"updatedAt\":{\"edit\":{\"label\":\"updatedAt\",\"description\":\"\",\"placeholder\":\"\",\"visible\":false,\"editable\":true},\"list\":{\"label\":\"updatedAt\",\"searchable\":true,\"sortable\":true}},\"createdBy\":{\"edit\":{\"label\":\"createdBy\",\"description\":\"\",\"placeholder\":\"\",\"visible\":false,\"editable\":true,\"mainField\":\"firstname\"},\"list\":{\"label\":\"createdBy\",\"searchable\":true,\"sortable\":true}},\"updatedBy\":{\"edit\":{\"label\":\"updatedBy\",\"description\":\"\",\"placeholder\":\"\",\"visible\":false,\"editable\":true,\"mainField\":\"firstname\"},\"list\":{\"label\":\"updatedBy\",\"searchable\":true,\"sortable\":true}},\"documentId\":{\"edit\":{},\"list\":{\"label\":\"documentId\",\"searchable\":true,\"sortable\":true}}},\"layouts\":{\"list\":[\"id\",\"sectionId\",\"title\",\"titleAccent\"],\"edit\":[[{\"name\":\"sectionId\",\"size\":6},{\"name\":\"title\",\"size\":6}],[{\"name\":\"titleAccent\",\"size\":6},{\"name\":\"description\",\"size\":6}],[{\"name\":\"backgroundImage\",\"size\":6}]]},\"uid\":\"api::page-section.page-section\"}', 'object', NULL, NULL);
INSERT INTO `strapi_core_store_settings` VALUES (46, 'plugin_content_manager_configuration_content_types::api::page-service-section.page-service-section', '{\"settings\":{\"bulkable\":true,\"filterable\":true,\"searchable\":true,\"pageSize\":10,\"mainField\":\"pageName\",\"defaultSortBy\":\"pageName\",\"defaultSortOrder\":\"ASC\"},\"metadatas\":{\"id\":{\"edit\":{},\"list\":{\"label\":\"id\",\"searchable\":true,\"sortable\":true}},\"pageName\":{\"edit\":{\"label\":\"pageName\",\"description\":\"\",\"placeholder\":\"\",\"visible\":true,\"editable\":true},\"list\":{\"label\":\"pageName\",\"searchable\":true,\"sortable\":true}},\"title\":{\"edit\":{\"label\":\"title\",\"description\":\"\",\"placeholder\":\"\",\"visible\":true,\"editable\":true},\"list\":{\"label\":\"title\",\"searchable\":true,\"sortable\":true}},\"titleAccent\":{\"edit\":{\"label\":\"titleAccent\",\"description\":\"\",\"placeholder\":\"\",\"visible\":true,\"editable\":true},\"list\":{\"label\":\"titleAccent\",\"searchable\":true,\"sortable\":true}},\"description\":{\"edit\":{\"label\":\"description\",\"description\":\"\",\"placeholder\":\"\",\"visible\":true,\"editable\":true},\"list\":{\"label\":\"description\",\"searchable\":true,\"sortable\":true}},\"backgroundGradient\":{\"edit\":{\"label\":\"backgroundGradient\",\"description\":\"\",\"placeholder\":\"\",\"visible\":true,\"editable\":true},\"list\":{\"label\":\"backgroundGradient\",\"searchable\":true,\"sortable\":true}},\"showSpecialService\":{\"edit\":{\"label\":\"showSpecialService\",\"description\":\"\",\"placeholder\":\"\",\"visible\":true,\"editable\":true},\"list\":{\"label\":\"showSpecialService\",\"searchable\":true,\"sortable\":true}},\"clickableCards\":{\"edit\":{\"label\":\"clickableCards\",\"description\":\"\",\"placeholder\":\"\",\"visible\":true,\"editable\":true},\"list\":{\"label\":\"clickableCards\",\"searchable\":true,\"sortable\":true}},\"services\":{\"edit\":{\"label\":\"services\",\"description\":\"\",\"placeholder\":\"\",\"visible\":true,\"editable\":true},\"list\":{\"label\":\"services\",\"searchable\":false,\"sortable\":false}},\"createdAt\":{\"edit\":{\"label\":\"createdAt\",\"description\":\"\",\"placeholder\":\"\",\"visible\":false,\"editable\":true},\"list\":{\"label\":\"createdAt\",\"searchable\":true,\"sortable\":true}},\"updatedAt\":{\"edit\":{\"label\":\"updatedAt\",\"description\":\"\",\"placeholder\":\"\",\"visible\":false,\"editable\":true},\"list\":{\"label\":\"updatedAt\",\"searchable\":true,\"sortable\":true}},\"createdBy\":{\"edit\":{\"label\":\"createdBy\",\"description\":\"\",\"placeholder\":\"\",\"visible\":false,\"editable\":true,\"mainField\":\"firstname\"},\"list\":{\"label\":\"createdBy\",\"searchable\":true,\"sortable\":true}},\"updatedBy\":{\"edit\":{\"label\":\"updatedBy\",\"description\":\"\",\"placeholder\":\"\",\"visible\":false,\"editable\":true,\"mainField\":\"firstname\"},\"list\":{\"label\":\"updatedBy\",\"searchable\":true,\"sortable\":true}},\"documentId\":{\"edit\":{},\"list\":{\"label\":\"documentId\",\"searchable\":true,\"sortable\":true}}},\"layouts\":{\"list\":[\"id\",\"pageName\",\"title\",\"titleAccent\"],\"edit\":[[{\"name\":\"pageName\",\"size\":6},{\"name\":\"title\",\"size\":6}],[{\"name\":\"titleAccent\",\"size\":6},{\"name\":\"description\",\"size\":6}],[{\"name\":\"backgroundGradient\",\"size\":6},{\"name\":\"showSpecialService\",\"size\":4}],[{\"name\":\"clickableCards\",\"size\":4}],[{\"name\":\"services\",\"size\":12}]]},\"uid\":\"api::page-service-section.page-service-section\"}', 'object', NULL, NULL);
INSERT INTO `strapi_core_store_settings` VALUES (47, 'plugin_content_manager_configuration_content_types::api::team-member.team-member', '{\"settings\":{\"bulkable\":true,\"filterable\":true,\"searchable\":true,\"pageSize\":10,\"mainField\":\"name\",\"defaultSortBy\":\"name\",\"defaultSortOrder\":\"ASC\"},\"metadatas\":{\"id\":{\"edit\":{},\"list\":{\"label\":\"id\",\"searchable\":true,\"sortable\":true}},\"image\":{\"edit\":{\"label\":\"image\",\"description\":\"\",\"placeholder\":\"\",\"visible\":true,\"editable\":true},\"list\":{\"label\":\"image\",\"searchable\":false,\"sortable\":false}},\"name\":{\"edit\":{\"label\":\"name\",\"description\":\"\",\"placeholder\":\"\",\"visible\":true,\"editable\":true},\"list\":{\"label\":\"name\",\"searchable\":true,\"sortable\":true}},\"description\":{\"edit\":{\"label\":\"description\",\"description\":\"\",\"placeholder\":\"\",\"visible\":true,\"editable\":true},\"list\":{\"label\":\"description\",\"searchable\":true,\"sortable\":true}},\"alt\":{\"edit\":{\"label\":\"alt\",\"description\":\"\",\"placeholder\":\"\",\"visible\":true,\"editable\":true},\"list\":{\"label\":\"alt\",\"searchable\":true,\"sortable\":true}},\"position\":{\"edit\":{\"label\":\"position\",\"description\":\"\",\"placeholder\":\"\",\"visible\":true,\"editable\":true},\"list\":{\"label\":\"position\",\"searchable\":true,\"sortable\":true}},\"createdAt\":{\"edit\":{\"label\":\"createdAt\",\"description\":\"\",\"placeholder\":\"\",\"visible\":false,\"editable\":true},\"list\":{\"label\":\"createdAt\",\"searchable\":true,\"sortable\":true}},\"updatedAt\":{\"edit\":{\"label\":\"updatedAt\",\"description\":\"\",\"placeholder\":\"\",\"visible\":false,\"editable\":true},\"list\":{\"label\":\"updatedAt\",\"searchable\":true,\"sortable\":true}},\"createdBy\":{\"edit\":{\"label\":\"createdBy\",\"description\":\"\",\"placeholder\":\"\",\"visible\":false,\"editable\":true,\"mainField\":\"firstname\"},\"list\":{\"label\":\"createdBy\",\"searchable\":true,\"sortable\":true}},\"updatedBy\":{\"edit\":{\"label\":\"updatedBy\",\"description\":\"\",\"placeholder\":\"\",\"visible\":false,\"editable\":true,\"mainField\":\"firstname\"},\"list\":{\"label\":\"updatedBy\",\"searchable\":true,\"sortable\":true}},\"documentId\":{\"edit\":{},\"list\":{\"label\":\"documentId\",\"searchable\":true,\"sortable\":true}}},\"layouts\":{\"list\":[\"id\",\"image\",\"name\",\"description\"],\"edit\":[[{\"name\":\"image\",\"size\":6},{\"name\":\"name\",\"size\":6}],[{\"name\":\"description\",\"size\":6},{\"name\":\"alt\",\"size\":6}],[{\"name\":\"position\",\"size\":6}]]},\"uid\":\"api::team-member.team-member\"}', 'object', NULL, NULL);
INSERT INTO `strapi_core_store_settings` VALUES (48, 'plugin_content_manager_configuration_content_types::api::industry.industry', '{\"settings\":{\"bulkable\":true,\"filterable\":true,\"searchable\":true,\"pageSize\":10,\"mainField\":\"title\",\"defaultSortBy\":\"title\",\"defaultSortOrder\":\"ASC\"},\"metadatas\":{\"id\":{\"edit\":{},\"list\":{\"label\":\"id\",\"searchable\":true,\"sortable\":true}},\"title\":{\"edit\":{\"label\":\"title\",\"description\":\"\",\"placeholder\":\"\",\"visible\":true,\"editable\":true},\"list\":{\"label\":\"title\",\"searchable\":true,\"sortable\":true}},\"icon\":{\"edit\":{\"label\":\"icon\",\"description\":\"\",\"placeholder\":\"\",\"visible\":true,\"editable\":true},\"list\":{\"label\":\"icon\",\"searchable\":false,\"sortable\":false}},\"href\":{\"edit\":{\"label\":\"href\",\"description\":\"\",\"placeholder\":\"\",\"visible\":true,\"editable\":true},\"list\":{\"label\":\"href\",\"searchable\":true,\"sortable\":true}},\"order\":{\"edit\":{\"label\":\"order\",\"description\":\"\",\"placeholder\":\"\",\"visible\":true,\"editable\":true},\"list\":{\"label\":\"order\",\"searchable\":true,\"sortable\":true}},\"createdAt\":{\"edit\":{\"label\":\"createdAt\",\"description\":\"\",\"placeholder\":\"\",\"visible\":false,\"editable\":true},\"list\":{\"label\":\"createdAt\",\"searchable\":true,\"sortable\":true}},\"updatedAt\":{\"edit\":{\"label\":\"updatedAt\",\"description\":\"\",\"placeholder\":\"\",\"visible\":false,\"editable\":true},\"list\":{\"label\":\"updatedAt\",\"searchable\":true,\"sortable\":true}},\"createdBy\":{\"edit\":{\"label\":\"createdBy\",\"description\":\"\",\"placeholder\":\"\",\"visible\":false,\"editable\":true,\"mainField\":\"firstname\"},\"list\":{\"label\":\"createdBy\",\"searchable\":true,\"sortable\":true}},\"updatedBy\":{\"edit\":{\"label\":\"updatedBy\",\"description\":\"\",\"placeholder\":\"\",\"visible\":false,\"editable\":true,\"mainField\":\"firstname\"},\"list\":{\"label\":\"updatedBy\",\"searchable\":true,\"sortable\":true}},\"documentId\":{\"edit\":{},\"list\":{\"label\":\"documentId\",\"searchable\":true,\"sortable\":true}}},\"layouts\":{\"list\":[\"id\",\"title\",\"icon\",\"href\"],\"edit\":[[{\"name\":\"title\",\"size\":6},{\"name\":\"icon\",\"size\":6}],[{\"name\":\"href\",\"size\":6},{\"name\":\"order\",\"size\":4}]]},\"uid\":\"api::industry.industry\"}', 'object', NULL, NULL);
INSERT INTO `strapi_core_store_settings` VALUES (50, 'plugin_content_manager_configuration_components::service-detail.benefit', '{\"settings\":{\"bulkable\":true,\"filterable\":true,\"searchable\":true,\"pageSize\":10,\"mainField\":\"text\",\"defaultSortBy\":\"text\",\"defaultSortOrder\":\"ASC\"},\"metadatas\":{\"id\":{\"edit\":{},\"list\":{\"label\":\"id\",\"searchable\":false,\"sortable\":false}},\"text\":{\"edit\":{\"label\":\"text\",\"description\":\"\",\"placeholder\":\"\",\"visible\":true,\"editable\":true},\"list\":{\"label\":\"text\",\"searchable\":true,\"sortable\":true}},\"documentId\":{\"edit\":{},\"list\":{\"label\":\"documentId\",\"searchable\":true,\"sortable\":true}}},\"layouts\":{\"list\":[\"id\",\"text\"],\"edit\":[[{\"name\":\"text\",\"size\":6}]]},\"uid\":\"service-detail.benefit\",\"isComponent\":true}', 'object', NULL, NULL);
INSERT INTO `strapi_core_store_settings` VALUES (51, 'plugin_content_manager_configuration_components::service-detail.process-step', '{\"settings\":{\"bulkable\":true,\"filterable\":true,\"searchable\":true,\"pageSize\":10,\"mainField\":\"title\",\"defaultSortBy\":\"title\",\"defaultSortOrder\":\"ASC\"},\"metadatas\":{\"id\":{\"edit\":{},\"list\":{\"label\":\"id\",\"searchable\":false,\"sortable\":false}},\"step\":{\"edit\":{\"label\":\"step\",\"description\":\"\",\"placeholder\":\"\",\"visible\":true,\"editable\":true},\"list\":{\"label\":\"step\",\"searchable\":true,\"sortable\":true}},\"title\":{\"edit\":{\"label\":\"title\",\"description\":\"\",\"placeholder\":\"\",\"visible\":true,\"editable\":true},\"list\":{\"label\":\"title\",\"searchable\":true,\"sortable\":true}},\"description\":{\"edit\":{\"label\":\"description\",\"description\":\"\",\"placeholder\":\"\",\"visible\":true,\"editable\":true},\"list\":{\"label\":\"description\",\"searchable\":true,\"sortable\":true}},\"iconName\":{\"edit\":{\"label\":\"iconName\",\"description\":\"\",\"placeholder\":\"\",\"visible\":true,\"editable\":true},\"list\":{\"label\":\"iconName\",\"searchable\":true,\"sortable\":true}},\"documentId\":{\"edit\":{},\"list\":{\"label\":\"documentId\",\"searchable\":true,\"sortable\":true}}},\"layouts\":{\"list\":[\"id\",\"step\",\"title\",\"description\"],\"edit\":[[{\"name\":\"step\",\"size\":4},{\"name\":\"title\",\"size\":6}],[{\"name\":\"description\",\"size\":6},{\"name\":\"iconName\",\"size\":6}]]},\"uid\":\"service-detail.process-step\",\"isComponent\":true}', 'object', NULL, NULL);
INSERT INTO `strapi_core_store_settings` VALUES (52, 'plugin_content_manager_configuration_components::service-detail.feature', '{\"settings\":{\"bulkable\":true,\"filterable\":true,\"searchable\":true,\"pageSize\":10,\"mainField\":\"title\",\"defaultSortBy\":\"title\",\"defaultSortOrder\":\"ASC\"},\"metadatas\":{\"id\":{\"edit\":{},\"list\":{\"label\":\"id\",\"searchable\":false,\"sortable\":false}},\"title\":{\"edit\":{\"label\":\"title\",\"description\":\"\",\"placeholder\":\"\",\"visible\":true,\"editable\":true},\"list\":{\"label\":\"title\",\"searchable\":true,\"sortable\":true}},\"description\":{\"edit\":{\"label\":\"description\",\"description\":\"\",\"placeholder\":\"\",\"visible\":true,\"editable\":true},\"list\":{\"label\":\"description\",\"searchable\":true,\"sortable\":true}},\"iconName\":{\"edit\":{\"label\":\"iconName\",\"description\":\"\",\"placeholder\":\"\",\"visible\":true,\"editable\":true},\"list\":{\"label\":\"iconName\",\"searchable\":true,\"sortable\":true}},\"documentId\":{\"edit\":{},\"list\":{\"label\":\"documentId\",\"searchable\":true,\"sortable\":true}}},\"layouts\":{\"list\":[\"id\",\"title\",\"description\",\"iconName\"],\"edit\":[[{\"name\":\"title\",\"size\":6},{\"name\":\"description\",\"size\":6}],[{\"name\":\"iconName\",\"size\":6}]]},\"uid\":\"service-detail.feature\",\"isComponent\":true}', 'object', NULL, NULL);
INSERT INTO `strapi_core_store_settings` VALUES (53, 'plugin_content_manager_configuration_content_types::api::about-team-section.about-team-section', '{\"settings\":{\"bulkable\":true,\"filterable\":true,\"searchable\":true,\"pageSize\":10,\"mainField\":\"title\",\"defaultSortBy\":\"title\",\"defaultSortOrder\":\"ASC\"},\"metadatas\":{\"id\":{\"edit\":{},\"list\":{\"label\":\"id\",\"searchable\":true,\"sortable\":true}},\"title\":{\"edit\":{\"label\":\"title\",\"description\":\"\",\"placeholder\":\"\",\"visible\":true,\"editable\":true},\"list\":{\"label\":\"title\",\"searchable\":true,\"sortable\":true}},\"titleAccent\":{\"edit\":{\"label\":\"titleAccent\",\"description\":\"\",\"placeholder\":\"\",\"visible\":true,\"editable\":true},\"list\":{\"label\":\"titleAccent\",\"searchable\":true,\"sortable\":true}},\"description\":{\"edit\":{\"label\":\"description\",\"description\":\"\",\"placeholder\":\"\",\"visible\":true,\"editable\":true},\"list\":{\"label\":\"description\",\"searchable\":true,\"sortable\":true}},\"createdAt\":{\"edit\":{\"label\":\"createdAt\",\"description\":\"\",\"placeholder\":\"\",\"visible\":false,\"editable\":true},\"list\":{\"label\":\"createdAt\",\"searchable\":true,\"sortable\":true}},\"updatedAt\":{\"edit\":{\"label\":\"updatedAt\",\"description\":\"\",\"placeholder\":\"\",\"visible\":false,\"editable\":true},\"list\":{\"label\":\"updatedAt\",\"searchable\":true,\"sortable\":true}},\"createdBy\":{\"edit\":{\"label\":\"createdBy\",\"description\":\"\",\"placeholder\":\"\",\"visible\":false,\"editable\":true,\"mainField\":\"firstname\"},\"list\":{\"label\":\"createdBy\",\"searchable\":true,\"sortable\":true}},\"updatedBy\":{\"edit\":{\"label\":\"updatedBy\",\"description\":\"\",\"placeholder\":\"\",\"visible\":false,\"editable\":true,\"mainField\":\"firstname\"},\"list\":{\"label\":\"updatedBy\",\"searchable\":true,\"sortable\":true}},\"documentId\":{\"edit\":{},\"list\":{\"label\":\"documentId\",\"searchable\":true,\"sortable\":true}}},\"layouts\":{\"list\":[\"id\",\"title\",\"titleAccent\",\"description\"],\"edit\":[[{\"name\":\"title\",\"size\":6},{\"name\":\"titleAccent\",\"size\":6}],[{\"name\":\"description\",\"size\":6}]]},\"uid\":\"api::about-team-section.about-team-section\"}', 'object', NULL, NULL);
INSERT INTO `strapi_core_store_settings` VALUES (55, 'plugin_content_manager_configuration_content_types::api::home-hero-section.home-hero-section', '{\"settings\":{\"bulkable\":true,\"filterable\":true,\"searchable\":true,\"pageSize\":10,\"mainField\":\"title\",\"defaultSortBy\":\"title\",\"defaultSortOrder\":\"ASC\"},\"metadatas\":{\"id\":{\"edit\":{},\"list\":{\"label\":\"id\",\"searchable\":true,\"sortable\":true}},\"title\":{\"edit\":{\"label\":\"title\",\"description\":\"\",\"placeholder\":\"\",\"visible\":true,\"editable\":true},\"list\":{\"label\":\"title\",\"searchable\":true,\"sortable\":true}},\"titleAccent\":{\"edit\":{\"label\":\"titleAccent\",\"description\":\"\",\"placeholder\":\"\",\"visible\":true,\"editable\":true},\"list\":{\"label\":\"titleAccent\",\"searchable\":true,\"sortable\":true}},\"description\":{\"edit\":{\"label\":\"description\",\"description\":\"\",\"placeholder\":\"\",\"visible\":true,\"editable\":true},\"list\":{\"label\":\"description\",\"searchable\":true,\"sortable\":true}},\"backgroundImage\":{\"edit\":{\"label\":\"backgroundImage\",\"description\":\"\",\"placeholder\":\"\",\"visible\":true,\"editable\":true},\"list\":{\"label\":\"backgroundImage\",\"searchable\":false,\"sortable\":false}},\"buttons\":{\"edit\":{\"label\":\"buttons\",\"description\":\"\",\"placeholder\":\"\",\"visible\":true,\"editable\":true},\"list\":{\"label\":\"buttons\",\"searchable\":false,\"sortable\":false}},\"textAlign\":{\"edit\":{\"label\":\"textAlign\",\"description\":\"\",\"placeholder\":\"\",\"visible\":true,\"editable\":true},\"list\":{\"label\":\"textAlign\",\"searchable\":true,\"sortable\":true}},\"showFooter\":{\"edit\":{\"label\":\"showFooter\",\"description\":\"\",\"placeholder\":\"\",\"visible\":true,\"editable\":true},\"list\":{\"label\":\"showFooter\",\"searchable\":true,\"sortable\":true}},\"reviewsLink\":{\"edit\":{\"label\":\"reviewsLink\",\"description\":\"\",\"placeholder\":\"\",\"visible\":true,\"editable\":true},\"list\":{\"label\":\"reviewsLink\",\"searchable\":true,\"sortable\":true}},\"createdAt\":{\"edit\":{\"label\":\"createdAt\",\"description\":\"\",\"placeholder\":\"\",\"visible\":false,\"editable\":true},\"list\":{\"label\":\"createdAt\",\"searchable\":true,\"sortable\":true}},\"updatedAt\":{\"edit\":{\"label\":\"updatedAt\",\"description\":\"\",\"placeholder\":\"\",\"visible\":false,\"editable\":true},\"list\":{\"label\":\"updatedAt\",\"searchable\":true,\"sortable\":true}},\"createdBy\":{\"edit\":{\"label\":\"createdBy\",\"description\":\"\",\"placeholder\":\"\",\"visible\":false,\"editable\":true,\"mainField\":\"firstname\"},\"list\":{\"label\":\"createdBy\",\"searchable\":true,\"sortable\":true}},\"updatedBy\":{\"edit\":{\"label\":\"updatedBy\",\"description\":\"\",\"placeholder\":\"\",\"visible\":false,\"editable\":true,\"mainField\":\"firstname\"},\"list\":{\"label\":\"updatedBy\",\"searchable\":true,\"sortable\":true}},\"documentId\":{\"edit\":{},\"list\":{\"label\":\"documentId\",\"searchable\":true,\"sortable\":true}}},\"layouts\":{\"list\":[\"id\",\"title\",\"titleAccent\",\"description\"],\"edit\":[[{\"name\":\"title\",\"size\":6},{\"name\":\"titleAccent\",\"size\":6}],[{\"name\":\"description\",\"size\":6},{\"name\":\"backgroundImage\",\"size\":6}],[{\"name\":\"buttons\",\"size\":12}],[{\"name\":\"textAlign\",\"size\":6},{\"name\":\"showFooter\",\"size\":4}],[{\"name\":\"reviewsLink\",\"size\":6}]]},\"uid\":\"api::home-hero-section.home-hero-section\"}', 'object', NULL, NULL);
INSERT INTO `strapi_core_store_settings` VALUES (56, 'plugin_content_manager_configuration_content_types::api::home-hero-footer-logo.home-hero-footer-logo', '{\"settings\":{\"bulkable\":true,\"filterable\":true,\"searchable\":true,\"pageSize\":10,\"mainField\":\"brands\",\"defaultSortBy\":\"brands\",\"defaultSortOrder\":\"ASC\"},\"metadatas\":{\"id\":{\"edit\":{},\"list\":{\"label\":\"id\",\"searchable\":true,\"sortable\":true}},\"brands\":{\"edit\":{\"label\":\"brands\",\"description\":\"\",\"placeholder\":\"\",\"visible\":true,\"editable\":true},\"list\":{\"label\":\"brands\",\"searchable\":true,\"sortable\":true}},\"quote\":{\"edit\":{\"label\":\"quote\",\"description\":\"\",\"placeholder\":\"\",\"visible\":true,\"editable\":true},\"list\":{\"label\":\"quote\",\"searchable\":true,\"sortable\":true}},\"brandLogoUrl\":{\"edit\":{\"label\":\"brandLogoUrl\",\"description\":\"\",\"placeholder\":\"\",\"visible\":true,\"editable\":true},\"list\":{\"label\":\"brandLogoUrl\",\"searchable\":false,\"sortable\":false}},\"createdAt\":{\"edit\":{\"label\":\"createdAt\",\"description\":\"\",\"placeholder\":\"\",\"visible\":false,\"editable\":true},\"list\":{\"label\":\"createdAt\",\"searchable\":true,\"sortable\":true}},\"updatedAt\":{\"edit\":{\"label\":\"updatedAt\",\"description\":\"\",\"placeholder\":\"\",\"visible\":false,\"editable\":true},\"list\":{\"label\":\"updatedAt\",\"searchable\":true,\"sortable\":true}},\"createdBy\":{\"edit\":{\"label\":\"createdBy\",\"description\":\"\",\"placeholder\":\"\",\"visible\":false,\"editable\":true,\"mainField\":\"firstname\"},\"list\":{\"label\":\"createdBy\",\"searchable\":true,\"sortable\":true}},\"updatedBy\":{\"edit\":{\"label\":\"updatedBy\",\"description\":\"\",\"placeholder\":\"\",\"visible\":false,\"editable\":true,\"mainField\":\"firstname\"},\"list\":{\"label\":\"updatedBy\",\"searchable\":true,\"sortable\":true}},\"documentId\":{\"edit\":{},\"list\":{\"label\":\"documentId\",\"searchable\":true,\"sortable\":true}}},\"layouts\":{\"list\":[\"id\",\"brands\",\"quote\",\"createdAt\"],\"edit\":[[{\"name\":\"brands\",\"size\":6},{\"name\":\"quote\",\"size\":6}],[{\"name\":\"brandLogoUrl\",\"size\":6}]]},\"uid\":\"api::home-hero-footer-logo.home-hero-footer-logo\"}', 'object', NULL, NULL);
INSERT INTO `strapi_core_store_settings` VALUES (57, 'plugin_content_manager_configuration_content_types::api::home-industry-perspective.home-industry-perspective', '{\"settings\":{\"bulkable\":true,\"filterable\":true,\"searchable\":true,\"pageSize\":10,\"mainField\":\"title\",\"defaultSortBy\":\"title\",\"defaultSortOrder\":\"ASC\"},\"metadatas\":{\"id\":{\"edit\":{},\"list\":{\"label\":\"id\",\"searchable\":true,\"sortable\":true}},\"imageSrc\":{\"edit\":{\"label\":\"imageSrc\",\"description\":\"\",\"placeholder\":\"\",\"visible\":true,\"editable\":true},\"list\":{\"label\":\"imageSrc\",\"searchable\":false,\"sortable\":false}},\"title\":{\"edit\":{\"label\":\"title\",\"description\":\"\",\"placeholder\":\"\",\"visible\":true,\"editable\":true},\"list\":{\"label\":\"title\",\"searchable\":true,\"sortable\":true}},\"category1\":{\"edit\":{\"label\":\"category1\",\"description\":\"\",\"placeholder\":\"\",\"visible\":true,\"editable\":true},\"list\":{\"label\":\"category1\",\"searchable\":true,\"sortable\":true}},\"category2\":{\"edit\":{\"label\":\"category2\",\"description\":\"\",\"placeholder\":\"\",\"visible\":true,\"editable\":true},\"list\":{\"label\":\"category2\",\"searchable\":true,\"sortable\":true}},\"date\":{\"edit\":{\"label\":\"date\",\"description\":\"\",\"placeholder\":\"\",\"visible\":true,\"editable\":true},\"list\":{\"label\":\"date\",\"searchable\":true,\"sortable\":true}},\"href\":{\"edit\":{\"label\":\"href\",\"description\":\"\",\"placeholder\":\"\",\"visible\":true,\"editable\":true},\"list\":{\"label\":\"href\",\"searchable\":true,\"sortable\":true}},\"createdAt\":{\"edit\":{\"label\":\"createdAt\",\"description\":\"\",\"placeholder\":\"\",\"visible\":false,\"editable\":true},\"list\":{\"label\":\"createdAt\",\"searchable\":true,\"sortable\":true}},\"updatedAt\":{\"edit\":{\"label\":\"updatedAt\",\"description\":\"\",\"placeholder\":\"\",\"visible\":false,\"editable\":true},\"list\":{\"label\":\"updatedAt\",\"searchable\":true,\"sortable\":true}},\"createdBy\":{\"edit\":{\"label\":\"createdBy\",\"description\":\"\",\"placeholder\":\"\",\"visible\":false,\"editable\":true,\"mainField\":\"firstname\"},\"list\":{\"label\":\"createdBy\",\"searchable\":true,\"sortable\":true}},\"updatedBy\":{\"edit\":{\"label\":\"updatedBy\",\"description\":\"\",\"placeholder\":\"\",\"visible\":false,\"editable\":true,\"mainField\":\"firstname\"},\"list\":{\"label\":\"updatedBy\",\"searchable\":true,\"sortable\":true}},\"documentId\":{\"edit\":{},\"list\":{\"label\":\"documentId\",\"searchable\":true,\"sortable\":true}}},\"layouts\":{\"list\":[\"id\",\"imageSrc\",\"title\",\"category1\"],\"edit\":[[{\"name\":\"imageSrc\",\"size\":6},{\"name\":\"title\",\"size\":6}],[{\"name\":\"category1\",\"size\":6},{\"name\":\"category2\",\"size\":6}],[{\"name\":\"date\",\"size\":4},{\"name\":\"href\",\"size\":6}]]},\"uid\":\"api::home-industry-perspective.home-industry-perspective\"}', 'object', NULL, NULL);
INSERT INTO `strapi_core_store_settings` VALUES (58, 'plugin_content_manager_configuration_content_types::api::service-detail.service-detail', '{\"settings\":{\"bulkable\":true,\"filterable\":true,\"searchable\":true,\"pageSize\":10,\"mainField\":\"ctaTitle\",\"defaultSortBy\":\"ctaTitle\",\"defaultSortOrder\":\"ASC\"},\"metadatas\":{\"id\":{\"edit\":{},\"list\":{\"label\":\"id\",\"searchable\":true,\"sortable\":true}},\"service\":{\"edit\":{\"label\":\"service\",\"description\":\"\",\"placeholder\":\"\",\"visible\":true,\"editable\":true,\"mainField\":\"title\"},\"list\":{\"label\":\"service\",\"searchable\":true,\"sortable\":true}},\"overview\":{\"edit\":{\"label\":\"overview\",\"description\":\"\",\"placeholder\":\"\",\"visible\":true,\"editable\":true},\"list\":{\"label\":\"overview\",\"searchable\":true,\"sortable\":true}},\"benefits\":{\"edit\":{\"label\":\"benefits\",\"description\":\"\",\"placeholder\":\"\",\"visible\":true,\"editable\":true},\"list\":{\"label\":\"benefits\",\"searchable\":false,\"sortable\":false}},\"process\":{\"edit\":{\"label\":\"process\",\"description\":\"\",\"placeholder\":\"\",\"visible\":true,\"editable\":true},\"list\":{\"label\":\"process\",\"searchable\":false,\"sortable\":false}},\"features\":{\"edit\":{\"label\":\"features\",\"description\":\"\",\"placeholder\":\"\",\"visible\":true,\"editable\":true},\"list\":{\"label\":\"features\",\"searchable\":false,\"sortable\":false}},\"ctaTitle\":{\"edit\":{\"label\":\"ctaTitle\",\"description\":\"\",\"placeholder\":\"\",\"visible\":true,\"editable\":true},\"list\":{\"label\":\"ctaTitle\",\"searchable\":true,\"sortable\":true}},\"ctaTitleAccent\":{\"edit\":{\"label\":\"ctaTitleAccent\",\"description\":\"\",\"placeholder\":\"\",\"visible\":true,\"editable\":true},\"list\":{\"label\":\"ctaTitleAccent\",\"searchable\":true,\"sortable\":true}},\"ctaButtonText\":{\"edit\":{\"label\":\"ctaButtonText\",\"description\":\"\",\"placeholder\":\"\",\"visible\":true,\"editable\":true},\"list\":{\"label\":\"ctaButtonText\",\"searchable\":true,\"sortable\":true}},\"createdAt\":{\"edit\":{\"label\":\"createdAt\",\"description\":\"\",\"placeholder\":\"\",\"visible\":false,\"editable\":true},\"list\":{\"label\":\"createdAt\",\"searchable\":true,\"sortable\":true}},\"updatedAt\":{\"edit\":{\"label\":\"updatedAt\",\"description\":\"\",\"placeholder\":\"\",\"visible\":false,\"editable\":true},\"list\":{\"label\":\"updatedAt\",\"searchable\":true,\"sortable\":true}},\"createdBy\":{\"edit\":{\"label\":\"createdBy\",\"description\":\"\",\"placeholder\":\"\",\"visible\":false,\"editable\":true,\"mainField\":\"firstname\"},\"list\":{\"label\":\"createdBy\",\"searchable\":true,\"sortable\":true}},\"updatedBy\":{\"edit\":{\"label\":\"updatedBy\",\"description\":\"\",\"placeholder\":\"\",\"visible\":false,\"editable\":true,\"mainField\":\"firstname\"},\"list\":{\"label\":\"updatedBy\",\"searchable\":true,\"sortable\":true}},\"documentId\":{\"edit\":{},\"list\":{\"label\":\"documentId\",\"searchable\":true,\"sortable\":true}}},\"layouts\":{\"list\":[\"id\",\"service\",\"overview\",\"benefits\"],\"edit\":[[{\"name\":\"service\",\"size\":6},{\"name\":\"overview\",\"size\":6}],[{\"name\":\"benefits\",\"size\":12}],[{\"name\":\"process\",\"size\":12}],[{\"name\":\"features\",\"size\":12}],[{\"name\":\"ctaTitle\",\"size\":6},{\"name\":\"ctaTitleAccent\",\"size\":6}],[{\"name\":\"ctaButtonText\",\"size\":6}]]},\"uid\":\"api::service-detail.service-detail\"}', 'object', NULL, NULL);
INSERT INTO `strapi_core_store_settings` VALUES (59, 'plugin_content_manager_configuration_content_types::api::home-stock-section.home-stock-section', '{\"settings\":{\"bulkable\":true,\"filterable\":true,\"searchable\":true,\"pageSize\":10,\"mainField\":\"title\",\"defaultSortBy\":\"title\",\"defaultSortOrder\":\"ASC\"},\"metadatas\":{\"id\":{\"edit\":{},\"list\":{\"label\":\"id\",\"searchable\":true,\"sortable\":true}},\"title\":{\"edit\":{\"label\":\"title\",\"description\":\"\",\"placeholder\":\"\",\"visible\":true,\"editable\":true},\"list\":{\"label\":\"title\",\"searchable\":true,\"sortable\":true}},\"titleAccent\":{\"edit\":{\"label\":\"titleAccent\",\"description\":\"\",\"placeholder\":\"\",\"visible\":true,\"editable\":true},\"list\":{\"label\":\"titleAccent\",\"searchable\":true,\"sortable\":true}},\"description\":{\"edit\":{\"label\":\"description\",\"description\":\"\",\"placeholder\":\"\",\"visible\":true,\"editable\":true},\"list\":{\"label\":\"description\",\"searchable\":true,\"sortable\":true}},\"backgroundImage\":{\"edit\":{\"label\":\"backgroundImage\",\"description\":\"\",\"placeholder\":\"\",\"visible\":true,\"editable\":true},\"list\":{\"label\":\"backgroundImage\",\"searchable\":false,\"sortable\":false}},\"backgroundImageAlt\":{\"edit\":{\"label\":\"backgroundImageAlt\",\"description\":\"\",\"placeholder\":\"\",\"visible\":true,\"editable\":true},\"list\":{\"label\":\"backgroundImageAlt\",\"searchable\":true,\"sortable\":true}},\"createdAt\":{\"edit\":{\"label\":\"createdAt\",\"description\":\"\",\"placeholder\":\"\",\"visible\":false,\"editable\":true},\"list\":{\"label\":\"createdAt\",\"searchable\":true,\"sortable\":true}},\"updatedAt\":{\"edit\":{\"label\":\"updatedAt\",\"description\":\"\",\"placeholder\":\"\",\"visible\":false,\"editable\":true},\"list\":{\"label\":\"updatedAt\",\"searchable\":true,\"sortable\":true}},\"createdBy\":{\"edit\":{\"label\":\"createdBy\",\"description\":\"\",\"placeholder\":\"\",\"visible\":false,\"editable\":true,\"mainField\":\"firstname\"},\"list\":{\"label\":\"createdBy\",\"searchable\":true,\"sortable\":true}},\"updatedBy\":{\"edit\":{\"label\":\"updatedBy\",\"description\":\"\",\"placeholder\":\"\",\"visible\":false,\"editable\":true,\"mainField\":\"firstname\"},\"list\":{\"label\":\"updatedBy\",\"searchable\":true,\"sortable\":true}},\"documentId\":{\"edit\":{},\"list\":{\"label\":\"documentId\",\"searchable\":true,\"sortable\":true}}},\"layouts\":{\"list\":[\"id\",\"title\",\"titleAccent\",\"description\"],\"edit\":[[{\"name\":\"title\",\"size\":6},{\"name\":\"titleAccent\",\"size\":6}],[{\"name\":\"description\",\"size\":6},{\"name\":\"backgroundImage\",\"size\":6}],[{\"name\":\"backgroundImageAlt\",\"size\":6}]]},\"uid\":\"api::home-stock-section.home-stock-section\"}', 'object', NULL, NULL);
INSERT INTO `strapi_core_store_settings` VALUES (60, 'plugin_content_manager_configuration_content_types::api::home-strategic-growth.home-strategic-growth', '{\"settings\":{\"bulkable\":true,\"filterable\":true,\"searchable\":true,\"pageSize\":10,\"mainField\":\"title\",\"defaultSortBy\":\"title\",\"defaultSortOrder\":\"ASC\"},\"metadatas\":{\"id\":{\"edit\":{},\"list\":{\"label\":\"id\",\"searchable\":true,\"sortable\":true}},\"backgroundImage\":{\"edit\":{\"label\":\"backgroundImage\",\"description\":\"\",\"placeholder\":\"\",\"visible\":true,\"editable\":true},\"list\":{\"label\":\"backgroundImage\",\"searchable\":false,\"sortable\":false}},\"title\":{\"edit\":{\"label\":\"title\",\"description\":\"\",\"placeholder\":\"\",\"visible\":true,\"editable\":true},\"list\":{\"label\":\"title\",\"searchable\":true,\"sortable\":true}},\"titleAccent\":{\"edit\":{\"label\":\"titleAccent\",\"description\":\"\",\"placeholder\":\"\",\"visible\":true,\"editable\":true},\"list\":{\"label\":\"titleAccent\",\"searchable\":true,\"sortable\":true}},\"description\":{\"edit\":{\"label\":\"description\",\"description\":\"\",\"placeholder\":\"\",\"visible\":true,\"editable\":true},\"list\":{\"label\":\"description\",\"searchable\":true,\"sortable\":true}},\"buttonText\":{\"edit\":{\"label\":\"buttonText\",\"description\":\"\",\"placeholder\":\"\",\"visible\":true,\"editable\":true},\"list\":{\"label\":\"buttonText\",\"searchable\":true,\"sortable\":true}},\"buttonHref\":{\"edit\":{\"label\":\"buttonHref\",\"description\":\"\",\"placeholder\":\"\",\"visible\":true,\"editable\":true},\"list\":{\"label\":\"buttonHref\",\"searchable\":true,\"sortable\":true}},\"createdAt\":{\"edit\":{\"label\":\"createdAt\",\"description\":\"\",\"placeholder\":\"\",\"visible\":false,\"editable\":true},\"list\":{\"label\":\"createdAt\",\"searchable\":true,\"sortable\":true}},\"updatedAt\":{\"edit\":{\"label\":\"updatedAt\",\"description\":\"\",\"placeholder\":\"\",\"visible\":false,\"editable\":true},\"list\":{\"label\":\"updatedAt\",\"searchable\":true,\"sortable\":true}},\"createdBy\":{\"edit\":{\"label\":\"createdBy\",\"description\":\"\",\"placeholder\":\"\",\"visible\":false,\"editable\":true,\"mainField\":\"firstname\"},\"list\":{\"label\":\"createdBy\",\"searchable\":true,\"sortable\":true}},\"updatedBy\":{\"edit\":{\"label\":\"updatedBy\",\"description\":\"\",\"placeholder\":\"\",\"visible\":false,\"editable\":true,\"mainField\":\"firstname\"},\"list\":{\"label\":\"updatedBy\",\"searchable\":true,\"sortable\":true}},\"documentId\":{\"edit\":{},\"list\":{\"label\":\"documentId\",\"searchable\":true,\"sortable\":true}}},\"layouts\":{\"list\":[\"id\",\"backgroundImage\",\"title\",\"titleAccent\"],\"edit\":[[{\"name\":\"backgroundImage\",\"size\":6},{\"name\":\"title\",\"size\":6}],[{\"name\":\"titleAccent\",\"size\":6},{\"name\":\"description\",\"size\":6}],[{\"name\":\"buttonText\",\"size\":6},{\"name\":\"buttonHref\",\"size\":6}]]},\"uid\":\"api::home-strategic-growth.home-strategic-growth\"}', 'object', NULL, NULL);

-- ----------------------------
-- Table structure for strapi_database_schema
-- ----------------------------
DROP TABLE IF EXISTS `strapi_database_schema`;
CREATE TABLE `strapi_database_schema`  (
  `id` int(10) UNSIGNED NOT NULL AUTO_INCREMENT,
  `schema` longtext CHARACTER SET utf8mb4 COLLATE utf8mb4_bin NULL,
  `time` datetime(0) NULL DEFAULT NULL,
  `hash` varchar(255) CHARACTER SET utf8mb4 COLLATE utf8mb4_general_ci NULL DEFAULT NULL,
  PRIMARY KEY (`id`) USING BTREE
) ENGINE = InnoDB AUTO_INCREMENT = 37 CHARACTER SET = utf8mb4 COLLATE = utf8mb4_general_ci ROW_FORMAT = Dynamic;

-- ----------------------------
-- Records of strapi_database_schema
-- ----------------------------
INSERT INTO `strapi_database_schema` VALUES (36, '{\"tables\":[{\"name\":\"files\",\"indexes\":[{\"name\":\"upload_files_folder_path_index\",\"columns\":[\"folder_path\"],\"type\":null},{\"name\":\"upload_files_created_at_index\",\"columns\":[\"created_at\"],\"type\":null},{\"name\":\"upload_files_updated_at_index\",\"columns\":[\"updated_at\"],\"type\":null},{\"name\":\"upload_files_name_index\",\"columns\":[\"name\"],\"type\":null},{\"name\":\"upload_files_size_index\",\"columns\":[\"size\"],\"type\":null},{\"name\":\"upload_files_ext_index\",\"columns\":[\"ext\"],\"type\":null},{\"name\":\"files_documents_idx\",\"columns\":[\"document_id\",\"locale\",\"published_at\"]},{\"name\":\"files_created_by_id_fk\",\"columns\":[\"created_by_id\"]},{\"name\":\"files_updated_by_id_fk\",\"columns\":[\"updated_by_id\"]}],\"foreignKeys\":[{\"name\":\"files_created_by_id_fk\",\"columns\":[\"created_by_id\"],\"referencedTable\":\"admin_users\",\"referencedColumns\":[\"id\"],\"onDelete\":\"SET NULL\"},{\"name\":\"files_updated_by_id_fk\",\"columns\":[\"updated_by_id\"],\"referencedTable\":\"admin_users\",\"referencedColumns\":[\"id\"],\"onDelete\":\"SET NULL\"}],\"columns\":[{\"name\":\"id\",\"type\":\"increments\",\"args\":[{\"primary\":true,\"primaryKey\":true}],\"defaultTo\":null,\"notNullable\":true,\"unsigned\":false},{\"name\":\"document_id\",\"type\":\"string\",\"args\":[],\"defaultTo\":null,\"notNullable\":false,\"unsigned\":false},{\"name\":\"name\",\"type\":\"string\",\"args\":[],\"defaultTo\":null,\"notNullable\":false,\"unsigned\":false},{\"name\":\"alternative_text\",\"type\":\"string\",\"args\":[],\"defaultTo\":null,\"notNullable\":false,\"unsigned\":false},{\"name\":\"caption\",\"type\":\"string\",\"args\":[],\"defaultTo\":null,\"notNullable\":false,\"unsigned\":false},{\"name\":\"width\",\"type\":\"integer\",\"args\":[],\"defaultTo\":null,\"notNullable\":false,\"unsigned\":false},{\"name\":\"height\",\"type\":\"integer\",\"args\":[],\"defaultTo\":null,\"notNullable\":false,\"unsigned\":false},{\"name\":\"formats\",\"type\":\"jsonb\",\"args\":[],\"defaultTo\":null,\"notNullable\":false,\"unsigned\":false},{\"name\":\"hash\",\"type\":\"string\",\"args\":[],\"defaultTo\":null,\"notNullable\":false,\"unsigned\":false},{\"name\":\"ext\",\"type\":\"string\",\"args\":[],\"defaultTo\":null,\"notNullable\":false,\"unsigned\":false},{\"name\":\"mime\",\"type\":\"string\",\"args\":[],\"defaultTo\":null,\"notNullable\":false,\"unsigned\":false},{\"name\":\"size\",\"type\":\"decimal\",\"args\":[10,2],\"defaultTo\":null,\"notNullable\":false,\"unsigned\":false},{\"name\":\"url\",\"type\":\"string\",\"args\":[],\"defaultTo\":null,\"notNullable\":false,\"unsigned\":false},{\"name\":\"preview_url\",\"type\":\"string\",\"args\":[],\"defaultTo\":null,\"notNullable\":false,\"unsigned\":false},{\"name\":\"provider\",\"type\":\"string\",\"args\":[],\"defaultTo\":null,\"notNullable\":false,\"unsigned\":false},{\"name\":\"provider_metadata\",\"type\":\"jsonb\",\"args\":[],\"defaultTo\":null,\"notNullable\":false,\"unsigned\":false},{\"name\":\"folder_path\",\"type\":\"string\",\"args\":[],\"defaultTo\":null,\"notNullable\":false,\"unsigned\":false},{\"name\":\"created_at\",\"type\":\"datetime\",\"args\":[{\"useTz\":false,\"precision\":6}],\"defaultTo\":null,\"notNullable\":false,\"unsigned\":false},{\"name\":\"updated_at\",\"type\":\"datetime\",\"args\":[{\"useTz\":false,\"precision\":6}],\"defaultTo\":null,\"notNullable\":false,\"unsigned\":false},{\"name\":\"published_at\",\"type\":\"datetime\",\"args\":[{\"useTz\":false,\"precision\":6}],\"defaultTo\":null,\"notNullable\":false,\"unsigned\":false},{\"name\":\"created_by_id\",\"type\":\"integer\",\"args\":[],\"defaultTo\":null,\"notNullable\":false,\"unsigned\":true},{\"name\":\"updated_by_id\",\"type\":\"integer\",\"args\":[],\"defaultTo\":null,\"notNullable\":false,\"unsigned\":true},{\"name\":\"locale\",\"type\":\"string\",\"args\":[],\"defaultTo\":null,\"notNullable\":false,\"unsigned\":false}]},{\"name\":\"upload_folders\",\"indexes\":[{\"name\":\"upload_folders_path_id_index\",\"columns\":[\"path_id\"],\"type\":\"unique\"},{\"name\":\"upload_folders_path_index\",\"columns\":[\"path\"],\"type\":\"unique\"},{\"name\":\"upload_folders_documents_idx\",\"columns\":[\"document_id\",\"locale\",\"published_at\"]},{\"name\":\"upload_folders_created_by_id_fk\",\"columns\":[\"created_by_id\"]},{\"name\":\"upload_folders_updated_by_id_fk\",\"columns\":[\"updated_by_id\"]}],\"foreignKeys\":[{\"name\":\"upload_folders_created_by_id_fk\",\"columns\":[\"created_by_id\"],\"referencedTable\":\"admin_users\",\"referencedColumns\":[\"id\"],\"onDelete\":\"SET NULL\"},{\"name\":\"upload_folders_updated_by_id_fk\",\"columns\":[\"updated_by_id\"],\"referencedTable\":\"admin_users\",\"referencedColumns\":[\"id\"],\"onDelete\":\"SET NULL\"}],\"columns\":[{\"name\":\"id\",\"type\":\"increments\",\"args\":[{\"primary\":true,\"primaryKey\":true}],\"defaultTo\":null,\"notNullable\":true,\"unsigned\":false},{\"name\":\"document_id\",\"type\":\"string\",\"args\":[],\"defaultTo\":null,\"notNullable\":false,\"unsigned\":false},{\"name\":\"name\",\"type\":\"string\",\"args\":[],\"defaultTo\":null,\"notNullable\":false,\"unsigned\":false},{\"name\":\"path_id\",\"type\":\"integer\",\"args\":[],\"defaultTo\":null,\"notNullable\":false,\"unsigned\":false},{\"name\":\"path\",\"type\":\"string\",\"args\":[],\"defaultTo\":null,\"notNullable\":false,\"unsigned\":false},{\"name\":\"created_at\",\"type\":\"datetime\",\"args\":[{\"useTz\":false,\"precision\":6}],\"defaultTo\":null,\"notNullable\":false,\"unsigned\":false},{\"name\":\"updated_at\",\"type\":\"datetime\",\"args\":[{\"useTz\":false,\"precision\":6}],\"defaultTo\":null,\"notNullable\":false,\"unsigned\":false},{\"name\":\"published_at\",\"type\":\"datetime\",\"args\":[{\"useTz\":false,\"precision\":6}],\"defaultTo\":null,\"notNullable\":false,\"unsigned\":false},{\"name\":\"created_by_id\",\"type\":\"integer\",\"args\":[],\"defaultTo\":null,\"notNullable\":false,\"unsigned\":true},{\"name\":\"updated_by_id\",\"type\":\"integer\",\"args\":[],\"defaultTo\":null,\"notNullable\":false,\"unsigned\":true},{\"name\":\"locale\",\"type\":\"string\",\"args\":[],\"defaultTo\":null,\"notNullable\":false,\"unsigned\":false}]},{\"name\":\"i18n_locale\",\"indexes\":[{\"name\":\"i18n_locale_documents_idx\",\"columns\":[\"document_id\",\"locale\",\"published_at\"]},{\"name\":\"i18n_locale_created_by_id_fk\",\"columns\":[\"created_by_id\"]},{\"name\":\"i18n_locale_updated_by_id_fk\",\"columns\":[\"updated_by_id\"]}],\"foreignKeys\":[{\"name\":\"i18n_locale_created_by_id_fk\",\"columns\":[\"created_by_id\"],\"referencedTable\":\"admin_users\",\"referencedColumns\":[\"id\"],\"onDelete\":\"SET NULL\"},{\"name\":\"i18n_locale_updated_by_id_fk\",\"columns\":[\"updated_by_id\"],\"referencedTable\":\"admin_users\",\"referencedColumns\":[\"id\"],\"onDelete\":\"SET NULL\"}],\"columns\":[{\"name\":\"id\",\"type\":\"increments\",\"args\":[{\"primary\":true,\"primaryKey\":true}],\"defaultTo\":null,\"notNullable\":true,\"unsigned\":false},{\"name\":\"document_id\",\"type\":\"string\",\"args\":[],\"defaultTo\":null,\"notNullable\":false,\"unsigned\":false},{\"name\":\"name\",\"type\":\"string\",\"args\":[],\"defaultTo\":null,\"notNullable\":false,\"unsigned\":false},{\"name\":\"code\",\"type\":\"string\",\"args\":[],\"defaultTo\":null,\"notNullable\":false,\"unsigned\":false},{\"name\":\"created_at\",\"type\":\"datetime\",\"args\":[{\"useTz\":false,\"precision\":6}],\"defaultTo\":null,\"notNullable\":false,\"unsigned\":false},{\"name\":\"updated_at\",\"type\":\"datetime\",\"args\":[{\"useTz\":false,\"precision\":6}],\"defaultTo\":null,\"notNullable\":false,\"unsigned\":false},{\"name\":\"published_at\",\"type\":\"datetime\",\"args\":[{\"useTz\":false,\"precision\":6}],\"defaultTo\":null,\"notNullable\":false,\"unsigned\":false},{\"name\":\"created_by_id\",\"type\":\"integer\",\"args\":[],\"defaultTo\":null,\"notNullable\":false,\"unsigned\":true},{\"name\":\"updated_by_id\",\"type\":\"integer\",\"args\":[],\"defaultTo\":null,\"notNullable\":false,\"unsigned\":true},{\"name\":\"locale\",\"type\":\"string\",\"args\":[],\"defaultTo\":null,\"notNullable\":false,\"unsigned\":false}]},{\"name\":\"strapi_releases\",\"indexes\":[{\"name\":\"strapi_releases_documents_idx\",\"columns\":[\"document_id\",\"locale\",\"published_at\"]},{\"name\":\"strapi_releases_created_by_id_fk\",\"columns\":[\"created_by_id\"]},{\"name\":\"strapi_releases_updated_by_id_fk\",\"columns\":[\"updated_by_id\"]}],\"foreignKeys\":[{\"name\":\"strapi_releases_created_by_id_fk\",\"columns\":[\"created_by_id\"],\"referencedTable\":\"admin_users\",\"referencedColumns\":[\"id\"],\"onDelete\":\"SET NULL\"},{\"name\":\"strapi_releases_updated_by_id_fk\",\"columns\":[\"updated_by_id\"],\"referencedTable\":\"admin_users\",\"referencedColumns\":[\"id\"],\"onDelete\":\"SET NULL\"}],\"columns\":[{\"name\":\"id\",\"type\":\"increments\",\"args\":[{\"primary\":true,\"primaryKey\":true}],\"defaultTo\":null,\"notNullable\":true,\"unsigned\":false},{\"name\":\"document_id\",\"type\":\"string\",\"args\":[],\"defaultTo\":null,\"notNullable\":false,\"unsigned\":false},{\"name\":\"name\",\"type\":\"string\",\"args\":[],\"defaultTo\":null,\"notNullable\":false,\"unsigned\":false},{\"name\":\"released_at\",\"type\":\"datetime\",\"args\":[{\"useTz\":false,\"precision\":6}],\"defaultTo\":null,\"notNullable\":false,\"unsigned\":false},{\"name\":\"scheduled_at\",\"type\":\"datetime\",\"args\":[{\"useTz\":false,\"precision\":6}],\"defaultTo\":null,\"notNullable\":false,\"unsigned\":false},{\"name\":\"timezone\",\"type\":\"string\",\"args\":[],\"defaultTo\":null,\"notNullable\":false,\"unsigned\":false},{\"name\":\"status\",\"type\":\"string\",\"args\":[],\"defaultTo\":null,\"notNullable\":false,\"unsigned\":false},{\"name\":\"created_at\",\"type\":\"datetime\",\"args\":[{\"useTz\":false,\"precision\":6}],\"defaultTo\":null,\"notNullable\":false,\"unsigned\":false},{\"name\":\"updated_at\",\"type\":\"datetime\",\"args\":[{\"useTz\":false,\"precision\":6}],\"defaultTo\":null,\"notNullable\":false,\"unsigned\":false},{\"name\":\"published_at\",\"type\":\"datetime\",\"args\":[{\"useTz\":false,\"precision\":6}],\"defaultTo\":null,\"notNullable\":false,\"unsigned\":false},{\"name\":\"created_by_id\",\"type\":\"integer\",\"args\":[],\"defaultTo\":null,\"notNullable\":false,\"unsigned\":true},{\"name\":\"updated_by_id\",\"type\":\"integer\",\"args\":[],\"defaultTo\":null,\"notNullable\":false,\"unsigned\":true},{\"name\":\"locale\",\"type\":\"string\",\"args\":[],\"defaultTo\":null,\"notNullable\":false,\"unsigned\":false}]},{\"name\":\"strapi_release_actions\",\"indexes\":[{\"name\":\"strapi_release_actions_documents_idx\",\"columns\":[\"document_id\",\"locale\",\"published_at\"]},{\"name\":\"strapi_release_actions_created_by_id_fk\",\"columns\":[\"created_by_id\"]},{\"name\":\"strapi_release_actions_updated_by_id_fk\",\"columns\":[\"updated_by_id\"]}],\"foreignKeys\":[{\"name\":\"strapi_release_actions_created_by_id_fk\",\"columns\":[\"created_by_id\"],\"referencedTable\":\"admin_users\",\"referencedColumns\":[\"id\"],\"onDelete\":\"SET NULL\"},{\"name\":\"strapi_release_actions_updated_by_id_fk\",\"columns\":[\"updated_by_id\"],\"referencedTable\":\"admin_users\",\"referencedColumns\":[\"id\"],\"onDelete\":\"SET NULL\"}],\"columns\":[{\"name\":\"id\",\"type\":\"increments\",\"args\":[{\"primary\":true,\"primaryKey\":true}],\"defaultTo\":null,\"notNullable\":true,\"unsigned\":false},{\"name\":\"document_id\",\"type\":\"string\",\"args\":[],\"defaultTo\":null,\"notNullable\":false,\"unsigned\":false},{\"name\":\"type\",\"type\":\"string\",\"args\":[],\"defaultTo\":null,\"notNullable\":false,\"unsigned\":false},{\"name\":\"content_type\",\"type\":\"string\",\"args\":[],\"defaultTo\":null,\"notNullable\":false,\"unsigned\":false},{\"name\":\"entry_document_id\",\"type\":\"string\",\"args\":[],\"defaultTo\":null,\"notNullable\":false,\"unsigned\":false},{\"name\":\"locale\",\"type\":\"string\",\"args\":[],\"defaultTo\":null,\"notNullable\":false,\"unsigned\":false},{\"name\":\"is_entry_valid\",\"type\":\"boolean\",\"args\":[],\"defaultTo\":null,\"notNullable\":false,\"unsigned\":false},{\"name\":\"created_at\",\"type\":\"datetime\",\"args\":[{\"useTz\":false,\"precision\":6}],\"defaultTo\":null,\"notNullable\":false,\"unsigned\":false},{\"name\":\"updated_at\",\"type\":\"datetime\",\"args\":[{\"useTz\":false,\"precision\":6}],\"defaultTo\":null,\"notNullable\":false,\"unsigned\":false},{\"name\":\"published_at\",\"type\":\"datetime\",\"args\":[{\"useTz\":false,\"precision\":6}],\"defaultTo\":null,\"notNullable\":false,\"unsigned\":false},{\"name\":\"created_by_id\",\"type\":\"integer\",\"args\":[],\"defaultTo\":null,\"notNullable\":false,\"unsigned\":true},{\"name\":\"updated_by_id\",\"type\":\"integer\",\"args\":[],\"defaultTo\":null,\"notNullable\":false,\"unsigned\":true}]},{\"name\":\"strapi_workflows\",\"indexes\":[{\"name\":\"strapi_workflows_documents_idx\",\"columns\":[\"document_id\",\"locale\",\"published_at\"]},{\"name\":\"strapi_workflows_created_by_id_fk\",\"columns\":[\"created_by_id\"]},{\"name\":\"strapi_workflows_updated_by_id_fk\",\"columns\":[\"updated_by_id\"]}],\"foreignKeys\":[{\"name\":\"strapi_workflows_created_by_id_fk\",\"columns\":[\"created_by_id\"],\"referencedTable\":\"admin_users\",\"referencedColumns\":[\"id\"],\"onDelete\":\"SET NULL\"},{\"name\":\"strapi_workflows_updated_by_id_fk\",\"columns\":[\"updated_by_id\"],\"referencedTable\":\"admin_users\",\"referencedColumns\":[\"id\"],\"onDelete\":\"SET NULL\"}],\"columns\":[{\"name\":\"id\",\"type\":\"increments\",\"args\":[{\"primary\":true,\"primaryKey\":true}],\"defaultTo\":null,\"notNullable\":true,\"unsigned\":false},{\"name\":\"document_id\",\"type\":\"string\",\"args\":[],\"defaultTo\":null,\"notNullable\":false,\"unsigned\":false},{\"name\":\"name\",\"type\":\"string\",\"args\":[],\"defaultTo\":null,\"notNullable\":false,\"unsigned\":false},{\"name\":\"content_types\",\"type\":\"jsonb\",\"args\":[],\"defaultTo\":null,\"notNullable\":false,\"unsigned\":false},{\"name\":\"created_at\",\"type\":\"datetime\",\"args\":[{\"useTz\":false,\"precision\":6}],\"defaultTo\":null,\"notNullable\":false,\"unsigned\":false},{\"name\":\"updated_at\",\"type\":\"datetime\",\"args\":[{\"useTz\":false,\"precision\":6}],\"defaultTo\":null,\"notNullable\":false,\"unsigned\":false},{\"name\":\"published_at\",\"type\":\"datetime\",\"args\":[{\"useTz\":false,\"precision\":6}],\"defaultTo\":null,\"notNullable\":false,\"unsigned\":false},{\"name\":\"created_by_id\",\"type\":\"integer\",\"args\":[],\"defaultTo\":null,\"notNullable\":false,\"unsigned\":true},{\"name\":\"updated_by_id\",\"type\":\"integer\",\"args\":[],\"defaultTo\":null,\"notNullable\":false,\"unsigned\":true},{\"name\":\"locale\",\"type\":\"string\",\"args\":[],\"defaultTo\":null,\"notNullable\":false,\"unsigned\":false}]},{\"name\":\"strapi_workflows_stages\",\"indexes\":[{\"name\":\"strapi_workflows_stages_documents_idx\",\"columns\":[\"document_id\",\"locale\",\"published_at\"]},{\"name\":\"strapi_workflows_stages_created_by_id_fk\",\"columns\":[\"created_by_id\"]},{\"name\":\"strapi_workflows_stages_updated_by_id_fk\",\"columns\":[\"updated_by_id\"]}],\"foreignKeys\":[{\"name\":\"strapi_workflows_stages_created_by_id_fk\",\"columns\":[\"created_by_id\"],\"referencedTable\":\"admin_users\",\"referencedColumns\":[\"id\"],\"onDelete\":\"SET NULL\"},{\"name\":\"strapi_workflows_stages_updated_by_id_fk\",\"columns\":[\"updated_by_id\"],\"referencedTable\":\"admin_users\",\"referencedColumns\":[\"id\"],\"onDelete\":\"SET NULL\"}],\"columns\":[{\"name\":\"id\",\"type\":\"increments\",\"args\":[{\"primary\":true,\"primaryKey\":true}],\"defaultTo\":null,\"notNullable\":true,\"unsigned\":false},{\"name\":\"document_id\",\"type\":\"string\",\"args\":[],\"defaultTo\":null,\"notNullable\":false,\"unsigned\":false},{\"name\":\"name\",\"type\":\"string\",\"args\":[],\"defaultTo\":null,\"notNullable\":false,\"unsigned\":false},{\"name\":\"color\",\"type\":\"string\",\"args\":[],\"defaultTo\":null,\"notNullable\":false,\"unsigned\":false},{\"name\":\"created_at\",\"type\":\"datetime\",\"args\":[{\"useTz\":false,\"precision\":6}],\"defaultTo\":null,\"notNullable\":false,\"unsigned\":false},{\"name\":\"updated_at\",\"type\":\"datetime\",\"args\":[{\"useTz\":false,\"precision\":6}],\"defaultTo\":null,\"notNullable\":false,\"unsigned\":false},{\"name\":\"published_at\",\"type\":\"datetime\",\"args\":[{\"useTz\":false,\"precision\":6}],\"defaultTo\":null,\"notNullable\":false,\"unsigned\":false},{\"name\":\"created_by_id\",\"type\":\"integer\",\"args\":[],\"defaultTo\":null,\"notNullable\":false,\"unsigned\":true},{\"name\":\"updated_by_id\",\"type\":\"integer\",\"args\":[],\"defaultTo\":null,\"notNullable\":false,\"unsigned\":true},{\"name\":\"locale\",\"type\":\"string\",\"args\":[],\"defaultTo\":null,\"notNullable\":false,\"unsigned\":false}]},{\"name\":\"up_permissions\",\"indexes\":[{\"name\":\"up_permissions_documents_idx\",\"columns\":[\"document_id\",\"locale\",\"published_at\"]},{\"name\":\"up_permissions_created_by_id_fk\",\"columns\":[\"created_by_id\"]},{\"name\":\"up_permissions_updated_by_id_fk\",\"columns\":[\"updated_by_id\"]}],\"foreignKeys\":[{\"name\":\"up_permissions_created_by_id_fk\",\"columns\":[\"created_by_id\"],\"referencedTable\":\"admin_users\",\"referencedColumns\":[\"id\"],\"onDelete\":\"SET NULL\"},{\"name\":\"up_permissions_updated_by_id_fk\",\"columns\":[\"updated_by_id\"],\"referencedTable\":\"admin_users\",\"referencedColumns\":[\"id\"],\"onDelete\":\"SET NULL\"}],\"columns\":[{\"name\":\"id\",\"type\":\"increments\",\"args\":[{\"primary\":true,\"primaryKey\":true}],\"defaultTo\":null,\"notNullable\":true,\"unsigned\":false},{\"name\":\"document_id\",\"type\":\"string\",\"args\":[],\"defaultTo\":null,\"notNullable\":false,\"unsigned\":false},{\"name\":\"action\",\"type\":\"string\",\"args\":[],\"defaultTo\":null,\"notNullable\":false,\"unsigned\":false},{\"name\":\"created_at\",\"type\":\"datetime\",\"args\":[{\"useTz\":false,\"precision\":6}],\"defaultTo\":null,\"notNullable\":false,\"unsigned\":false},{\"name\":\"updated_at\",\"type\":\"datetime\",\"args\":[{\"useTz\":false,\"precision\":6}],\"defaultTo\":null,\"notNullable\":false,\"unsigned\":false},{\"name\":\"published_at\",\"type\":\"datetime\",\"args\":[{\"useTz\":false,\"precision\":6}],\"defaultTo\":null,\"notNullable\":false,\"unsigned\":false},{\"name\":\"created_by_id\",\"type\":\"integer\",\"args\":[],\"defaultTo\":null,\"notNullable\":false,\"unsigned\":true},{\"name\":\"updated_by_id\",\"type\":\"integer\",\"args\":[],\"defaultTo\":null,\"notNullable\":false,\"unsigned\":true},{\"name\":\"locale\",\"type\":\"string\",\"args\":[],\"defaultTo\":null,\"notNullable\":false,\"unsigned\":false}]},{\"name\":\"up_roles\",\"indexes\":[{\"name\":\"up_roles_documents_idx\",\"columns\":[\"document_id\",\"locale\",\"published_at\"]},{\"name\":\"up_roles_created_by_id_fk\",\"columns\":[\"created_by_id\"]},{\"name\":\"up_roles_updated_by_id_fk\",\"columns\":[\"updated_by_id\"]}],\"foreignKeys\":[{\"name\":\"up_roles_created_by_id_fk\",\"columns\":[\"created_by_id\"],\"referencedTable\":\"admin_users\",\"referencedColumns\":[\"id\"],\"onDelete\":\"SET NULL\"},{\"name\":\"up_roles_updated_by_id_fk\",\"columns\":[\"updated_by_id\"],\"referencedTable\":\"admin_users\",\"referencedColumns\":[\"id\"],\"onDelete\":\"SET NULL\"}],\"columns\":[{\"name\":\"id\",\"type\":\"increments\",\"args\":[{\"primary\":true,\"primaryKey\":true}],\"defaultTo\":null,\"notNullable\":true,\"unsigned\":false},{\"name\":\"document_id\",\"type\":\"string\",\"args\":[],\"defaultTo\":null,\"notNullable\":false,\"unsigned\":false},{\"name\":\"name\",\"type\":\"string\",\"args\":[],\"defaultTo\":null,\"notNullable\":false,\"unsigned\":false},{\"name\":\"description\",\"type\":\"string\",\"args\":[],\"defaultTo\":null,\"notNullable\":false,\"unsigned\":false},{\"name\":\"type\",\"type\":\"string\",\"args\":[],\"defaultTo\":null,\"notNullable\":false,\"unsigned\":false},{\"name\":\"created_at\",\"type\":\"datetime\",\"args\":[{\"useTz\":false,\"precision\":6}],\"defaultTo\":null,\"notNullable\":false,\"unsigned\":false},{\"name\":\"updated_at\",\"type\":\"datetime\",\"args\":[{\"useTz\":false,\"precision\":6}],\"defaultTo\":null,\"notNullable\":false,\"unsigned\":false},{\"name\":\"published_at\",\"type\":\"datetime\",\"args\":[{\"useTz\":false,\"precision\":6}],\"defaultTo\":null,\"notNullable\":false,\"unsigned\":false},{\"name\":\"created_by_id\",\"type\":\"integer\",\"args\":[],\"defaultTo\":null,\"notNullable\":false,\"unsigned\":true},{\"name\":\"updated_by_id\",\"type\":\"integer\",\"args\":[],\"defaultTo\":null,\"notNullable\":false,\"unsigned\":true},{\"name\":\"locale\",\"type\":\"string\",\"args\":[],\"defaultTo\":null,\"notNullable\":false,\"unsigned\":false}]},{\"name\":\"up_users\",\"indexes\":[{\"name\":\"up_users_documents_idx\",\"columns\":[\"document_id\",\"locale\",\"published_at\"]},{\"name\":\"up_users_created_by_id_fk\",\"columns\":[\"created_by_id\"]},{\"name\":\"up_users_updated_by_id_fk\",\"columns\":[\"updated_by_id\"]}],\"foreignKeys\":[{\"name\":\"up_users_created_by_id_fk\",\"columns\":[\"created_by_id\"],\"referencedTable\":\"admin_users\",\"referencedColumns\":[\"id\"],\"onDelete\":\"SET NULL\"},{\"name\":\"up_users_updated_by_id_fk\",\"columns\":[\"updated_by_id\"],\"referencedTable\":\"admin_users\",\"referencedColumns\":[\"id\"],\"onDelete\":\"SET NULL\"}],\"columns\":[{\"name\":\"id\",\"type\":\"increments\",\"args\":[{\"primary\":true,\"primaryKey\":true}],\"defaultTo\":null,\"notNullable\":true,\"unsigned\":false},{\"name\":\"document_id\",\"type\":\"string\",\"args\":[],\"defaultTo\":null,\"notNullable\":false,\"unsigned\":false},{\"name\":\"username\",\"type\":\"string\",\"args\":[],\"defaultTo\":null,\"notNullable\":false,\"unsigned\":false},{\"name\":\"email\",\"type\":\"string\",\"args\":[],\"defaultTo\":null,\"notNullable\":false,\"unsigned\":false},{\"name\":\"provider\",\"type\":\"string\",\"args\":[],\"defaultTo\":null,\"notNullable\":false,\"unsigned\":false},{\"name\":\"password\",\"type\":\"string\",\"args\":[],\"defaultTo\":null,\"notNullable\":false,\"unsigned\":false},{\"name\":\"reset_password_token\",\"type\":\"string\",\"args\":[],\"defaultTo\":null,\"notNullable\":false,\"unsigned\":false},{\"name\":\"confirmation_token\",\"type\":\"string\",\"args\":[],\"defaultTo\":null,\"notNullable\":false,\"unsigned\":false},{\"name\":\"confirmed\",\"type\":\"boolean\",\"args\":[],\"defaultTo\":null,\"notNullable\":false,\"unsigned\":false},{\"name\":\"blocked\",\"type\":\"boolean\",\"args\":[],\"defaultTo\":null,\"notNullable\":false,\"unsigned\":false},{\"name\":\"created_at\",\"type\":\"datetime\",\"args\":[{\"useTz\":false,\"precision\":6}],\"defaultTo\":null,\"notNullable\":false,\"unsigned\":false},{\"name\":\"updated_at\",\"type\":\"datetime\",\"args\":[{\"useTz\":false,\"precision\":6}],\"defaultTo\":null,\"notNullable\":false,\"unsigned\":false},{\"name\":\"published_at\",\"type\":\"datetime\",\"args\":[{\"useTz\":false,\"precision\":6}],\"defaultTo\":null,\"notNullable\":false,\"unsigned\":false},{\"name\":\"created_by_id\",\"type\":\"integer\",\"args\":[],\"defaultTo\":null,\"notNullable\":false,\"unsigned\":true},{\"name\":\"updated_by_id\",\"type\":\"integer\",\"args\":[],\"defaultTo\":null,\"notNullable\":false,\"unsigned\":true},{\"name\":\"locale\",\"type\":\"string\",\"args\":[],\"defaultTo\":null,\"notNullable\":false,\"unsigned\":false}]},{\"name\":\"about_team_sections\",\"indexes\":[{\"name\":\"about_team_sections_documents_idx\",\"columns\":[\"document_id\",\"locale\",\"published_at\"]},{\"name\":\"about_team_sections_created_by_id_fk\",\"columns\":[\"created_by_id\"]},{\"name\":\"about_team_sections_updated_by_id_fk\",\"columns\":[\"updated_by_id\"]}],\"foreignKeys\":[{\"name\":\"about_team_sections_created_by_id_fk\",\"columns\":[\"created_by_id\"],\"referencedTable\":\"admin_users\",\"referencedColumns\":[\"id\"],\"onDelete\":\"SET NULL\"},{\"name\":\"about_team_sections_updated_by_id_fk\",\"columns\":[\"updated_by_id\"],\"referencedTable\":\"admin_users\",\"referencedColumns\":[\"id\"],\"onDelete\":\"SET NULL\"}],\"columns\":[{\"name\":\"id\",\"type\":\"increments\",\"args\":[{\"primary\":true,\"primaryKey\":true}],\"defaultTo\":null,\"notNullable\":true,\"unsigned\":false},{\"name\":\"document_id\",\"type\":\"string\",\"args\":[],\"defaultTo\":null,\"notNullable\":false,\"unsigned\":false},{\"name\":\"title\",\"type\":\"string\",\"args\":[],\"defaultTo\":null,\"notNullable\":false,\"unsigned\":false},{\"name\":\"title_accent\",\"type\":\"string\",\"args\":[],\"defaultTo\":null,\"notNullable\":false,\"unsigned\":false},{\"name\":\"description\",\"type\":\"text\",\"args\":[\"longtext\"],\"defaultTo\":null,\"notNullable\":false,\"unsigned\":false},{\"name\":\"created_at\",\"type\":\"datetime\",\"args\":[{\"useTz\":false,\"precision\":6}],\"defaultTo\":null,\"notNullable\":false,\"unsigned\":false},{\"name\":\"updated_at\",\"type\":\"datetime\",\"args\":[{\"useTz\":false,\"precision\":6}],\"defaultTo\":null,\"notNullable\":false,\"unsigned\":false},{\"name\":\"published_at\",\"type\":\"datetime\",\"args\":[{\"useTz\":false,\"precision\":6}],\"defaultTo\":null,\"notNullable\":false,\"unsigned\":false},{\"name\":\"created_by_id\",\"type\":\"integer\",\"args\":[],\"defaultTo\":null,\"notNullable\":false,\"unsigned\":true},{\"name\":\"updated_by_id\",\"type\":\"integer\",\"args\":[],\"defaultTo\":null,\"notNullable\":false,\"unsigned\":true},{\"name\":\"locale\",\"type\":\"string\",\"args\":[],\"defaultTo\":null,\"notNullable\":false,\"unsigned\":false}]},{\"name\":\"client_reviews\",\"indexes\":[{\"name\":\"client_reviews_documents_idx\",\"columns\":[\"document_id\",\"locale\",\"published_at\"]},{\"name\":\"client_reviews_created_by_id_fk\",\"columns\":[\"created_by_id\"]},{\"name\":\"client_reviews_updated_by_id_fk\",\"columns\":[\"updated_by_id\"]}],\"foreignKeys\":[{\"name\":\"client_reviews_created_by_id_fk\",\"columns\":[\"created_by_id\"],\"referencedTable\":\"admin_users\",\"referencedColumns\":[\"id\"],\"onDelete\":\"SET NULL\"},{\"name\":\"client_reviews_updated_by_id_fk\",\"columns\":[\"updated_by_id\"],\"referencedTable\":\"admin_users\",\"referencedColumns\":[\"id\"],\"onDelete\":\"SET NULL\"}],\"columns\":[{\"name\":\"id\",\"type\":\"increments\",\"args\":[{\"primary\":true,\"primaryKey\":true}],\"defaultTo\":null,\"notNullable\":true,\"unsigned\":false},{\"name\":\"document_id\",\"type\":\"string\",\"args\":[],\"defaultTo\":null,\"notNullable\":false,\"unsigned\":false},{\"name\":\"client_name\",\"type\":\"string\",\"args\":[],\"defaultTo\":null,\"notNullable\":false,\"unsigned\":false},{\"name\":\"company\",\"type\":\"string\",\"args\":[],\"defaultTo\":null,\"notNullable\":false,\"unsigned\":false},{\"name\":\"review\",\"type\":\"text\",\"args\":[\"longtext\"],\"defaultTo\":null,\"notNullable\":false,\"unsigned\":false},{\"name\":\"alt\",\"type\":\"string\",\"args\":[],\"defaultTo\":null,\"notNullable\":false,\"unsigned\":false},{\"name\":\"rating\",\"type\":\"integer\",\"args\":[],\"defaultTo\":null,\"notNullable\":false,\"unsigned\":false},{\"name\":\"display_in_carousel\",\"type\":\"boolean\",\"args\":[],\"defaultTo\":null,\"notNullable\":false,\"unsigned\":false},{\"name\":\"created_at\",\"type\":\"datetime\",\"args\":[{\"useTz\":false,\"precision\":6}],\"defaultTo\":null,\"notNullable\":false,\"unsigned\":false},{\"name\":\"updated_at\",\"type\":\"datetime\",\"args\":[{\"useTz\":false,\"precision\":6}],\"defaultTo\":null,\"notNullable\":false,\"unsigned\":false},{\"name\":\"published_at\",\"type\":\"datetime\",\"args\":[{\"useTz\":false,\"precision\":6}],\"defaultTo\":null,\"notNullable\":false,\"unsigned\":false},{\"name\":\"created_by_id\",\"type\":\"integer\",\"args\":[],\"defaultTo\":null,\"notNullable\":false,\"unsigned\":true},{\"name\":\"updated_by_id\",\"type\":\"integer\",\"args\":[],\"defaultTo\":null,\"notNullable\":false,\"unsigned\":true},{\"name\":\"locale\",\"type\":\"string\",\"args\":[],\"defaultTo\":null,\"notNullable\":false,\"unsigned\":false}]},{\"name\":\"contact_form_submissions\",\"indexes\":[{\"name\":\"contact_form_submissions_documents_idx\",\"columns\":[\"document_id\",\"locale\",\"published_at\"]},{\"name\":\"contact_form_submissions_created_by_id_fk\",\"columns\":[\"created_by_id\"]},{\"name\":\"contact_form_submissions_updated_by_id_fk\",\"columns\":[\"updated_by_id\"]}],\"foreignKeys\":[{\"name\":\"contact_form_submissions_created_by_id_fk\",\"columns\":[\"created_by_id\"],\"referencedTable\":\"admin_users\",\"referencedColumns\":[\"id\"],\"onDelete\":\"SET NULL\"},{\"name\":\"contact_form_submissions_updated_by_id_fk\",\"columns\":[\"updated_by_id\"],\"referencedTable\":\"admin_users\",\"referencedColumns\":[\"id\"],\"onDelete\":\"SET NULL\"}],\"columns\":[{\"name\":\"id\",\"type\":\"increments\",\"args\":[{\"primary\":true,\"primaryKey\":true}],\"defaultTo\":null,\"notNullable\":true,\"unsigned\":false},{\"name\":\"document_id\",\"type\":\"string\",\"args\":[],\"defaultTo\":null,\"notNullable\":false,\"unsigned\":false},{\"name\":\"name\",\"type\":\"string\",\"args\":[],\"defaultTo\":null,\"notNullable\":false,\"unsigned\":false},{\"name\":\"company_name\",\"type\":\"string\",\"args\":[],\"defaultTo\":null,\"notNullable\":false,\"unsigned\":false},{\"name\":\"email\",\"type\":\"string\",\"args\":[],\"defaultTo\":null,\"notNullable\":false,\"unsigned\":false},{\"name\":\"phone\",\"type\":\"string\",\"args\":[],\"defaultTo\":null,\"notNullable\":false,\"unsigned\":false},{\"name\":\"service\",\"type\":\"string\",\"args\":[],\"defaultTo\":null,\"notNullable\":false,\"unsigned\":false},{\"name\":\"message\",\"type\":\"text\",\"args\":[\"longtext\"],\"defaultTo\":null,\"notNullable\":false,\"unsigned\":false},{\"name\":\"created_at\",\"type\":\"datetime\",\"args\":[{\"useTz\":false,\"precision\":6}],\"defaultTo\":null,\"notNullable\":false,\"unsigned\":false},{\"name\":\"updated_at\",\"type\":\"datetime\",\"args\":[{\"useTz\":false,\"precision\":6}],\"defaultTo\":null,\"notNullable\":false,\"unsigned\":false},{\"name\":\"published_at\",\"type\":\"datetime\",\"args\":[{\"useTz\":false,\"precision\":6}],\"defaultTo\":null,\"notNullable\":false,\"unsigned\":false},{\"name\":\"created_by_id\",\"type\":\"integer\",\"args\":[],\"defaultTo\":null,\"notNullable\":false,\"unsigned\":true},{\"name\":\"updated_by_id\",\"type\":\"integer\",\"args\":[],\"defaultTo\":null,\"notNullable\":false,\"unsigned\":true},{\"name\":\"locale\",\"type\":\"string\",\"args\":[],\"defaultTo\":null,\"notNullable\":false,\"unsigned\":false}]},{\"name\":\"footers\",\"indexes\":[{\"name\":\"footers_documents_idx\",\"columns\":[\"document_id\",\"locale\",\"published_at\"]},{\"name\":\"footers_created_by_id_fk\",\"columns\":[\"created_by_id\"]},{\"name\":\"footers_updated_by_id_fk\",\"columns\":[\"updated_by_id\"]}],\"foreignKeys\":[{\"name\":\"footers_created_by_id_fk\",\"columns\":[\"created_by_id\"],\"referencedTable\":\"admin_users\",\"referencedColumns\":[\"id\"],\"onDelete\":\"SET NULL\"},{\"name\":\"footers_updated_by_id_fk\",\"columns\":[\"updated_by_id\"],\"referencedTable\":\"admin_users\",\"referencedColumns\":[\"id\"],\"onDelete\":\"SET NULL\"}],\"columns\":[{\"name\":\"id\",\"type\":\"increments\",\"args\":[{\"primary\":true,\"primaryKey\":true}],\"defaultTo\":null,\"notNullable\":true,\"unsigned\":false},{\"name\":\"document_id\",\"type\":\"string\",\"args\":[],\"defaultTo\":null,\"notNullable\":false,\"unsigned\":false},{\"name\":\"email\",\"type\":\"string\",\"args\":[],\"defaultTo\":null,\"notNullable\":false,\"unsigned\":false},{\"name\":\"phone\",\"type\":\"string\",\"args\":[],\"defaultTo\":null,\"notNullable\":false,\"unsigned\":false},{\"name\":\"address\",\"type\":\"string\",\"args\":[],\"defaultTo\":null,\"notNullable\":false,\"unsigned\":false},{\"name\":\"copyright_text\",\"type\":\"string\",\"args\":[],\"defaultTo\":null,\"notNullable\":false,\"unsigned\":false},{\"name\":\"created_at\",\"type\":\"datetime\",\"args\":[{\"useTz\":false,\"precision\":6}],\"defaultTo\":null,\"notNullable\":false,\"unsigned\":false},{\"name\":\"updated_at\",\"type\":\"datetime\",\"args\":[{\"useTz\":false,\"precision\":6}],\"defaultTo\":null,\"notNullable\":false,\"unsigned\":false},{\"name\":\"published_at\",\"type\":\"datetime\",\"args\":[{\"useTz\":false,\"precision\":6}],\"defaultTo\":null,\"notNullable\":false,\"unsigned\":false},{\"name\":\"created_by_id\",\"type\":\"integer\",\"args\":[],\"defaultTo\":null,\"notNullable\":false,\"unsigned\":true},{\"name\":\"updated_by_id\",\"type\":\"integer\",\"args\":[],\"defaultTo\":null,\"notNullable\":false,\"unsigned\":true},{\"name\":\"locale\",\"type\":\"string\",\"args\":[],\"defaultTo\":null,\"notNullable\":false,\"unsigned\":false}]},{\"name\":\"home_hero_footer_logos\",\"indexes\":[{\"name\":\"home_hero_footer_logos_documents_idx\",\"columns\":[\"document_id\",\"locale\",\"published_at\"]},{\"name\":\"home_hero_footer_logos_created_by_id_fk\",\"columns\":[\"created_by_id\"]},{\"name\":\"home_hero_footer_logos_updated_by_id_fk\",\"columns\":[\"updated_by_id\"]}],\"foreignKeys\":[{\"name\":\"home_hero_footer_logos_created_by_id_fk\",\"columns\":[\"created_by_id\"],\"referencedTable\":\"admin_users\",\"referencedColumns\":[\"id\"],\"onDelete\":\"SET NULL\"},{\"name\":\"home_hero_footer_logos_updated_by_id_fk\",\"columns\":[\"updated_by_id\"],\"referencedTable\":\"admin_users\",\"referencedColumns\":[\"id\"],\"onDelete\":\"SET NULL\"}],\"columns\":[{\"name\":\"id\",\"type\":\"increments\",\"args\":[{\"primary\":true,\"primaryKey\":true}],\"defaultTo\":null,\"notNullable\":true,\"unsigned\":false},{\"name\":\"document_id\",\"type\":\"string\",\"args\":[],\"defaultTo\":null,\"notNullable\":false,\"unsigned\":false},{\"name\":\"brands\",\"type\":\"string\",\"args\":[],\"defaultTo\":null,\"notNullable\":false,\"unsigned\":false},{\"name\":\"quote\",\"type\":\"text\",\"args\":[\"longtext\"],\"defaultTo\":null,\"notNullable\":false,\"unsigned\":false},{\"name\":\"created_at\",\"type\":\"datetime\",\"args\":[{\"useTz\":false,\"precision\":6}],\"defaultTo\":null,\"notNullable\":false,\"unsigned\":false},{\"name\":\"updated_at\",\"type\":\"datetime\",\"args\":[{\"useTz\":false,\"precision\":6}],\"defaultTo\":null,\"notNullable\":false,\"unsigned\":false},{\"name\":\"published_at\",\"type\":\"datetime\",\"args\":[{\"useTz\":false,\"precision\":6}],\"defaultTo\":null,\"notNullable\":false,\"unsigned\":false},{\"name\":\"created_by_id\",\"type\":\"integer\",\"args\":[],\"defaultTo\":null,\"notNullable\":false,\"unsigned\":true},{\"name\":\"updated_by_id\",\"type\":\"integer\",\"args\":[],\"defaultTo\":null,\"notNullable\":false,\"unsigned\":true},{\"name\":\"locale\",\"type\":\"string\",\"args\":[],\"defaultTo\":null,\"notNullable\":false,\"unsigned\":false}]},{\"name\":\"home_hero_sections_cmps\",\"indexes\":[{\"name\":\"home_hero_sections_field_idx\",\"columns\":[\"field\"]},{\"name\":\"home_hero_sections_component_type_idx\",\"columns\":[\"component_type\"]},{\"name\":\"home_hero_sections_entity_fk\",\"columns\":[\"entity_id\"]},{\"name\":\"home_hero_sections_uq\",\"columns\":[\"entity_id\",\"cmp_id\",\"field\",\"component_type\"],\"type\":\"unique\"}],\"foreignKeys\":[{\"name\":\"home_hero_sections_entity_fk\",\"columns\":[\"entity_id\"],\"referencedColumns\":[\"id\"],\"referencedTable\":\"home_hero_sections\",\"onDelete\":\"CASCADE\"}],\"columns\":[{\"name\":\"id\",\"type\":\"increments\",\"args\":[{\"primary\":true,\"primaryKey\":true}],\"defaultTo\":null,\"notNullable\":true,\"unsigned\":false},{\"name\":\"entity_id\",\"type\":\"integer\",\"args\":[],\"defaultTo\":null,\"notNullable\":false,\"unsigned\":true},{\"name\":\"cmp_id\",\"type\":\"integer\",\"args\":[],\"defaultTo\":null,\"notNullable\":false,\"unsigned\":true},{\"name\":\"component_type\",\"type\":\"string\",\"args\":[],\"defaultTo\":null,\"notNullable\":false,\"unsigned\":false},{\"name\":\"field\",\"type\":\"string\",\"args\":[],\"defaultTo\":null,\"notNullable\":false,\"unsigned\":false},{\"name\":\"order\",\"type\":\"double\",\"args\":[],\"defaultTo\":null,\"notNullable\":false,\"unsigned\":true}]},{\"name\":\"home_hero_sections\",\"indexes\":[{\"name\":\"home_hero_sections_documents_idx\",\"columns\":[\"document_id\",\"locale\",\"published_at\"]},{\"name\":\"home_hero_sections_created_by_id_fk\",\"columns\":[\"created_by_id\"]},{\"name\":\"home_hero_sections_updated_by_id_fk\",\"columns\":[\"updated_by_id\"]}],\"foreignKeys\":[{\"name\":\"home_hero_sections_created_by_id_fk\",\"columns\":[\"created_by_id\"],\"referencedTable\":\"admin_users\",\"referencedColumns\":[\"id\"],\"onDelete\":\"SET NULL\"},{\"name\":\"home_hero_sections_updated_by_id_fk\",\"columns\":[\"updated_by_id\"],\"referencedTable\":\"admin_users\",\"referencedColumns\":[\"id\"],\"onDelete\":\"SET NULL\"}],\"columns\":[{\"name\":\"id\",\"type\":\"increments\",\"args\":[{\"primary\":true,\"primaryKey\":true}],\"defaultTo\":null,\"notNullable\":true,\"unsigned\":false},{\"name\":\"document_id\",\"type\":\"string\",\"args\":[],\"defaultTo\":null,\"notNullable\":false,\"unsigned\":false},{\"name\":\"title\",\"type\":\"string\",\"args\":[],\"defaultTo\":null,\"notNullable\":false,\"unsigned\":false},{\"name\":\"title_accent\",\"type\":\"string\",\"args\":[],\"defaultTo\":null,\"notNullable\":false,\"unsigned\":false},{\"name\":\"description\",\"type\":\"text\",\"args\":[\"longtext\"],\"defaultTo\":null,\"notNullable\":false,\"unsigned\":false},{\"name\":\"text_align\",\"type\":\"string\",\"args\":[],\"defaultTo\":null,\"notNullable\":false,\"unsigned\":false},{\"name\":\"show_footer\",\"type\":\"boolean\",\"args\":[],\"defaultTo\":null,\"notNullable\":false,\"unsigned\":false},{\"name\":\"reviews_link\",\"type\":\"string\",\"args\":[],\"defaultTo\":null,\"notNullable\":false,\"unsigned\":false},{\"name\":\"created_at\",\"type\":\"datetime\",\"args\":[{\"useTz\":false,\"precision\":6}],\"defaultTo\":null,\"notNullable\":false,\"unsigned\":false},{\"name\":\"updated_at\",\"type\":\"datetime\",\"args\":[{\"useTz\":false,\"precision\":6}],\"defaultTo\":null,\"notNullable\":false,\"unsigned\":false},{\"name\":\"published_at\",\"type\":\"datetime\",\"args\":[{\"useTz\":false,\"precision\":6}],\"defaultTo\":null,\"notNullable\":false,\"unsigned\":false},{\"name\":\"created_by_id\",\"type\":\"integer\",\"args\":[],\"defaultTo\":null,\"notNullable\":false,\"unsigned\":true},{\"name\":\"updated_by_id\",\"type\":\"integer\",\"args\":[],\"defaultTo\":null,\"notNullable\":false,\"unsigned\":true},{\"name\":\"locale\",\"type\":\"string\",\"args\":[],\"defaultTo\":null,\"notNullable\":false,\"unsigned\":false}]},{\"name\":\"home_industry_perspectives\",\"indexes\":[{\"name\":\"home_industry_perspectives_documents_idx\",\"columns\":[\"document_id\",\"locale\",\"published_at\"]},{\"name\":\"home_industry_perspectives_created_by_id_fk\",\"columns\":[\"created_by_id\"]},{\"name\":\"home_industry_perspectives_updated_by_id_fk\",\"columns\":[\"updated_by_id\"]}],\"foreignKeys\":[{\"name\":\"home_industry_perspectives_created_by_id_fk\",\"columns\":[\"created_by_id\"],\"referencedTable\":\"admin_users\",\"referencedColumns\":[\"id\"],\"onDelete\":\"SET NULL\"},{\"name\":\"home_industry_perspectives_updated_by_id_fk\",\"columns\":[\"updated_by_id\"],\"referencedTable\":\"admin_users\",\"referencedColumns\":[\"id\"],\"onDelete\":\"SET NULL\"}],\"columns\":[{\"name\":\"id\",\"type\":\"increments\",\"args\":[{\"primary\":true,\"primaryKey\":true}],\"defaultTo\":null,\"notNullable\":true,\"unsigned\":false},{\"name\":\"document_id\",\"type\":\"string\",\"args\":[],\"defaultTo\":null,\"notNullable\":false,\"unsigned\":false},{\"name\":\"title\",\"type\":\"string\",\"args\":[],\"defaultTo\":null,\"notNullable\":false,\"unsigned\":false},{\"name\":\"category_1\",\"type\":\"string\",\"args\":[],\"defaultTo\":null,\"notNullable\":false,\"unsigned\":false},{\"name\":\"category_2\",\"type\":\"string\",\"args\":[],\"defaultTo\":null,\"notNullable\":false,\"unsigned\":false},{\"name\":\"date\",\"type\":\"date\",\"args\":[],\"defaultTo\":null,\"notNullable\":false,\"unsigned\":false},{\"name\":\"href\",\"type\":\"string\",\"args\":[],\"defaultTo\":null,\"notNullable\":false,\"unsigned\":false},{\"name\":\"created_at\",\"type\":\"datetime\",\"args\":[{\"useTz\":false,\"precision\":6}],\"defaultTo\":null,\"notNullable\":false,\"unsigned\":false},{\"name\":\"updated_at\",\"type\":\"datetime\",\"args\":[{\"useTz\":false,\"precision\":6}],\"defaultTo\":null,\"notNullable\":false,\"unsigned\":false},{\"name\":\"published_at\",\"type\":\"datetime\",\"args\":[{\"useTz\":false,\"precision\":6}],\"defaultTo\":null,\"notNullable\":false,\"unsigned\":false},{\"name\":\"created_by_id\",\"type\":\"integer\",\"args\":[],\"defaultTo\":null,\"notNullable\":false,\"unsigned\":true},{\"name\":\"updated_by_id\",\"type\":\"integer\",\"args\":[],\"defaultTo\":null,\"notNullable\":false,\"unsigned\":true},{\"name\":\"locale\",\"type\":\"string\",\"args\":[],\"defaultTo\":null,\"notNullable\":false,\"unsigned\":false}]},{\"name\":\"home_stock_sections\",\"indexes\":[{\"name\":\"home_stock_sections_documents_idx\",\"columns\":[\"document_id\",\"locale\",\"published_at\"]},{\"name\":\"home_stock_sections_created_by_id_fk\",\"columns\":[\"created_by_id\"]},{\"name\":\"home_stock_sections_updated_by_id_fk\",\"columns\":[\"updated_by_id\"]}],\"foreignKeys\":[{\"name\":\"home_stock_sections_created_by_id_fk\",\"columns\":[\"created_by_id\"],\"referencedTable\":\"admin_users\",\"referencedColumns\":[\"id\"],\"onDelete\":\"SET NULL\"},{\"name\":\"home_stock_sections_updated_by_id_fk\",\"columns\":[\"updated_by_id\"],\"referencedTable\":\"admin_users\",\"referencedColumns\":[\"id\"],\"onDelete\":\"SET NULL\"}],\"columns\":[{\"name\":\"id\",\"type\":\"increments\",\"args\":[{\"primary\":true,\"primaryKey\":true}],\"defaultTo\":null,\"notNullable\":true,\"unsigned\":false},{\"name\":\"document_id\",\"type\":\"string\",\"args\":[],\"defaultTo\":null,\"notNullable\":false,\"unsigned\":false},{\"name\":\"title\",\"type\":\"string\",\"args\":[],\"defaultTo\":null,\"notNullable\":false,\"unsigned\":false},{\"name\":\"title_accent\",\"type\":\"string\",\"args\":[],\"defaultTo\":null,\"notNullable\":false,\"unsigned\":false},{\"name\":\"description\",\"type\":\"text\",\"args\":[\"longtext\"],\"defaultTo\":null,\"notNullable\":false,\"unsigned\":false},{\"name\":\"background_image_alt\",\"type\":\"string\",\"args\":[],\"defaultTo\":null,\"notNullable\":false,\"unsigned\":false},{\"name\":\"created_at\",\"type\":\"datetime\",\"args\":[{\"useTz\":false,\"precision\":6}],\"defaultTo\":null,\"notNullable\":false,\"unsigned\":false},{\"name\":\"updated_at\",\"type\":\"datetime\",\"args\":[{\"useTz\":false,\"precision\":6}],\"defaultTo\":null,\"notNullable\":false,\"unsigned\":false},{\"name\":\"published_at\",\"type\":\"datetime\",\"args\":[{\"useTz\":false,\"precision\":6}],\"defaultTo\":null,\"notNullable\":false,\"unsigned\":false},{\"name\":\"created_by_id\",\"type\":\"integer\",\"args\":[],\"defaultTo\":null,\"notNullable\":false,\"unsigned\":true},{\"name\":\"updated_by_id\",\"type\":\"integer\",\"args\":[],\"defaultTo\":null,\"notNullable\":false,\"unsigned\":true},{\"name\":\"locale\",\"type\":\"string\",\"args\":[],\"defaultTo\":null,\"notNullable\":false,\"unsigned\":false}]},{\"name\":\"home_strategic_growths\",\"indexes\":[{\"name\":\"home_strategic_growths_documents_idx\",\"columns\":[\"document_id\",\"locale\",\"published_at\"]},{\"name\":\"home_strategic_growths_created_by_id_fk\",\"columns\":[\"created_by_id\"]},{\"name\":\"home_strategic_growths_updated_by_id_fk\",\"columns\":[\"updated_by_id\"]}],\"foreignKeys\":[{\"name\":\"home_strategic_growths_created_by_id_fk\",\"columns\":[\"created_by_id\"],\"referencedTable\":\"admin_users\",\"referencedColumns\":[\"id\"],\"onDelete\":\"SET NULL\"},{\"name\":\"home_strategic_growths_updated_by_id_fk\",\"columns\":[\"updated_by_id\"],\"referencedTable\":\"admin_users\",\"referencedColumns\":[\"id\"],\"onDelete\":\"SET NULL\"}],\"columns\":[{\"name\":\"id\",\"type\":\"increments\",\"args\":[{\"primary\":true,\"primaryKey\":true}],\"defaultTo\":null,\"notNullable\":true,\"unsigned\":false},{\"name\":\"document_id\",\"type\":\"string\",\"args\":[],\"defaultTo\":null,\"notNullable\":false,\"unsigned\":false},{\"name\":\"title\",\"type\":\"string\",\"args\":[],\"defaultTo\":null,\"notNullable\":false,\"unsigned\":false},{\"name\":\"title_accent\",\"type\":\"string\",\"args\":[],\"defaultTo\":null,\"notNullable\":false,\"unsigned\":false},{\"name\":\"description\",\"type\":\"text\",\"args\":[\"longtext\"],\"defaultTo\":null,\"notNullable\":false,\"unsigned\":false},{\"name\":\"button_text\",\"type\":\"string\",\"args\":[],\"defaultTo\":null,\"notNullable\":false,\"unsigned\":false},{\"name\":\"button_href\",\"type\":\"string\",\"args\":[],\"defaultTo\":null,\"notNullable\":false,\"unsigned\":false},{\"name\":\"created_at\",\"type\":\"datetime\",\"args\":[{\"useTz\":false,\"precision\":6}],\"defaultTo\":null,\"notNullable\":false,\"unsigned\":false},{\"name\":\"updated_at\",\"type\":\"datetime\",\"args\":[{\"useTz\":false,\"precision\":6}],\"defaultTo\":null,\"notNullable\":false,\"unsigned\":false},{\"name\":\"published_at\",\"type\":\"datetime\",\"args\":[{\"useTz\":false,\"precision\":6}],\"defaultTo\":null,\"notNullable\":false,\"unsigned\":false},{\"name\":\"created_by_id\",\"type\":\"integer\",\"args\":[],\"defaultTo\":null,\"notNullable\":false,\"unsigned\":true},{\"name\":\"updated_by_id\",\"type\":\"integer\",\"args\":[],\"defaultTo\":null,\"notNullable\":false,\"unsigned\":true},{\"name\":\"locale\",\"type\":\"string\",\"args\":[],\"defaultTo\":null,\"notNullable\":false,\"unsigned\":false}]},{\"name\":\"industries\",\"indexes\":[{\"name\":\"industries_documents_idx\",\"columns\":[\"document_id\",\"locale\",\"published_at\"]},{\"name\":\"industries_created_by_id_fk\",\"columns\":[\"created_by_id\"]},{\"name\":\"industries_updated_by_id_fk\",\"columns\":[\"updated_by_id\"]}],\"foreignKeys\":[{\"name\":\"industries_created_by_id_fk\",\"columns\":[\"created_by_id\"],\"referencedTable\":\"admin_users\",\"referencedColumns\":[\"id\"],\"onDelete\":\"SET NULL\"},{\"name\":\"industries_updated_by_id_fk\",\"columns\":[\"updated_by_id\"],\"referencedTable\":\"admin_users\",\"referencedColumns\":[\"id\"],\"onDelete\":\"SET NULL\"}],\"columns\":[{\"name\":\"id\",\"type\":\"increments\",\"args\":[{\"primary\":true,\"primaryKey\":true}],\"defaultTo\":null,\"notNullable\":true,\"unsigned\":false},{\"name\":\"document_id\",\"type\":\"string\",\"args\":[],\"defaultTo\":null,\"notNullable\":false,\"unsigned\":false},{\"name\":\"title\",\"type\":\"string\",\"args\":[],\"defaultTo\":null,\"notNullable\":false,\"unsigned\":false},{\"name\":\"href\",\"type\":\"string\",\"args\":[],\"defaultTo\":null,\"notNullable\":false,\"unsigned\":false},{\"name\":\"order\",\"type\":\"integer\",\"args\":[],\"defaultTo\":null,\"notNullable\":false,\"unsigned\":false},{\"name\":\"created_at\",\"type\":\"datetime\",\"args\":[{\"useTz\":false,\"precision\":6}],\"defaultTo\":null,\"notNullable\":false,\"unsigned\":false},{\"name\":\"updated_at\",\"type\":\"datetime\",\"args\":[{\"useTz\":false,\"precision\":6}],\"defaultTo\":null,\"notNullable\":false,\"unsigned\":false},{\"name\":\"published_at\",\"type\":\"datetime\",\"args\":[{\"useTz\":false,\"precision\":6}],\"defaultTo\":null,\"notNullable\":false,\"unsigned\":false},{\"name\":\"created_by_id\",\"type\":\"integer\",\"args\":[],\"defaultTo\":null,\"notNullable\":false,\"unsigned\":true},{\"name\":\"updated_by_id\",\"type\":\"integer\",\"args\":[],\"defaultTo\":null,\"notNullable\":false,\"unsigned\":true},{\"name\":\"locale\",\"type\":\"string\",\"args\":[],\"defaultTo\":null,\"notNullable\":false,\"unsigned\":false}]},{\"name\":\"navigations_cmps\",\"indexes\":[{\"name\":\"navigations_field_idx\",\"columns\":[\"field\"]},{\"name\":\"navigations_component_type_idx\",\"columns\":[\"component_type\"]},{\"name\":\"navigations_entity_fk\",\"columns\":[\"entity_id\"]},{\"name\":\"navigations_uq\",\"columns\":[\"entity_id\",\"cmp_id\",\"field\",\"component_type\"],\"type\":\"unique\"}],\"foreignKeys\":[{\"name\":\"navigations_entity_fk\",\"columns\":[\"entity_id\"],\"referencedColumns\":[\"id\"],\"referencedTable\":\"navigations\",\"onDelete\":\"CASCADE\"}],\"columns\":[{\"name\":\"id\",\"type\":\"increments\",\"args\":[{\"primary\":true,\"primaryKey\":true}],\"defaultTo\":null,\"notNullable\":true,\"unsigned\":false},{\"name\":\"entity_id\",\"type\":\"integer\",\"args\":[],\"defaultTo\":null,\"notNullable\":false,\"unsigned\":true},{\"name\":\"cmp_id\",\"type\":\"integer\",\"args\":[],\"defaultTo\":null,\"notNullable\":false,\"unsigned\":true},{\"name\":\"component_type\",\"type\":\"string\",\"args\":[],\"defaultTo\":null,\"notNullable\":false,\"unsigned\":false},{\"name\":\"field\",\"type\":\"string\",\"args\":[],\"defaultTo\":null,\"notNullable\":false,\"unsigned\":false},{\"name\":\"order\",\"type\":\"double\",\"args\":[],\"defaultTo\":null,\"notNullable\":false,\"unsigned\":true}]},{\"name\":\"navigations\",\"indexes\":[{\"name\":\"navigations_documents_idx\",\"columns\":[\"document_id\",\"locale\",\"published_at\"]},{\"name\":\"navigations_created_by_id_fk\",\"columns\":[\"created_by_id\"]},{\"name\":\"navigations_updated_by_id_fk\",\"columns\":[\"updated_by_id\"]}],\"foreignKeys\":[{\"name\":\"navigations_created_by_id_fk\",\"columns\":[\"created_by_id\"],\"referencedTable\":\"admin_users\",\"referencedColumns\":[\"id\"],\"onDelete\":\"SET NULL\"},{\"name\":\"navigations_updated_by_id_fk\",\"columns\":[\"updated_by_id\"],\"referencedTable\":\"admin_users\",\"referencedColumns\":[\"id\"],\"onDelete\":\"SET NULL\"}],\"columns\":[{\"name\":\"id\",\"type\":\"increments\",\"args\":[{\"primary\":true,\"primaryKey\":true}],\"defaultTo\":null,\"notNullable\":true,\"unsigned\":false},{\"name\":\"document_id\",\"type\":\"string\",\"args\":[],\"defaultTo\":null,\"notNullable\":false,\"unsigned\":false},{\"name\":\"created_at\",\"type\":\"datetime\",\"args\":[{\"useTz\":false,\"precision\":6}],\"defaultTo\":null,\"notNullable\":false,\"unsigned\":false},{\"name\":\"updated_at\",\"type\":\"datetime\",\"args\":[{\"useTz\":false,\"precision\":6}],\"defaultTo\":null,\"notNullable\":false,\"unsigned\":false},{\"name\":\"published_at\",\"type\":\"datetime\",\"args\":[{\"useTz\":false,\"precision\":6}],\"defaultTo\":null,\"notNullable\":false,\"unsigned\":false},{\"name\":\"created_by_id\",\"type\":\"integer\",\"args\":[],\"defaultTo\":null,\"notNullable\":false,\"unsigned\":true},{\"name\":\"updated_by_id\",\"type\":\"integer\",\"args\":[],\"defaultTo\":null,\"notNullable\":false,\"unsigned\":true},{\"name\":\"locale\",\"type\":\"string\",\"args\":[],\"defaultTo\":null,\"notNullable\":false,\"unsigned\":false}]},{\"name\":\"office_locations\",\"indexes\":[{\"name\":\"office_locations_documents_idx\",\"columns\":[\"document_id\",\"locale\",\"published_at\"]},{\"name\":\"office_locations_created_by_id_fk\",\"columns\":[\"created_by_id\"]},{\"name\":\"office_locations_updated_by_id_fk\",\"columns\":[\"updated_by_id\"]}],\"foreignKeys\":[{\"name\":\"office_locations_created_by_id_fk\",\"columns\":[\"created_by_id\"],\"referencedTable\":\"admin_users\",\"referencedColumns\":[\"id\"],\"onDelete\":\"SET NULL\"},{\"name\":\"office_locations_updated_by_id_fk\",\"columns\":[\"updated_by_id\"],\"referencedTable\":\"admin_users\",\"referencedColumns\":[\"id\"],\"onDelete\":\"SET NULL\"}],\"columns\":[{\"name\":\"id\",\"type\":\"increments\",\"args\":[{\"primary\":true,\"primaryKey\":true}],\"defaultTo\":null,\"notNullable\":true,\"unsigned\":false},{\"name\":\"document_id\",\"type\":\"string\",\"args\":[],\"defaultTo\":null,\"notNullable\":false,\"unsigned\":false},{\"name\":\"title\",\"type\":\"string\",\"args\":[],\"defaultTo\":null,\"notNullable\":false,\"unsigned\":false},{\"name\":\"email\",\"type\":\"string\",\"args\":[],\"defaultTo\":null,\"notNullable\":false,\"unsigned\":false},{\"name\":\"phone\",\"type\":\"string\",\"args\":[],\"defaultTo\":null,\"notNullable\":false,\"unsigned\":false},{\"name\":\"office_type\",\"type\":\"string\",\"args\":[],\"defaultTo\":null,\"notNullable\":false,\"unsigned\":false},{\"name\":\"map_link\",\"type\":\"string\",\"args\":[],\"defaultTo\":null,\"notNullable\":false,\"unsigned\":false},{\"name\":\"created_at\",\"type\":\"datetime\",\"args\":[{\"useTz\":false,\"precision\":6}],\"defaultTo\":null,\"notNullable\":false,\"unsigned\":false},{\"name\":\"updated_at\",\"type\":\"datetime\",\"args\":[{\"useTz\":false,\"precision\":6}],\"defaultTo\":null,\"notNullable\":false,\"unsigned\":false},{\"name\":\"published_at\",\"type\":\"datetime\",\"args\":[{\"useTz\":false,\"precision\":6}],\"defaultTo\":null,\"notNullable\":false,\"unsigned\":false},{\"name\":\"created_by_id\",\"type\":\"integer\",\"args\":[],\"defaultTo\":null,\"notNullable\":false,\"unsigned\":true},{\"name\":\"updated_by_id\",\"type\":\"integer\",\"args\":[],\"defaultTo\":null,\"notNullable\":false,\"unsigned\":true},{\"name\":\"locale\",\"type\":\"string\",\"args\":[],\"defaultTo\":null,\"notNullable\":false,\"unsigned\":false}]},{\"name\":\"page_hero_sections_cmps\",\"indexes\":[{\"name\":\"page_hero_sections_field_idx\",\"columns\":[\"field\"]},{\"name\":\"page_hero_sections_component_type_idx\",\"columns\":[\"component_type\"]},{\"name\":\"page_hero_sections_entity_fk\",\"columns\":[\"entity_id\"]},{\"name\":\"page_hero_sections_uq\",\"columns\":[\"entity_id\",\"cmp_id\",\"field\",\"component_type\"],\"type\":\"unique\"}],\"foreignKeys\":[{\"name\":\"page_hero_sections_entity_fk\",\"columns\":[\"entity_id\"],\"referencedColumns\":[\"id\"],\"referencedTable\":\"page_hero_sections\",\"onDelete\":\"CASCADE\"}],\"columns\":[{\"name\":\"id\",\"type\":\"increments\",\"args\":[{\"primary\":true,\"primaryKey\":true}],\"defaultTo\":null,\"notNullable\":true,\"unsigned\":false},{\"name\":\"entity_id\",\"type\":\"integer\",\"args\":[],\"defaultTo\":null,\"notNullable\":false,\"unsigned\":true},{\"name\":\"cmp_id\",\"type\":\"integer\",\"args\":[],\"defaultTo\":null,\"notNullable\":false,\"unsigned\":true},{\"name\":\"component_type\",\"type\":\"string\",\"args\":[],\"defaultTo\":null,\"notNullable\":false,\"unsigned\":false},{\"name\":\"field\",\"type\":\"string\",\"args\":[],\"defaultTo\":null,\"notNullable\":false,\"unsigned\":false},{\"name\":\"order\",\"type\":\"double\",\"args\":[],\"defaultTo\":null,\"notNullable\":false,\"unsigned\":true}]},{\"name\":\"page_hero_sections\",\"indexes\":[{\"name\":\"page_hero_sections_documents_idx\",\"columns\":[\"document_id\",\"locale\",\"published_at\"]},{\"name\":\"page_hero_sections_created_by_id_fk\",\"columns\":[\"created_by_id\"]},{\"name\":\"page_hero_sections_updated_by_id_fk\",\"columns\":[\"updated_by_id\"]}],\"foreignKeys\":[{\"name\":\"page_hero_sections_created_by_id_fk\",\"columns\":[\"created_by_id\"],\"referencedTable\":\"admin_users\",\"referencedColumns\":[\"id\"],\"onDelete\":\"SET NULL\"},{\"name\":\"page_hero_sections_updated_by_id_fk\",\"columns\":[\"updated_by_id\"],\"referencedTable\":\"admin_users\",\"referencedColumns\":[\"id\"],\"onDelete\":\"SET NULL\"}],\"columns\":[{\"name\":\"id\",\"type\":\"increments\",\"args\":[{\"primary\":true,\"primaryKey\":true}],\"defaultTo\":null,\"notNullable\":true,\"unsigned\":false},{\"name\":\"document_id\",\"type\":\"string\",\"args\":[],\"defaultTo\":null,\"notNullable\":false,\"unsigned\":false},{\"name\":\"title\",\"type\":\"string\",\"args\":[],\"defaultTo\":null,\"notNullable\":false,\"unsigned\":false},{\"name\":\"title_accent\",\"type\":\"string\",\"args\":[],\"defaultTo\":null,\"notNullable\":false,\"unsigned\":false},{\"name\":\"description\",\"type\":\"text\",\"args\":[\"longtext\"],\"defaultTo\":null,\"notNullable\":false,\"unsigned\":false},{\"name\":\"text_align\",\"type\":\"string\",\"args\":[],\"defaultTo\":null,\"notNullable\":false,\"unsigned\":false},{\"name\":\"show_footer\",\"type\":\"boolean\",\"args\":[],\"defaultTo\":null,\"notNullable\":false,\"unsigned\":false},{\"name\":\"review_link\",\"type\":\"string\",\"args\":[],\"defaultTo\":null,\"notNullable\":false,\"unsigned\":false},{\"name\":\"page_name\",\"type\":\"string\",\"args\":[],\"defaultTo\":null,\"notNullable\":false,\"unsigned\":false},{\"name\":\"created_at\",\"type\":\"datetime\",\"args\":[{\"useTz\":false,\"precision\":6}],\"defaultTo\":null,\"notNullable\":false,\"unsigned\":false},{\"name\":\"updated_at\",\"type\":\"datetime\",\"args\":[{\"useTz\":false,\"precision\":6}],\"defaultTo\":null,\"notNullable\":false,\"unsigned\":false},{\"name\":\"published_at\",\"type\":\"datetime\",\"args\":[{\"useTz\":false,\"precision\":6}],\"defaultTo\":null,\"notNullable\":false,\"unsigned\":false},{\"name\":\"created_by_id\",\"type\":\"integer\",\"args\":[],\"defaultTo\":null,\"notNullable\":false,\"unsigned\":true},{\"name\":\"updated_by_id\",\"type\":\"integer\",\"args\":[],\"defaultTo\":null,\"notNullable\":false,\"unsigned\":true},{\"name\":\"locale\",\"type\":\"string\",\"args\":[],\"defaultTo\":null,\"notNullable\":false,\"unsigned\":false}]},{\"name\":\"page_sections\",\"indexes\":[{\"name\":\"page_sections_documents_idx\",\"columns\":[\"document_id\",\"locale\",\"published_at\"]},{\"name\":\"page_sections_created_by_id_fk\",\"columns\":[\"created_by_id\"]},{\"name\":\"page_sections_updated_by_id_fk\",\"columns\":[\"updated_by_id\"]}],\"foreignKeys\":[{\"name\":\"page_sections_created_by_id_fk\",\"columns\":[\"created_by_id\"],\"referencedTable\":\"admin_users\",\"referencedColumns\":[\"id\"],\"onDelete\":\"SET NULL\"},{\"name\":\"page_sections_updated_by_id_fk\",\"columns\":[\"updated_by_id\"],\"referencedTable\":\"admin_users\",\"referencedColumns\":[\"id\"],\"onDelete\":\"SET NULL\"}],\"columns\":[{\"name\":\"id\",\"type\":\"increments\",\"args\":[{\"primary\":true,\"primaryKey\":true}],\"defaultTo\":null,\"notNullable\":true,\"unsigned\":false},{\"name\":\"document_id\",\"type\":\"string\",\"args\":[],\"defaultTo\":null,\"notNullable\":false,\"unsigned\":false},{\"name\":\"section_id\",\"type\":\"string\",\"args\":[],\"defaultTo\":null,\"notNullable\":false,\"unsigned\":false},{\"name\":\"title\",\"type\":\"string\",\"args\":[],\"defaultTo\":null,\"notNullable\":false,\"unsigned\":false},{\"name\":\"title_accent\",\"type\":\"string\",\"args\":[],\"defaultTo\":null,\"notNullable\":false,\"unsigned\":false},{\"name\":\"description\",\"type\":\"text\",\"args\":[\"longtext\"],\"defaultTo\":null,\"notNullable\":false,\"unsigned\":false},{\"name\":\"created_at\",\"type\":\"datetime\",\"args\":[{\"useTz\":false,\"precision\":6}],\"defaultTo\":null,\"notNullable\":false,\"unsigned\":false},{\"name\":\"updated_at\",\"type\":\"datetime\",\"args\":[{\"useTz\":false,\"precision\":6}],\"defaultTo\":null,\"notNullable\":false,\"unsigned\":false},{\"name\":\"published_at\",\"type\":\"datetime\",\"args\":[{\"useTz\":false,\"precision\":6}],\"defaultTo\":null,\"notNullable\":false,\"unsigned\":false},{\"name\":\"created_by_id\",\"type\":\"integer\",\"args\":[],\"defaultTo\":null,\"notNullable\":false,\"unsigned\":true},{\"name\":\"updated_by_id\",\"type\":\"integer\",\"args\":[],\"defaultTo\":null,\"notNullable\":false,\"unsigned\":true},{\"name\":\"locale\",\"type\":\"string\",\"args\":[],\"defaultTo\":null,\"notNullable\":false,\"unsigned\":false}]},{\"name\":\"page_service_sections_cmps\",\"indexes\":[{\"name\":\"page_service_sections_field_idx\",\"columns\":[\"field\"]},{\"name\":\"page_service_sections_component_type_idx\",\"columns\":[\"component_type\"]},{\"name\":\"page_service_sections_entity_fk\",\"columns\":[\"entity_id\"]},{\"name\":\"page_service_sections_uq\",\"columns\":[\"entity_id\",\"cmp_id\",\"field\",\"component_type\"],\"type\":\"unique\"}],\"foreignKeys\":[{\"name\":\"page_service_sections_entity_fk\",\"columns\":[\"entity_id\"],\"referencedColumns\":[\"id\"],\"referencedTable\":\"page_service_sections\",\"onDelete\":\"CASCADE\"}],\"columns\":[{\"name\":\"id\",\"type\":\"increments\",\"args\":[{\"primary\":true,\"primaryKey\":true}],\"defaultTo\":null,\"notNullable\":true,\"unsigned\":false},{\"name\":\"entity_id\",\"type\":\"integer\",\"args\":[],\"defaultTo\":null,\"notNullable\":false,\"unsigned\":true},{\"name\":\"cmp_id\",\"type\":\"integer\",\"args\":[],\"defaultTo\":null,\"notNullable\":false,\"unsigned\":true},{\"name\":\"component_type\",\"type\":\"string\",\"args\":[],\"defaultTo\":null,\"notNullable\":false,\"unsigned\":false},{\"name\":\"field\",\"type\":\"string\",\"args\":[],\"defaultTo\":null,\"notNullable\":false,\"unsigned\":false},{\"name\":\"order\",\"type\":\"double\",\"args\":[],\"defaultTo\":null,\"notNullable\":false,\"unsigned\":true}]},{\"name\":\"page_service_sections\",\"indexes\":[{\"name\":\"page_service_sections_documents_idx\",\"columns\":[\"document_id\",\"locale\",\"published_at\"]},{\"name\":\"page_service_sections_created_by_id_fk\",\"columns\":[\"created_by_id\"]},{\"name\":\"page_service_sections_updated_by_id_fk\",\"columns\":[\"updated_by_id\"]}],\"foreignKeys\":[{\"name\":\"page_service_sections_created_by_id_fk\",\"columns\":[\"created_by_id\"],\"referencedTable\":\"admin_users\",\"referencedColumns\":[\"id\"],\"onDelete\":\"SET NULL\"},{\"name\":\"page_service_sections_updated_by_id_fk\",\"columns\":[\"updated_by_id\"],\"referencedTable\":\"admin_users\",\"referencedColumns\":[\"id\"],\"onDelete\":\"SET NULL\"}],\"columns\":[{\"name\":\"id\",\"type\":\"increments\",\"args\":[{\"primary\":true,\"primaryKey\":true}],\"defaultTo\":null,\"notNullable\":true,\"unsigned\":false},{\"name\":\"document_id\",\"type\":\"string\",\"args\":[],\"defaultTo\":null,\"notNullable\":false,\"unsigned\":false},{\"name\":\"page_name\",\"type\":\"string\",\"args\":[],\"defaultTo\":null,\"notNullable\":false,\"unsigned\":false},{\"name\":\"title\",\"type\":\"string\",\"args\":[],\"defaultTo\":null,\"notNullable\":false,\"unsigned\":false},{\"name\":\"title_accent\",\"type\":\"string\",\"args\":[],\"defaultTo\":null,\"notNullable\":false,\"unsigned\":false},{\"name\":\"description\",\"type\":\"text\",\"args\":[\"longtext\"],\"defaultTo\":null,\"notNullable\":false,\"unsigned\":false},{\"name\":\"background_gradient\",\"type\":\"string\",\"args\":[],\"defaultTo\":null,\"notNullable\":false,\"unsigned\":false},{\"name\":\"show_special_service\",\"type\":\"boolean\",\"args\":[],\"defaultTo\":null,\"notNullable\":false,\"unsigned\":false},{\"name\":\"clickable_cards\",\"type\":\"boolean\",\"args\":[],\"defaultTo\":null,\"notNullable\":false,\"unsigned\":false},{\"name\":\"created_at\",\"type\":\"datetime\",\"args\":[{\"useTz\":false,\"precision\":6}],\"defaultTo\":null,\"notNullable\":false,\"unsigned\":false},{\"name\":\"updated_at\",\"type\":\"datetime\",\"args\":[{\"useTz\":false,\"precision\":6}],\"defaultTo\":null,\"notNullable\":false,\"unsigned\":false},{\"name\":\"published_at\",\"type\":\"datetime\",\"args\":[{\"useTz\":false,\"precision\":6}],\"defaultTo\":null,\"notNullable\":false,\"unsigned\":false},{\"name\":\"created_by_id\",\"type\":\"integer\",\"args\":[],\"defaultTo\":null,\"notNullable\":false,\"unsigned\":true},{\"name\":\"updated_by_id\",\"type\":\"integer\",\"args\":[],\"defaultTo\":null,\"notNullable\":false,\"unsigned\":true},{\"name\":\"locale\",\"type\":\"string\",\"args\":[],\"defaultTo\":null,\"notNullable\":false,\"unsigned\":false}]},{\"name\":\"services_cmps\",\"indexes\":[{\"name\":\"services_field_idx\",\"columns\":[\"field\"]},{\"name\":\"services_component_type_idx\",\"columns\":[\"component_type\"]},{\"name\":\"services_entity_fk\",\"columns\":[\"entity_id\"]},{\"name\":\"services_uq\",\"columns\":[\"entity_id\",\"cmp_id\",\"field\",\"component_type\"],\"type\":\"unique\"}],\"foreignKeys\":[{\"name\":\"services_entity_fk\",\"columns\":[\"entity_id\"],\"referencedColumns\":[\"id\"],\"referencedTable\":\"services\",\"onDelete\":\"CASCADE\"}],\"columns\":[{\"name\":\"id\",\"type\":\"increments\",\"args\":[{\"primary\":true,\"primaryKey\":true}],\"defaultTo\":null,\"notNullable\":true,\"unsigned\":false},{\"name\":\"entity_id\",\"type\":\"integer\",\"args\":[],\"defaultTo\":null,\"notNullable\":false,\"unsigned\":true},{\"name\":\"cmp_id\",\"type\":\"integer\",\"args\":[],\"defaultTo\":null,\"notNullable\":false,\"unsigned\":true},{\"name\":\"component_type\",\"type\":\"string\",\"args\":[],\"defaultTo\":null,\"notNullable\":false,\"unsigned\":false},{\"name\":\"field\",\"type\":\"string\",\"args\":[],\"defaultTo\":null,\"notNullable\":false,\"unsigned\":false},{\"name\":\"order\",\"type\":\"double\",\"args\":[],\"defaultTo\":null,\"notNullable\":false,\"unsigned\":true}]},{\"name\":\"services\",\"indexes\":[{\"name\":\"services_documents_idx\",\"columns\":[\"document_id\",\"locale\",\"published_at\"]},{\"name\":\"services_created_by_id_fk\",\"columns\":[\"created_by_id\"]},{\"name\":\"services_updated_by_id_fk\",\"columns\":[\"updated_by_id\"]}],\"foreignKeys\":[{\"name\":\"services_created_by_id_fk\",\"columns\":[\"created_by_id\"],\"referencedTable\":\"admin_users\",\"referencedColumns\":[\"id\"],\"onDelete\":\"SET NULL\"},{\"name\":\"services_updated_by_id_fk\",\"columns\":[\"updated_by_id\"],\"referencedTable\":\"admin_users\",\"referencedColumns\":[\"id\"],\"onDelete\":\"SET NULL\"}],\"columns\":[{\"name\":\"id\",\"type\":\"increments\",\"args\":[{\"primary\":true,\"primaryKey\":true}],\"defaultTo\":null,\"notNullable\":true,\"unsigned\":false},{\"name\":\"document_id\",\"type\":\"string\",\"args\":[],\"defaultTo\":null,\"notNullable\":false,\"unsigned\":false},{\"name\":\"title\",\"type\":\"string\",\"args\":[],\"defaultTo\":null,\"notNullable\":false,\"unsigned\":false},{\"name\":\"title_accent\",\"type\":\"string\",\"args\":[],\"defaultTo\":null,\"notNullable\":false,\"unsigned\":false},{\"name\":\"description\",\"type\":\"text\",\"args\":[\"longtext\"],\"defaultTo\":null,\"notNullable\":false,\"unsigned\":false},{\"name\":\"image_alt\",\"type\":\"string\",\"args\":[],\"defaultTo\":null,\"notNullable\":false,\"unsigned\":false},{\"name\":\"button_text\",\"type\":\"string\",\"args\":[],\"defaultTo\":null,\"notNullable\":false,\"unsigned\":false},{\"name\":\"button_href\",\"type\":\"string\",\"args\":[],\"defaultTo\":null,\"notNullable\":false,\"unsigned\":false},{\"name\":\"service_key\",\"type\":\"string\",\"args\":[],\"defaultTo\":null,\"notNullable\":false,\"unsigned\":false},{\"name\":\"created_at\",\"type\":\"datetime\",\"args\":[{\"useTz\":false,\"precision\":6}],\"defaultTo\":null,\"notNullable\":false,\"unsigned\":false},{\"name\":\"updated_at\",\"type\":\"datetime\",\"args\":[{\"useTz\":false,\"precision\":6}],\"defaultTo\":null,\"notNullable\":false,\"unsigned\":false},{\"name\":\"published_at\",\"type\":\"datetime\",\"args\":[{\"useTz\":false,\"precision\":6}],\"defaultTo\":null,\"notNullable\":false,\"unsigned\":false},{\"name\":\"created_by_id\",\"type\":\"integer\",\"args\":[],\"defaultTo\":null,\"notNullable\":false,\"unsigned\":true},{\"name\":\"updated_by_id\",\"type\":\"integer\",\"args\":[],\"defaultTo\":null,\"notNullable\":false,\"unsigned\":true},{\"name\":\"locale\",\"type\":\"string\",\"args\":[],\"defaultTo\":null,\"notNullable\":false,\"unsigned\":false}]},{\"name\":\"service_details_cmps\",\"indexes\":[{\"name\":\"service_details_field_idx\",\"columns\":[\"field\"]},{\"name\":\"service_details_component_type_idx\",\"columns\":[\"component_type\"]},{\"name\":\"service_details_entity_fk\",\"columns\":[\"entity_id\"]},{\"name\":\"service_details_uq\",\"columns\":[\"entity_id\",\"cmp_id\",\"field\",\"component_type\"],\"type\":\"unique\"}],\"foreignKeys\":[{\"name\":\"service_details_entity_fk\",\"columns\":[\"entity_id\"],\"referencedColumns\":[\"id\"],\"referencedTable\":\"service_details\",\"onDelete\":\"CASCADE\"}],\"columns\":[{\"name\":\"id\",\"type\":\"increments\",\"args\":[{\"primary\":true,\"primaryKey\":true}],\"defaultTo\":null,\"notNullable\":true,\"unsigned\":false},{\"name\":\"entity_id\",\"type\":\"integer\",\"args\":[],\"defaultTo\":null,\"notNullable\":false,\"unsigned\":true},{\"name\":\"cmp_id\",\"type\":\"integer\",\"args\":[],\"defaultTo\":null,\"notNullable\":false,\"unsigned\":true},{\"name\":\"component_type\",\"type\":\"string\",\"args\":[],\"defaultTo\":null,\"notNullable\":false,\"unsigned\":false},{\"name\":\"field\",\"type\":\"string\",\"args\":[],\"defaultTo\":null,\"notNullable\":false,\"unsigned\":false},{\"name\":\"order\",\"type\":\"double\",\"args\":[],\"defaultTo\":null,\"notNullable\":false,\"unsigned\":true}]},{\"name\":\"service_details\",\"indexes\":[{\"name\":\"service_details_documents_idx\",\"columns\":[\"document_id\",\"locale\",\"published_at\"]},{\"name\":\"service_details_created_by_id_fk\",\"columns\":[\"created_by_id\"]},{\"name\":\"service_details_updated_by_id_fk\",\"columns\":[\"updated_by_id\"]}],\"foreignKeys\":[{\"name\":\"service_details_created_by_id_fk\",\"columns\":[\"created_by_id\"],\"referencedTable\":\"admin_users\",\"referencedColumns\":[\"id\"],\"onDelete\":\"SET NULL\"},{\"name\":\"service_details_updated_by_id_fk\",\"columns\":[\"updated_by_id\"],\"referencedTable\":\"admin_users\",\"referencedColumns\":[\"id\"],\"onDelete\":\"SET NULL\"}],\"columns\":[{\"name\":\"id\",\"type\":\"increments\",\"args\":[{\"primary\":true,\"primaryKey\":true}],\"defaultTo\":null,\"notNullable\":true,\"unsigned\":false},{\"name\":\"document_id\",\"type\":\"string\",\"args\":[],\"defaultTo\":null,\"notNullable\":false,\"unsigned\":false},{\"name\":\"overview\",\"type\":\"text\",\"args\":[\"longtext\"],\"defaultTo\":null,\"notNullable\":false,\"unsigned\":false},{\"name\":\"cta_title\",\"type\":\"string\",\"args\":[],\"defaultTo\":null,\"notNullable\":false,\"unsigned\":false},{\"name\":\"cta_title_accent\",\"type\":\"string\",\"args\":[],\"defaultTo\":null,\"notNullable\":false,\"unsigned\":false},{\"name\":\"cta_button_text\",\"type\":\"string\",\"args\":[],\"defaultTo\":null,\"notNullable\":false,\"unsigned\":false},{\"name\":\"created_at\",\"type\":\"datetime\",\"args\":[{\"useTz\":false,\"precision\":6}],\"defaultTo\":null,\"notNullable\":false,\"unsigned\":false},{\"name\":\"updated_at\",\"type\":\"datetime\",\"args\":[{\"useTz\":false,\"precision\":6}],\"defaultTo\":null,\"notNullable\":false,\"unsigned\":false},{\"name\":\"published_at\",\"type\":\"datetime\",\"args\":[{\"useTz\":false,\"precision\":6}],\"defaultTo\":null,\"notNullable\":false,\"unsigned\":false},{\"name\":\"created_by_id\",\"type\":\"integer\",\"args\":[],\"defaultTo\":null,\"notNullable\":false,\"unsigned\":true},{\"name\":\"updated_by_id\",\"type\":\"integer\",\"args\":[],\"defaultTo\":null,\"notNullable\":false,\"unsigned\":true},{\"name\":\"locale\",\"type\":\"string\",\"args\":[],\"defaultTo\":null,\"notNullable\":false,\"unsigned\":false}]},{\"name\":\"team_members\",\"indexes\":[{\"name\":\"team_members_documents_idx\",\"columns\":[\"document_id\",\"locale\",\"published_at\"]},{\"name\":\"team_members_created_by_id_fk\",\"columns\":[\"created_by_id\"]},{\"name\":\"team_members_updated_by_id_fk\",\"columns\":[\"updated_by_id\"]}],\"foreignKeys\":[{\"name\":\"team_members_created_by_id_fk\",\"columns\":[\"created_by_id\"],\"referencedTable\":\"admin_users\",\"referencedColumns\":[\"id\"],\"onDelete\":\"SET NULL\"},{\"name\":\"team_members_updated_by_id_fk\",\"columns\":[\"updated_by_id\"],\"referencedTable\":\"admin_users\",\"referencedColumns\":[\"id\"],\"onDelete\":\"SET NULL\"}],\"columns\":[{\"name\":\"id\",\"type\":\"increments\",\"args\":[{\"primary\":true,\"primaryKey\":true}],\"defaultTo\":null,\"notNullable\":true,\"unsigned\":false},{\"name\":\"document_id\",\"type\":\"string\",\"args\":[],\"defaultTo\":null,\"notNullable\":false,\"unsigned\":false},{\"name\":\"name\",\"type\":\"string\",\"args\":[],\"defaultTo\":null,\"notNullable\":false,\"unsigned\":false},{\"name\":\"description\",\"type\":\"text\",\"args\":[\"longtext\"],\"defaultTo\":null,\"notNullable\":false,\"unsigned\":false},{\"name\":\"alt\",\"type\":\"string\",\"args\":[],\"defaultTo\":null,\"notNullable\":false,\"unsigned\":false},{\"name\":\"position\",\"type\":\"string\",\"args\":[],\"defaultTo\":null,\"notNullable\":false,\"unsigned\":false},{\"name\":\"created_at\",\"type\":\"datetime\",\"args\":[{\"useTz\":false,\"precision\":6}],\"defaultTo\":null,\"notNullable\":false,\"unsigned\":false},{\"name\":\"updated_at\",\"type\":\"datetime\",\"args\":[{\"useTz\":false,\"precision\":6}],\"defaultTo\":null,\"notNullable\":false,\"unsigned\":false},{\"name\":\"published_at\",\"type\":\"datetime\",\"args\":[{\"useTz\":false,\"precision\":6}],\"defaultTo\":null,\"notNullable\":false,\"unsigned\":false},{\"name\":\"created_by_id\",\"type\":\"integer\",\"args\":[],\"defaultTo\":null,\"notNullable\":false,\"unsigned\":true},{\"name\":\"updated_by_id\",\"type\":\"integer\",\"args\":[],\"defaultTo\":null,\"notNullable\":false,\"unsigned\":true},{\"name\":\"locale\",\"type\":\"string\",\"args\":[],\"defaultTo\":null,\"notNullable\":false,\"unsigned\":false}]},{\"name\":\"admin_permissions\",\"indexes\":[{\"name\":\"admin_permissions_documents_idx\",\"columns\":[\"document_id\",\"locale\",\"published_at\"]},{\"name\":\"admin_permissions_created_by_id_fk\",\"columns\":[\"created_by_id\"]},{\"name\":\"admin_permissions_updated_by_id_fk\",\"columns\":[\"updated_by_id\"]}],\"foreignKeys\":[{\"name\":\"admin_permissions_created_by_id_fk\",\"columns\":[\"created_by_id\"],\"referencedTable\":\"admin_users\",\"referencedColumns\":[\"id\"],\"onDelete\":\"SET NULL\"},{\"name\":\"admin_permissions_updated_by_id_fk\",\"columns\":[\"updated_by_id\"],\"referencedTable\":\"admin_users\",\"referencedColumns\":[\"id\"],\"onDelete\":\"SET NULL\"}],\"columns\":[{\"name\":\"id\",\"type\":\"increments\",\"args\":[{\"primary\":true,\"primaryKey\":true}],\"defaultTo\":null,\"notNullable\":true,\"unsigned\":false},{\"name\":\"document_id\",\"type\":\"string\",\"args\":[],\"defaultTo\":null,\"notNullable\":false,\"unsigned\":false},{\"name\":\"action\",\"type\":\"string\",\"args\":[],\"defaultTo\":null,\"notNullable\":false,\"unsigned\":false},{\"name\":\"action_parameters\",\"type\":\"jsonb\",\"args\":[],\"defaultTo\":null,\"notNullable\":false,\"unsigned\":false},{\"name\":\"subject\",\"type\":\"string\",\"args\":[],\"defaultTo\":null,\"notNullable\":false,\"unsigned\":false},{\"name\":\"properties\",\"type\":\"jsonb\",\"args\":[],\"defaultTo\":null,\"notNullable\":false,\"unsigned\":false},{\"name\":\"conditions\",\"type\":\"jsonb\",\"args\":[],\"defaultTo\":null,\"notNullable\":false,\"unsigned\":false},{\"name\":\"created_at\",\"type\":\"datetime\",\"args\":[{\"useTz\":false,\"precision\":6}],\"defaultTo\":null,\"notNullable\":false,\"unsigned\":false},{\"name\":\"updated_at\",\"type\":\"datetime\",\"args\":[{\"useTz\":false,\"precision\":6}],\"defaultTo\":null,\"notNullable\":false,\"unsigned\":false},{\"name\":\"published_at\",\"type\":\"datetime\",\"args\":[{\"useTz\":false,\"precision\":6}],\"defaultTo\":null,\"notNullable\":false,\"unsigned\":false},{\"name\":\"created_by_id\",\"type\":\"integer\",\"args\":[],\"defaultTo\":null,\"notNullable\":false,\"unsigned\":true},{\"name\":\"updated_by_id\",\"type\":\"integer\",\"args\":[],\"defaultTo\":null,\"notNullable\":false,\"unsigned\":true},{\"name\":\"locale\",\"type\":\"string\",\"args\":[],\"defaultTo\":null,\"notNullable\":false,\"unsigned\":false}]},{\"name\":\"admin_users\",\"indexes\":[{\"name\":\"admin_users_documents_idx\",\"columns\":[\"document_id\",\"locale\",\"published_at\"]},{\"name\":\"admin_users_created_by_id_fk\",\"columns\":[\"created_by_id\"]},{\"name\":\"admin_users_updated_by_id_fk\",\"columns\":[\"updated_by_id\"]}],\"foreignKeys\":[{\"name\":\"admin_users_created_by_id_fk\",\"columns\":[\"created_by_id\"],\"referencedTable\":\"admin_users\",\"referencedColumns\":[\"id\"],\"onDelete\":\"SET NULL\"},{\"name\":\"admin_users_updated_by_id_fk\",\"columns\":[\"updated_by_id\"],\"referencedTable\":\"admin_users\",\"referencedColumns\":[\"id\"],\"onDelete\":\"SET NULL\"}],\"columns\":[{\"name\":\"id\",\"type\":\"increments\",\"args\":[{\"primary\":true,\"primaryKey\":true}],\"defaultTo\":null,\"notNullable\":true,\"unsigned\":false},{\"name\":\"document_id\",\"type\":\"string\",\"args\":[],\"defaultTo\":null,\"notNullable\":false,\"unsigned\":false},{\"name\":\"firstname\",\"type\":\"string\",\"args\":[],\"defaultTo\":null,\"notNullable\":false,\"unsigned\":false},{\"name\":\"lastname\",\"type\":\"string\",\"args\":[],\"defaultTo\":null,\"notNullable\":false,\"unsigned\":false},{\"name\":\"username\",\"type\":\"string\",\"args\":[],\"defaultTo\":null,\"notNullable\":false,\"unsigned\":false},{\"name\":\"email\",\"type\":\"string\",\"args\":[],\"defaultTo\":null,\"notNullable\":false,\"unsigned\":false},{\"name\":\"password\",\"type\":\"string\",\"args\":[],\"defaultTo\":null,\"notNullable\":false,\"unsigned\":false},{\"name\":\"reset_password_token\",\"type\":\"string\",\"args\":[],\"defaultTo\":null,\"notNullable\":false,\"unsigned\":false},{\"name\":\"registration_token\",\"type\":\"string\",\"args\":[],\"defaultTo\":null,\"notNullable\":false,\"unsigned\":false},{\"name\":\"is_active\",\"type\":\"boolean\",\"args\":[],\"defaultTo\":null,\"notNullable\":false,\"unsigned\":false},{\"name\":\"blocked\",\"type\":\"boolean\",\"args\":[],\"defaultTo\":null,\"notNullable\":false,\"unsigned\":false},{\"name\":\"prefered_language\",\"type\":\"string\",\"args\":[],\"defaultTo\":null,\"notNullable\":false,\"unsigned\":false},{\"name\":\"created_at\",\"type\":\"datetime\",\"args\":[{\"useTz\":false,\"precision\":6}],\"defaultTo\":null,\"notNullable\":false,\"unsigned\":false},{\"name\":\"updated_at\",\"type\":\"datetime\",\"args\":[{\"useTz\":false,\"precision\":6}],\"defaultTo\":null,\"notNullable\":false,\"unsigned\":false},{\"name\":\"published_at\",\"type\":\"datetime\",\"args\":[{\"useTz\":false,\"precision\":6}],\"defaultTo\":null,\"notNullable\":false,\"unsigned\":false},{\"name\":\"created_by_id\",\"type\":\"integer\",\"args\":[],\"defaultTo\":null,\"notNullable\":false,\"unsigned\":true},{\"name\":\"updated_by_id\",\"type\":\"integer\",\"args\":[],\"defaultTo\":null,\"notNullable\":false,\"unsigned\":true},{\"name\":\"locale\",\"type\":\"string\",\"args\":[],\"defaultTo\":null,\"notNullable\":false,\"unsigned\":false}]},{\"name\":\"admin_roles\",\"indexes\":[{\"name\":\"admin_roles_documents_idx\",\"columns\":[\"document_id\",\"locale\",\"published_at\"]},{\"name\":\"admin_roles_created_by_id_fk\",\"columns\":[\"created_by_id\"]},{\"name\":\"admin_roles_updated_by_id_fk\",\"columns\":[\"updated_by_id\"]}],\"foreignKeys\":[{\"name\":\"admin_roles_created_by_id_fk\",\"columns\":[\"created_by_id\"],\"referencedTable\":\"admin_users\",\"referencedColumns\":[\"id\"],\"onDelete\":\"SET NULL\"},{\"name\":\"admin_roles_updated_by_id_fk\",\"columns\":[\"updated_by_id\"],\"referencedTable\":\"admin_users\",\"referencedColumns\":[\"id\"],\"onDelete\":\"SET NULL\"}],\"columns\":[{\"name\":\"id\",\"type\":\"increments\",\"args\":[{\"primary\":true,\"primaryKey\":true}],\"defaultTo\":null,\"notNullable\":true,\"unsigned\":false},{\"name\":\"document_id\",\"type\":\"string\",\"args\":[],\"defaultTo\":null,\"notNullable\":false,\"unsigned\":false},{\"name\":\"name\",\"type\":\"string\",\"args\":[],\"defaultTo\":null,\"notNullable\":false,\"unsigned\":false},{\"name\":\"code\",\"type\":\"string\",\"args\":[],\"defaultTo\":null,\"notNullable\":false,\"unsigned\":false},{\"name\":\"description\",\"type\":\"string\",\"args\":[],\"defaultTo\":null,\"notNullable\":false,\"unsigned\":false},{\"name\":\"created_at\",\"type\":\"datetime\",\"args\":[{\"useTz\":false,\"precision\":6}],\"defaultTo\":null,\"notNullable\":false,\"unsigned\":false},{\"name\":\"updated_at\",\"type\":\"datetime\",\"args\":[{\"useTz\":false,\"precision\":6}],\"defaultTo\":null,\"notNullable\":false,\"unsigned\":false},{\"name\":\"published_at\",\"type\":\"datetime\",\"args\":[{\"useTz\":false,\"precision\":6}],\"defaultTo\":null,\"notNullable\":false,\"unsigned\":false},{\"name\":\"created_by_id\",\"type\":\"integer\",\"args\":[],\"defaultTo\":null,\"notNullable\":false,\"unsigned\":true},{\"name\":\"updated_by_id\",\"type\":\"integer\",\"args\":[],\"defaultTo\":null,\"notNullable\":false,\"unsigned\":true},{\"name\":\"locale\",\"type\":\"string\",\"args\":[],\"defaultTo\":null,\"notNullable\":false,\"unsigned\":false}]},{\"name\":\"strapi_api_tokens\",\"indexes\":[{\"name\":\"strapi_api_tokens_documents_idx\",\"columns\":[\"document_id\",\"locale\",\"published_at\"]},{\"name\":\"strapi_api_tokens_created_by_id_fk\",\"columns\":[\"created_by_id\"]},{\"name\":\"strapi_api_tokens_updated_by_id_fk\",\"columns\":[\"updated_by_id\"]}],\"foreignKeys\":[{\"name\":\"strapi_api_tokens_created_by_id_fk\",\"columns\":[\"created_by_id\"],\"referencedTable\":\"admin_users\",\"referencedColumns\":[\"id\"],\"onDelete\":\"SET NULL\"},{\"name\":\"strapi_api_tokens_updated_by_id_fk\",\"columns\":[\"updated_by_id\"],\"referencedTable\":\"admin_users\",\"referencedColumns\":[\"id\"],\"onDelete\":\"SET NULL\"}],\"columns\":[{\"name\":\"id\",\"type\":\"increments\",\"args\":[{\"primary\":true,\"primaryKey\":true}],\"defaultTo\":null,\"notNullable\":true,\"unsigned\":false},{\"name\":\"document_id\",\"type\":\"string\",\"args\":[],\"defaultTo\":null,\"notNullable\":false,\"unsigned\":false},{\"name\":\"name\",\"type\":\"string\",\"args\":[],\"defaultTo\":null,\"notNullable\":false,\"unsigned\":false},{\"name\":\"description\",\"type\":\"string\",\"args\":[],\"defaultTo\":null,\"notNullable\":false,\"unsigned\":false},{\"name\":\"type\",\"type\":\"string\",\"args\":[],\"defaultTo\":null,\"notNullable\":false,\"unsigned\":false},{\"name\":\"access_key\",\"type\":\"string\",\"args\":[],\"defaultTo\":null,\"notNullable\":false,\"unsigned\":false},{\"name\":\"encrypted_key\",\"type\":\"text\",\"args\":[\"longtext\"],\"defaultTo\":null,\"notNullable\":false,\"unsigned\":false},{\"name\":\"last_used_at\",\"type\":\"datetime\",\"args\":[{\"useTz\":false,\"precision\":6}],\"defaultTo\":null,\"notNullable\":false,\"unsigned\":false},{\"name\":\"expires_at\",\"type\":\"datetime\",\"args\":[{\"useTz\":false,\"precision\":6}],\"defaultTo\":null,\"notNullable\":false,\"unsigned\":false},{\"name\":\"lifespan\",\"type\":\"bigInteger\",\"args\":[],\"defaultTo\":null,\"notNullable\":false,\"unsigned\":false},{\"name\":\"created_at\",\"type\":\"datetime\",\"args\":[{\"useTz\":false,\"precision\":6}],\"defaultTo\":null,\"notNullable\":false,\"unsigned\":false},{\"name\":\"updated_at\",\"type\":\"datetime\",\"args\":[{\"useTz\":false,\"precision\":6}],\"defaultTo\":null,\"notNullable\":false,\"unsigned\":false},{\"name\":\"published_at\",\"type\":\"datetime\",\"args\":[{\"useTz\":false,\"precision\":6}],\"defaultTo\":null,\"notNullable\":false,\"unsigned\":false},{\"name\":\"created_by_id\",\"type\":\"integer\",\"args\":[],\"defaultTo\":null,\"notNullable\":false,\"unsigned\":true},{\"name\":\"updated_by_id\",\"type\":\"integer\",\"args\":[],\"defaultTo\":null,\"notNullable\":false,\"unsigned\":true},{\"name\":\"locale\",\"type\":\"string\",\"args\":[],\"defaultTo\":null,\"notNullable\":false,\"unsigned\":false}]},{\"name\":\"strapi_api_token_permissions\",\"indexes\":[{\"name\":\"strapi_api_token_permissions_documents_idx\",\"columns\":[\"document_id\",\"locale\",\"published_at\"]},{\"name\":\"strapi_api_token_permissions_created_by_id_fk\",\"columns\":[\"created_by_id\"]},{\"name\":\"strapi_api_token_permissions_updated_by_id_fk\",\"columns\":[\"updated_by_id\"]}],\"foreignKeys\":[{\"name\":\"strapi_api_token_permissions_created_by_id_fk\",\"columns\":[\"created_by_id\"],\"referencedTable\":\"admin_users\",\"referencedColumns\":[\"id\"],\"onDelete\":\"SET NULL\"},{\"name\":\"strapi_api_token_permissions_updated_by_id_fk\",\"columns\":[\"updated_by_id\"],\"referencedTable\":\"admin_users\",\"referencedColumns\":[\"id\"],\"onDelete\":\"SET NULL\"}],\"columns\":[{\"name\":\"id\",\"type\":\"increments\",\"args\":[{\"primary\":true,\"primaryKey\":true}],\"defaultTo\":null,\"notNullable\":true,\"unsigned\":false},{\"name\":\"document_id\",\"type\":\"string\",\"args\":[],\"defaultTo\":null,\"notNullable\":false,\"unsigned\":false},{\"name\":\"action\",\"type\":\"string\",\"args\":[],\"defaultTo\":null,\"notNullable\":false,\"unsigned\":false},{\"name\":\"created_at\",\"type\":\"datetime\",\"args\":[{\"useTz\":false,\"precision\":6}],\"defaultTo\":null,\"notNullable\":false,\"unsigned\":false},{\"name\":\"updated_at\",\"type\":\"datetime\",\"args\":[{\"useTz\":false,\"precision\":6}],\"defaultTo\":null,\"notNullable\":false,\"unsigned\":false},{\"name\":\"published_at\",\"type\":\"datetime\",\"args\":[{\"useTz\":false,\"precision\":6}],\"defaultTo\":null,\"notNullable\":false,\"unsigned\":false},{\"name\":\"created_by_id\",\"type\":\"integer\",\"args\":[],\"defaultTo\":null,\"notNullable\":false,\"unsigned\":true},{\"name\":\"updated_by_id\",\"type\":\"integer\",\"args\":[],\"defaultTo\":null,\"notNullable\":false,\"unsigned\":true},{\"name\":\"locale\",\"type\":\"string\",\"args\":[],\"defaultTo\":null,\"notNullable\":false,\"unsigned\":false}]},{\"name\":\"strapi_transfer_tokens\",\"indexes\":[{\"name\":\"strapi_transfer_tokens_documents_idx\",\"columns\":[\"document_id\",\"locale\",\"published_at\"]},{\"name\":\"strapi_transfer_tokens_created_by_id_fk\",\"columns\":[\"created_by_id\"]},{\"name\":\"strapi_transfer_tokens_updated_by_id_fk\",\"columns\":[\"updated_by_id\"]}],\"foreignKeys\":[{\"name\":\"strapi_transfer_tokens_created_by_id_fk\",\"columns\":[\"created_by_id\"],\"referencedTable\":\"admin_users\",\"referencedColumns\":[\"id\"],\"onDelete\":\"SET NULL\"},{\"name\":\"strapi_transfer_tokens_updated_by_id_fk\",\"columns\":[\"updated_by_id\"],\"referencedTable\":\"admin_users\",\"referencedColumns\":[\"id\"],\"onDelete\":\"SET NULL\"}],\"columns\":[{\"name\":\"id\",\"type\":\"increments\",\"args\":[{\"primary\":true,\"primaryKey\":true}],\"defaultTo\":null,\"notNullable\":true,\"unsigned\":false},{\"name\":\"document_id\",\"type\":\"string\",\"args\":[],\"defaultTo\":null,\"notNullable\":false,\"unsigned\":false},{\"name\":\"name\",\"type\":\"string\",\"args\":[],\"defaultTo\":null,\"notNullable\":false,\"unsigned\":false},{\"name\":\"description\",\"type\":\"string\",\"args\":[],\"defaultTo\":null,\"notNullable\":false,\"unsigned\":false},{\"name\":\"access_key\",\"type\":\"string\",\"args\":[],\"defaultTo\":null,\"notNullable\":false,\"unsigned\":false},{\"name\":\"last_used_at\",\"type\":\"datetime\",\"args\":[{\"useTz\":false,\"precision\":6}],\"defaultTo\":null,\"notNullable\":false,\"unsigned\":false},{\"name\":\"expires_at\",\"type\":\"datetime\",\"args\":[{\"useTz\":false,\"precision\":6}],\"defaultTo\":null,\"notNullable\":false,\"unsigned\":false},{\"name\":\"lifespan\",\"type\":\"bigInteger\",\"args\":[],\"defaultTo\":null,\"notNullable\":false,\"unsigned\":false},{\"name\":\"created_at\",\"type\":\"datetime\",\"args\":[{\"useTz\":false,\"precision\":6}],\"defaultTo\":null,\"notNullable\":false,\"unsigned\":false},{\"name\":\"updated_at\",\"type\":\"datetime\",\"args\":[{\"useTz\":false,\"precision\":6}],\"defaultTo\":null,\"notNullable\":false,\"unsigned\":false},{\"name\":\"published_at\",\"type\":\"datetime\",\"args\":[{\"useTz\":false,\"precision\":6}],\"defaultTo\":null,\"notNullable\":false,\"unsigned\":false},{\"name\":\"created_by_id\",\"type\":\"integer\",\"args\":[],\"defaultTo\":null,\"notNullable\":false,\"unsigned\":true},{\"name\":\"updated_by_id\",\"type\":\"integer\",\"args\":[],\"defaultTo\":null,\"notNullable\":false,\"unsigned\":true},{\"name\":\"locale\",\"type\":\"string\",\"args\":[],\"defaultTo\":null,\"notNullable\":false,\"unsigned\":false}]},{\"name\":\"strapi_transfer_token_permissions\",\"indexes\":[{\"name\":\"strapi_transfer_token_permissions_documents_idx\",\"columns\":[\"document_id\",\"locale\",\"published_at\"]},{\"name\":\"strapi_transfer_token_permissions_created_by_id_fk\",\"columns\":[\"created_by_id\"]},{\"name\":\"strapi_transfer_token_permissions_updated_by_id_fk\",\"columns\":[\"updated_by_id\"]}],\"foreignKeys\":[{\"name\":\"strapi_transfer_token_permissions_created_by_id_fk\",\"columns\":[\"created_by_id\"],\"referencedTable\":\"admin_users\",\"referencedColumns\":[\"id\"],\"onDelete\":\"SET NULL\"},{\"name\":\"strapi_transfer_token_permissions_updated_by_id_fk\",\"columns\":[\"updated_by_id\"],\"referencedTable\":\"admin_users\",\"referencedColumns\":[\"id\"],\"onDelete\":\"SET NULL\"}],\"columns\":[{\"name\":\"id\",\"type\":\"increments\",\"args\":[{\"primary\":true,\"primaryKey\":true}],\"defaultTo\":null,\"notNullable\":true,\"unsigned\":false},{\"name\":\"document_id\",\"type\":\"string\",\"args\":[],\"defaultTo\":null,\"notNullable\":false,\"unsigned\":false},{\"name\":\"action\",\"type\":\"string\",\"args\":[],\"defaultTo\":null,\"notNullable\":false,\"unsigned\":false},{\"name\":\"created_at\",\"type\":\"datetime\",\"args\":[{\"useTz\":false,\"precision\":6}],\"defaultTo\":null,\"notNullable\":false,\"unsigned\":false},{\"name\":\"updated_at\",\"type\":\"datetime\",\"args\":[{\"useTz\":false,\"precision\":6}],\"defaultTo\":null,\"notNullable\":false,\"unsigned\":false},{\"name\":\"published_at\",\"type\":\"datetime\",\"args\":[{\"useTz\":false,\"precision\":6}],\"defaultTo\":null,\"notNullable\":false,\"unsigned\":false},{\"name\":\"created_by_id\",\"type\":\"integer\",\"args\":[],\"defaultTo\":null,\"notNullable\":false,\"unsigned\":true},{\"name\":\"updated_by_id\",\"type\":\"integer\",\"args\":[],\"defaultTo\":null,\"notNullable\":false,\"unsigned\":true},{\"name\":\"locale\",\"type\":\"string\",\"args\":[],\"defaultTo\":null,\"notNullable\":false,\"unsigned\":false}]},{\"name\":\"components_services_services\",\"indexes\":[],\"foreignKeys\":[],\"columns\":[{\"name\":\"id\",\"type\":\"increments\",\"args\":[{\"primary\":true,\"primaryKey\":true}],\"defaultTo\":null,\"notNullable\":true,\"unsigned\":false},{\"name\":\"title\",\"type\":\"string\",\"args\":[],\"defaultTo\":null,\"notNullable\":false,\"unsigned\":false},{\"name\":\"title_accent\",\"type\":\"string\",\"args\":[],\"defaultTo\":null,\"notNullable\":false,\"unsigned\":false},{\"name\":\"description\",\"type\":\"text\",\"args\":[\"longtext\"],\"defaultTo\":null,\"notNullable\":false,\"unsigned\":false},{\"name\":\"image_alt\",\"type\":\"string\",\"args\":[],\"defaultTo\":null,\"notNullable\":false,\"unsigned\":false},{\"name\":\"button_text\",\"type\":\"string\",\"args\":[],\"defaultTo\":null,\"notNullable\":false,\"unsigned\":false},{\"name\":\"button_href\",\"type\":\"string\",\"args\":[],\"defaultTo\":null,\"notNullable\":false,\"unsigned\":false}]},{\"name\":\"components_service_detail_process_steps\",\"indexes\":[],\"foreignKeys\":[],\"columns\":[{\"name\":\"id\",\"type\":\"increments\",\"args\":[{\"primary\":true,\"primaryKey\":true}],\"defaultTo\":null,\"notNullable\":true,\"unsigned\":false},{\"name\":\"step\",\"type\":\"integer\",\"args\":[],\"defaultTo\":null,\"notNullable\":false,\"unsigned\":false},{\"name\":\"title\",\"type\":\"string\",\"args\":[],\"defaultTo\":null,\"notNullable\":false,\"unsigned\":false},{\"name\":\"description\",\"type\":\"text\",\"args\":[\"longtext\"],\"defaultTo\":null,\"notNullable\":false,\"unsigned\":false},{\"name\":\"icon_name\",\"type\":\"string\",\"args\":[],\"defaultTo\":null,\"notNullable\":false,\"unsigned\":false}]},{\"name\":\"components_service_detail_features\",\"indexes\":[],\"foreignKeys\":[],\"columns\":[{\"name\":\"id\",\"type\":\"increments\",\"args\":[{\"primary\":true,\"primaryKey\":true}],\"defaultTo\":null,\"notNullable\":true,\"unsigned\":false},{\"name\":\"title\",\"type\":\"string\",\"args\":[],\"defaultTo\":null,\"notNullable\":false,\"unsigned\":false},{\"name\":\"description\",\"type\":\"text\",\"args\":[\"longtext\"],\"defaultTo\":null,\"notNullable\":false,\"unsigned\":false},{\"name\":\"icon_name\",\"type\":\"string\",\"args\":[],\"defaultTo\":null,\"notNullable\":false,\"unsigned\":false}]},{\"name\":\"components_service_detail_benefits\",\"indexes\":[],\"foreignKeys\":[],\"columns\":[{\"name\":\"id\",\"type\":\"increments\",\"args\":[{\"primary\":true,\"primaryKey\":true}],\"defaultTo\":null,\"notNullable\":true,\"unsigned\":false},{\"name\":\"text\",\"type\":\"string\",\"args\":[],\"defaultTo\":null,\"notNullable\":false,\"unsigned\":false}]},{\"name\":\"components_service_sub_services\",\"indexes\":[],\"foreignKeys\":[],\"columns\":[{\"name\":\"id\",\"type\":\"increments\",\"args\":[{\"primary\":true,\"primaryKey\":true}],\"defaultTo\":null,\"notNullable\":true,\"unsigned\":false},{\"name\":\"title\",\"type\":\"string\",\"args\":[],\"defaultTo\":null,\"notNullable\":false,\"unsigned\":false},{\"name\":\"background_color\",\"type\":\"string\",\"args\":[],\"defaultTo\":null,\"notNullable\":false,\"unsigned\":false},{\"name\":\"href\",\"type\":\"string\",\"args\":[],\"defaultTo\":null,\"notNullable\":false,\"unsigned\":false}]},{\"name\":\"components_links_nav_links\",\"indexes\":[],\"foreignKeys\":[],\"columns\":[{\"name\":\"id\",\"type\":\"increments\",\"args\":[{\"primary\":true,\"primaryKey\":true}],\"defaultTo\":null,\"notNullable\":true,\"unsigned\":false},{\"name\":\"label\",\"type\":\"string\",\"args\":[],\"defaultTo\":null,\"notNullable\":false,\"unsigned\":false},{\"name\":\"url\",\"type\":\"string\",\"args\":[],\"defaultTo\":null,\"notNullable\":false,\"unsigned\":false},{\"name\":\"order\",\"type\":\"integer\",\"args\":[],\"defaultTo\":null,\"notNullable\":false,\"unsigned\":false}]},{\"name\":\"components_hero_buttons_hero_buttons\",\"indexes\":[],\"foreignKeys\":[],\"columns\":[{\"name\":\"id\",\"type\":\"increments\",\"args\":[{\"primary\":true,\"primaryKey\":true}],\"defaultTo\":null,\"notNullable\":true,\"unsigned\":false},{\"name\":\"text\",\"type\":\"string\",\"args\":[],\"defaultTo\":null,\"notNullable\":false,\"unsigned\":false},{\"name\":\"href\",\"type\":\"string\",\"args\":[],\"defaultTo\":null,\"notNullable\":false,\"unsigned\":false},{\"name\":\"options\",\"type\":\"string\",\"args\":[],\"defaultTo\":null,\"notNullable\":false,\"unsigned\":false},{\"name\":\"icon\",\"type\":\"boolean\",\"args\":[],\"defaultTo\":null,\"notNullable\":false,\"unsigned\":false}]},{\"name\":\"components_buttons_hero_buttons\",\"indexes\":[],\"foreignKeys\":[],\"columns\":[{\"name\":\"id\",\"type\":\"increments\",\"args\":[{\"primary\":true,\"primaryKey\":true}],\"defaultTo\":null,\"notNullable\":true,\"unsigned\":false},{\"name\":\"text\",\"type\":\"string\",\"args\":[],\"defaultTo\":null,\"notNullable\":false,\"unsigned\":false},{\"name\":\"href\",\"type\":\"string\",\"args\":[],\"defaultTo\":null,\"notNullable\":false,\"unsigned\":false},{\"name\":\"options\",\"type\":\"string\",\"args\":[],\"defaultTo\":null,\"notNullable\":false,\"unsigned\":false},{\"name\":\"icon\",\"type\":\"boolean\",\"args\":[],\"defaultTo\":null,\"notNullable\":false,\"unsigned\":false}]},{\"name\":\"strapi_core_store_settings\",\"indexes\":[],\"foreignKeys\":[],\"columns\":[{\"name\":\"id\",\"type\":\"increments\",\"args\":[{\"primary\":true,\"primaryKey\":true}],\"defaultTo\":null,\"notNullable\":true,\"unsigned\":false},{\"name\":\"key\",\"type\":\"string\",\"args\":[],\"defaultTo\":null,\"notNullable\":false,\"unsigned\":false},{\"name\":\"value\",\"type\":\"text\",\"args\":[\"longtext\"],\"defaultTo\":null,\"notNullable\":false,\"unsigned\":false},{\"name\":\"type\",\"type\":\"string\",\"args\":[],\"defaultTo\":null,\"notNullable\":false,\"unsigned\":false},{\"name\":\"environment\",\"type\":\"string\",\"args\":[],\"defaultTo\":null,\"notNullable\":false,\"unsigned\":false},{\"name\":\"tag\",\"type\":\"string\",\"args\":[],\"defaultTo\":null,\"notNullable\":false,\"unsigned\":false}]},{\"name\":\"strapi_webhooks\",\"indexes\":[],\"foreignKeys\":[],\"columns\":[{\"name\":\"id\",\"type\":\"increments\",\"args\":[{\"primary\":true,\"primaryKey\":true}],\"defaultTo\":null,\"notNullable\":true,\"unsigned\":false},{\"name\":\"name\",\"type\":\"string\",\"args\":[],\"defaultTo\":null,\"notNullable\":false,\"unsigned\":false},{\"name\":\"url\",\"type\":\"text\",\"args\":[\"longtext\"],\"defaultTo\":null,\"notNullable\":false,\"unsigned\":false},{\"name\":\"headers\",\"type\":\"jsonb\",\"args\":[],\"defaultTo\":null,\"notNullable\":false,\"unsigned\":false},{\"name\":\"events\",\"type\":\"jsonb\",\"args\":[],\"defaultTo\":null,\"notNullable\":false,\"unsigned\":false},{\"name\":\"enabled\",\"type\":\"boolean\",\"args\":[],\"defaultTo\":null,\"notNullable\":false,\"unsigned\":false}]},{\"name\":\"strapi_history_versions\",\"indexes\":[{\"name\":\"strapi_history_versions_created_by_id_fk\",\"columns\":[\"created_by_id\"]}],\"foreignKeys\":[{\"name\":\"strapi_history_versions_created_by_id_fk\",\"columns\":[\"created_by_id\"],\"referencedTable\":\"admin_users\",\"referencedColumns\":[\"id\"],\"onDelete\":\"SET NULL\"}],\"columns\":[{\"name\":\"id\",\"type\":\"increments\",\"args\":[{\"primary\":true,\"primaryKey\":true}],\"defaultTo\":null,\"notNullable\":true,\"unsigned\":false},{\"name\":\"content_type\",\"type\":\"string\",\"args\":[],\"defaultTo\":null,\"notNullable\":true,\"unsigned\":false},{\"name\":\"related_document_id\",\"type\":\"string\",\"args\":[],\"defaultTo\":null,\"notNullable\":false,\"unsigned\":false},{\"name\":\"locale\",\"type\":\"string\",\"args\":[],\"defaultTo\":null,\"notNullable\":false,\"unsigned\":false},{\"name\":\"status\",\"type\":\"string\",\"args\":[],\"defaultTo\":null,\"notNullable\":false,\"unsigned\":false},{\"name\":\"data\",\"type\":\"jsonb\",\"args\":[],\"defaultTo\":null,\"notNullable\":false,\"unsigned\":false},{\"name\":\"schema\",\"type\":\"jsonb\",\"args\":[],\"defaultTo\":null,\"notNullable\":false,\"unsigned\":false},{\"name\":\"created_at\",\"type\":\"datetime\",\"args\":[{\"useTz\":false,\"precision\":6}],\"defaultTo\":null,\"notNullable\":false,\"unsigned\":false},{\"name\":\"created_by_id\",\"type\":\"integer\",\"args\":[],\"defaultTo\":null,\"notNullable\":false,\"unsigned\":true}]},{\"name\":\"files_related_mph\",\"indexes\":[{\"name\":\"files_related_mph_fk\",\"columns\":[\"file_id\"]},{\"name\":\"files_related_mph_oidx\",\"columns\":[\"order\"]},{\"name\":\"files_related_mph_idix\",\"columns\":[\"related_id\"]}],\"foreignKeys\":[{\"name\":\"files_related_mph_fk\",\"columns\":[\"file_id\"],\"referencedColumns\":[\"id\"],\"referencedTable\":\"files\",\"onDelete\":\"CASCADE\"}],\"columns\":[{\"name\":\"id\",\"type\":\"increments\",\"args\":[{\"primary\":true,\"primaryKey\":true}],\"defaultTo\":null,\"notNullable\":true,\"unsigned\":false},{\"name\":\"file_id\",\"type\":\"integer\",\"args\":[],\"defaultTo\":null,\"notNullable\":false,\"unsigned\":true},{\"name\":\"related_id\",\"type\":\"integer\",\"args\":[],\"defaultTo\":null,\"notNullable\":false,\"unsigned\":true},{\"name\":\"related_type\",\"type\":\"string\",\"args\":[],\"defaultTo\":null,\"notNullable\":false,\"unsigned\":false},{\"name\":\"field\",\"type\":\"string\",\"args\":[],\"defaultTo\":null,\"notNullable\":false,\"unsigned\":false},{\"name\":\"order\",\"type\":\"double\",\"args\":[],\"defaultTo\":null,\"notNullable\":false,\"unsigned\":true}]},{\"name\":\"files_folder_lnk\",\"indexes\":[{\"name\":\"files_folder_lnk_fk\",\"columns\":[\"file_id\"]},{\"name\":\"files_folder_lnk_ifk\",\"columns\":[\"folder_id\"]},{\"name\":\"files_folder_lnk_uq\",\"columns\":[\"file_id\",\"folder_id\"],\"type\":\"unique\"},{\"name\":\"files_folder_lnk_oifk\",\"columns\":[\"file_ord\"]}],\"foreignKeys\":[{\"name\":\"files_folder_lnk_fk\",\"columns\":[\"file_id\"],\"referencedColumns\":[\"id\"],\"referencedTable\":\"files\",\"onDelete\":\"CASCADE\"},{\"name\":\"files_folder_lnk_ifk\",\"columns\":[\"folder_id\"],\"referencedColumns\":[\"id\"],\"referencedTable\":\"upload_folders\",\"onDelete\":\"CASCADE\"}],\"columns\":[{\"name\":\"id\",\"type\":\"increments\",\"args\":[{\"primary\":true,\"primaryKey\":true}],\"defaultTo\":null,\"notNullable\":true,\"unsigned\":false},{\"name\":\"file_id\",\"type\":\"integer\",\"args\":[],\"defaultTo\":null,\"notNullable\":false,\"unsigned\":true},{\"name\":\"folder_id\",\"type\":\"integer\",\"args\":[],\"defaultTo\":null,\"notNullable\":false,\"unsigned\":true},{\"name\":\"file_ord\",\"type\":\"double\",\"args\":[],\"defaultTo\":null,\"notNullable\":false,\"unsigned\":true}]},{\"name\":\"upload_folders_parent_lnk\",\"indexes\":[{\"name\":\"upload_folders_parent_lnk_fk\",\"columns\":[\"folder_id\"]},{\"name\":\"upload_folders_parent_lnk_ifk\",\"columns\":[\"inv_folder_id\"]},{\"name\":\"upload_folders_parent_lnk_uq\",\"columns\":[\"folder_id\",\"inv_folder_id\"],\"type\":\"unique\"},{\"name\":\"upload_folders_parent_lnk_oifk\",\"columns\":[\"folder_ord\"]}],\"foreignKeys\":[{\"name\":\"upload_folders_parent_lnk_fk\",\"columns\":[\"folder_id\"],\"referencedColumns\":[\"id\"],\"referencedTable\":\"upload_folders\",\"onDelete\":\"CASCADE\"},{\"name\":\"upload_folders_parent_lnk_ifk\",\"columns\":[\"inv_folder_id\"],\"referencedColumns\":[\"id\"],\"referencedTable\":\"upload_folders\",\"onDelete\":\"CASCADE\"}],\"columns\":[{\"name\":\"id\",\"type\":\"increments\",\"args\":[{\"primary\":true,\"primaryKey\":true}],\"defaultTo\":null,\"notNullable\":true,\"unsigned\":false},{\"name\":\"folder_id\",\"type\":\"integer\",\"args\":[],\"defaultTo\":null,\"notNullable\":false,\"unsigned\":true},{\"name\":\"inv_folder_id\",\"type\":\"integer\",\"args\":[],\"defaultTo\":null,\"notNullable\":false,\"unsigned\":true},{\"name\":\"folder_ord\",\"type\":\"double\",\"args\":[],\"defaultTo\":null,\"notNullable\":false,\"unsigned\":true}]},{\"name\":\"strapi_release_actions_release_lnk\",\"indexes\":[{\"name\":\"strapi_release_actions_release_lnk_fk\",\"columns\":[\"release_action_id\"]},{\"name\":\"strapi_release_actions_release_lnk_ifk\",\"columns\":[\"release_id\"]},{\"name\":\"strapi_release_actions_release_lnk_uq\",\"columns\":[\"release_action_id\",\"release_id\"],\"type\":\"unique\"},{\"name\":\"strapi_release_actions_release_lnk_oifk\",\"columns\":[\"release_action_ord\"]}],\"foreignKeys\":[{\"name\":\"strapi_release_actions_release_lnk_fk\",\"columns\":[\"release_action_id\"],\"referencedColumns\":[\"id\"],\"referencedTable\":\"strapi_release_actions\",\"onDelete\":\"CASCADE\"},{\"name\":\"strapi_release_actions_release_lnk_ifk\",\"columns\":[\"release_id\"],\"referencedColumns\":[\"id\"],\"referencedTable\":\"strapi_releases\",\"onDelete\":\"CASCADE\"}],\"columns\":[{\"name\":\"id\",\"type\":\"increments\",\"args\":[{\"primary\":true,\"primaryKey\":true}],\"defaultTo\":null,\"notNullable\":true,\"unsigned\":false},{\"name\":\"release_action_id\",\"type\":\"integer\",\"args\":[],\"defaultTo\":null,\"notNullable\":false,\"unsigned\":true},{\"name\":\"release_id\",\"type\":\"integer\",\"args\":[],\"defaultTo\":null,\"notNullable\":false,\"unsigned\":true},{\"name\":\"release_action_ord\",\"type\":\"double\",\"args\":[],\"defaultTo\":null,\"notNullable\":false,\"unsigned\":true}]},{\"name\":\"strapi_workflows_stage_required_to_publish_lnk\",\"indexes\":[{\"name\":\"strapi_workflows_stage_required_to_publish_lnk_fk\",\"columns\":[\"workflow_id\"]},{\"name\":\"strapi_workflows_stage_required_to_publish_lnk_ifk\",\"columns\":[\"workflow_stage_id\"]},{\"name\":\"strapi_workflows_stage_required_to_publish_lnk_uq\",\"columns\":[\"workflow_id\",\"workflow_stage_id\"],\"type\":\"unique\"}],\"foreignKeys\":[{\"name\":\"strapi_workflows_stage_required_to_publish_lnk_fk\",\"columns\":[\"workflow_id\"],\"referencedColumns\":[\"id\"],\"referencedTable\":\"strapi_workflows\",\"onDelete\":\"CASCADE\"},{\"name\":\"strapi_workflows_stage_required_to_publish_lnk_ifk\",\"columns\":[\"workflow_stage_id\"],\"referencedColumns\":[\"id\"],\"referencedTable\":\"strapi_workflows_stages\",\"onDelete\":\"CASCADE\"}],\"columns\":[{\"name\":\"id\",\"type\":\"increments\",\"args\":[{\"primary\":true,\"primaryKey\":true}],\"defaultTo\":null,\"notNullable\":true,\"unsigned\":false},{\"name\":\"workflow_id\",\"type\":\"integer\",\"args\":[],\"defaultTo\":null,\"notNullable\":false,\"unsigned\":true},{\"name\":\"workflow_stage_id\",\"type\":\"integer\",\"args\":[],\"defaultTo\":null,\"notNullable\":false,\"unsigned\":true}]},{\"name\":\"strapi_workflows_stages_workflow_lnk\",\"indexes\":[{\"name\":\"strapi_workflows_stages_workflow_lnk_fk\",\"columns\":[\"workflow_stage_id\"]},{\"name\":\"strapi_workflows_stages_workflow_lnk_ifk\",\"columns\":[\"workflow_id\"]},{\"name\":\"strapi_workflows_stages_workflow_lnk_uq\",\"columns\":[\"workflow_stage_id\",\"workflow_id\"],\"type\":\"unique\"},{\"name\":\"strapi_workflows_stages_workflow_lnk_oifk\",\"columns\":[\"workflow_stage_ord\"]}],\"foreignKeys\":[{\"name\":\"strapi_workflows_stages_workflow_lnk_fk\",\"columns\":[\"workflow_stage_id\"],\"referencedColumns\":[\"id\"],\"referencedTable\":\"strapi_workflows_stages\",\"onDelete\":\"CASCADE\"},{\"name\":\"strapi_workflows_stages_workflow_lnk_ifk\",\"columns\":[\"workflow_id\"],\"referencedColumns\":[\"id\"],\"referencedTable\":\"strapi_workflows\",\"onDelete\":\"CASCADE\"}],\"columns\":[{\"name\":\"id\",\"type\":\"increments\",\"args\":[{\"primary\":true,\"primaryKey\":true}],\"defaultTo\":null,\"notNullable\":true,\"unsigned\":false},{\"name\":\"workflow_stage_id\",\"type\":\"integer\",\"args\":[],\"defaultTo\":null,\"notNullable\":false,\"unsigned\":true},{\"name\":\"workflow_id\",\"type\":\"integer\",\"args\":[],\"defaultTo\":null,\"notNullable\":false,\"unsigned\":true},{\"name\":\"workflow_stage_ord\",\"type\":\"double\",\"args\":[],\"defaultTo\":null,\"notNullable\":false,\"unsigned\":true}]},{\"name\":\"strapi_workflows_stages_permissions_lnk\",\"indexes\":[{\"name\":\"strapi_workflows_stages_permissions_lnk_fk\",\"columns\":[\"workflow_stage_id\"]},{\"name\":\"strapi_workflows_stages_permissions_lnk_ifk\",\"columns\":[\"permission_id\"]},{\"name\":\"strapi_workflows_stages_permissions_lnk_uq\",\"columns\":[\"workflow_stage_id\",\"permission_id\"],\"type\":\"unique\"},{\"name\":\"strapi_workflows_stages_permissions_lnk_ofk\",\"columns\":[\"permission_ord\"]}],\"foreignKeys\":[{\"name\":\"strapi_workflows_stages_permissions_lnk_fk\",\"columns\":[\"workflow_stage_id\"],\"referencedColumns\":[\"id\"],\"referencedTable\":\"strapi_workflows_stages\",\"onDelete\":\"CASCADE\"},{\"name\":\"strapi_workflows_stages_permissions_lnk_ifk\",\"columns\":[\"permission_id\"],\"referencedColumns\":[\"id\"],\"referencedTable\":\"admin_permissions\",\"onDelete\":\"CASCADE\"}],\"columns\":[{\"name\":\"id\",\"type\":\"increments\",\"args\":[{\"primary\":true,\"primaryKey\":true}],\"defaultTo\":null,\"notNullable\":true,\"unsigned\":false},{\"name\":\"workflow_stage_id\",\"type\":\"integer\",\"args\":[],\"defaultTo\":null,\"notNullable\":false,\"unsigned\":true},{\"name\":\"permission_id\",\"type\":\"integer\",\"args\":[],\"defaultTo\":null,\"notNullable\":false,\"unsigned\":true},{\"name\":\"permission_ord\",\"type\":\"double\",\"args\":[],\"defaultTo\":null,\"notNullable\":false,\"unsigned\":true}]},{\"name\":\"up_permissions_role_lnk\",\"indexes\":[{\"name\":\"up_permissions_role_lnk_fk\",\"columns\":[\"permission_id\"]},{\"name\":\"up_permissions_role_lnk_ifk\",\"columns\":[\"role_id\"]},{\"name\":\"up_permissions_role_lnk_uq\",\"columns\":[\"permission_id\",\"role_id\"],\"type\":\"unique\"},{\"name\":\"up_permissions_role_lnk_oifk\",\"columns\":[\"permission_ord\"]}],\"foreignKeys\":[{\"name\":\"up_permissions_role_lnk_fk\",\"columns\":[\"permission_id\"],\"referencedColumns\":[\"id\"],\"referencedTable\":\"up_permissions\",\"onDelete\":\"CASCADE\"},{\"name\":\"up_permissions_role_lnk_ifk\",\"columns\":[\"role_id\"],\"referencedColumns\":[\"id\"],\"referencedTable\":\"up_roles\",\"onDelete\":\"CASCADE\"}],\"columns\":[{\"name\":\"id\",\"type\":\"increments\",\"args\":[{\"primary\":true,\"primaryKey\":true}],\"defaultTo\":null,\"notNullable\":true,\"unsigned\":false},{\"name\":\"permission_id\",\"type\":\"integer\",\"args\":[],\"defaultTo\":null,\"notNullable\":false,\"unsigned\":true},{\"name\":\"role_id\",\"type\":\"integer\",\"args\":[],\"defaultTo\":null,\"notNullable\":false,\"unsigned\":true},{\"name\":\"permission_ord\",\"type\":\"double\",\"args\":[],\"defaultTo\":null,\"notNullable\":false,\"unsigned\":true}]},{\"name\":\"up_users_role_lnk\",\"indexes\":[{\"name\":\"up_users_role_lnk_fk\",\"columns\":[\"user_id\"]},{\"name\":\"up_users_role_lnk_ifk\",\"columns\":[\"role_id\"]},{\"name\":\"up_users_role_lnk_uq\",\"columns\":[\"user_id\",\"role_id\"],\"type\":\"unique\"},{\"name\":\"up_users_role_lnk_oifk\",\"columns\":[\"user_ord\"]}],\"foreignKeys\":[{\"name\":\"up_users_role_lnk_fk\",\"columns\":[\"user_id\"],\"referencedColumns\":[\"id\"],\"referencedTable\":\"up_users\",\"onDelete\":\"CASCADE\"},{\"name\":\"up_users_role_lnk_ifk\",\"columns\":[\"role_id\"],\"referencedColumns\":[\"id\"],\"referencedTable\":\"up_roles\",\"onDelete\":\"CASCADE\"}],\"columns\":[{\"name\":\"id\",\"type\":\"increments\",\"args\":[{\"primary\":true,\"primaryKey\":true}],\"defaultTo\":null,\"notNullable\":true,\"unsigned\":false},{\"name\":\"user_id\",\"type\":\"integer\",\"args\":[],\"defaultTo\":null,\"notNullable\":false,\"unsigned\":true},{\"name\":\"role_id\",\"type\":\"integer\",\"args\":[],\"defaultTo\":null,\"notNullable\":false,\"unsigned\":true},{\"name\":\"user_ord\",\"type\":\"double\",\"args\":[],\"defaultTo\":null,\"notNullable\":false,\"unsigned\":true}]},{\"name\":\"service_details_service_lnk\",\"indexes\":[{\"name\":\"service_details_service_lnk_fk\",\"columns\":[\"service_detail_id\"]},{\"name\":\"service_details_service_lnk_ifk\",\"columns\":[\"service_id\"]},{\"name\":\"service_details_service_lnk_uq\",\"columns\":[\"service_detail_id\",\"service_id\"],\"type\":\"unique\"}],\"foreignKeys\":[{\"name\":\"service_details_service_lnk_fk\",\"columns\":[\"service_detail_id\"],\"referencedColumns\":[\"id\"],\"referencedTable\":\"service_details\",\"onDelete\":\"CASCADE\"},{\"name\":\"service_details_service_lnk_ifk\",\"columns\":[\"service_id\"],\"referencedColumns\":[\"id\"],\"referencedTable\":\"services\",\"onDelete\":\"CASCADE\"}],\"columns\":[{\"name\":\"id\",\"type\":\"increments\",\"args\":[{\"primary\":true,\"primaryKey\":true}],\"defaultTo\":null,\"notNullable\":true,\"unsigned\":false},{\"name\":\"service_detail_id\",\"type\":\"integer\",\"args\":[],\"defaultTo\":null,\"notNullable\":false,\"unsigned\":true},{\"name\":\"service_id\",\"type\":\"integer\",\"args\":[],\"defaultTo\":null,\"notNullable\":false,\"unsigned\":true}]},{\"name\":\"admin_permissions_role_lnk\",\"indexes\":[{\"name\":\"admin_permissions_role_lnk_fk\",\"columns\":[\"permission_id\"]},{\"name\":\"admin_permissions_role_lnk_ifk\",\"columns\":[\"role_id\"]},{\"name\":\"admin_permissions_role_lnk_uq\",\"columns\":[\"permission_id\",\"role_id\"],\"type\":\"unique\"},{\"name\":\"admin_permissions_role_lnk_oifk\",\"columns\":[\"permission_ord\"]}],\"foreignKeys\":[{\"name\":\"admin_permissions_role_lnk_fk\",\"columns\":[\"permission_id\"],\"referencedColumns\":[\"id\"],\"referencedTable\":\"admin_permissions\",\"onDelete\":\"CASCADE\"},{\"name\":\"admin_permissions_role_lnk_ifk\",\"columns\":[\"role_id\"],\"referencedColumns\":[\"id\"],\"referencedTable\":\"admin_roles\",\"onDelete\":\"CASCADE\"}],\"columns\":[{\"name\":\"id\",\"type\":\"increments\",\"args\":[{\"primary\":true,\"primaryKey\":true}],\"defaultTo\":null,\"notNullable\":true,\"unsigned\":false},{\"name\":\"permission_id\",\"type\":\"integer\",\"args\":[],\"defaultTo\":null,\"notNullable\":false,\"unsigned\":true},{\"name\":\"role_id\",\"type\":\"integer\",\"args\":[],\"defaultTo\":null,\"notNullable\":false,\"unsigned\":true},{\"name\":\"permission_ord\",\"type\":\"double\",\"args\":[],\"defaultTo\":null,\"notNullable\":false,\"unsigned\":true}]},{\"name\":\"admin_users_roles_lnk\",\"indexes\":[{\"name\":\"admin_users_roles_lnk_fk\",\"columns\":[\"user_id\"]},{\"name\":\"admin_users_roles_lnk_ifk\",\"columns\":[\"role_id\"]},{\"name\":\"admin_users_roles_lnk_uq\",\"columns\":[\"user_id\",\"role_id\"],\"type\":\"unique\"},{\"name\":\"admin_users_roles_lnk_ofk\",\"columns\":[\"role_ord\"]},{\"name\":\"admin_users_roles_lnk_oifk\",\"columns\":[\"user_ord\"]}],\"foreignKeys\":[{\"name\":\"admin_users_roles_lnk_fk\",\"columns\":[\"user_id\"],\"referencedColumns\":[\"id\"],\"referencedTable\":\"admin_users\",\"onDelete\":\"CASCADE\"},{\"name\":\"admin_users_roles_lnk_ifk\",\"columns\":[\"role_id\"],\"referencedColumns\":[\"id\"],\"referencedTable\":\"admin_roles\",\"onDelete\":\"CASCADE\"}],\"columns\":[{\"name\":\"id\",\"type\":\"increments\",\"args\":[{\"primary\":true,\"primaryKey\":true}],\"defaultTo\":null,\"notNullable\":true,\"unsigned\":false},{\"name\":\"user_id\",\"type\":\"integer\",\"args\":[],\"defaultTo\":null,\"notNullable\":false,\"unsigned\":true},{\"name\":\"role_id\",\"type\":\"integer\",\"args\":[],\"defaultTo\":null,\"notNullable\":false,\"unsigned\":true},{\"name\":\"role_ord\",\"type\":\"double\",\"args\":[],\"defaultTo\":null,\"notNullable\":false,\"unsigned\":true},{\"name\":\"user_ord\",\"type\":\"double\",\"args\":[],\"defaultTo\":null,\"notNullable\":false,\"unsigned\":true}]},{\"name\":\"strapi_api_token_permissions_token_lnk\",\"indexes\":[{\"name\":\"strapi_api_token_permissions_token_lnk_fk\",\"columns\":[\"api_token_permission_id\"]},{\"name\":\"strapi_api_token_permissions_token_lnk_ifk\",\"columns\":[\"api_token_id\"]},{\"name\":\"strapi_api_token_permissions_token_lnk_uq\",\"columns\":[\"api_token_permission_id\",\"api_token_id\"],\"type\":\"unique\"},{\"name\":\"strapi_api_token_permissions_token_lnk_oifk\",\"columns\":[\"api_token_permission_ord\"]}],\"foreignKeys\":[{\"name\":\"strapi_api_token_permissions_token_lnk_fk\",\"columns\":[\"api_token_permission_id\"],\"referencedColumns\":[\"id\"],\"referencedTable\":\"strapi_api_token_permissions\",\"onDelete\":\"CASCADE\"},{\"name\":\"strapi_api_token_permissions_token_lnk_ifk\",\"columns\":[\"api_token_id\"],\"referencedColumns\":[\"id\"],\"referencedTable\":\"strapi_api_tokens\",\"onDelete\":\"CASCADE\"}],\"columns\":[{\"name\":\"id\",\"type\":\"increments\",\"args\":[{\"primary\":true,\"primaryKey\":true}],\"defaultTo\":null,\"notNullable\":true,\"unsigned\":false},{\"name\":\"api_token_permission_id\",\"type\":\"integer\",\"args\":[],\"defaultTo\":null,\"notNullable\":false,\"unsigned\":true},{\"name\":\"api_token_id\",\"type\":\"integer\",\"args\":[],\"defaultTo\":null,\"notNullable\":false,\"unsigned\":true},{\"name\":\"api_token_permission_ord\",\"type\":\"double\",\"args\":[],\"defaultTo\":null,\"notNullable\":false,\"unsigned\":true}]},{\"name\":\"strapi_transfer_token_permissions_token_lnk\",\"indexes\":[{\"name\":\"strapi_transfer_token_permissions_token_lnk_fk\",\"columns\":[\"transfer_token_permission_id\"]},{\"name\":\"strapi_transfer_token_permissions_token_lnk_ifk\",\"columns\":[\"transfer_token_id\"]},{\"name\":\"strapi_transfer_token_permissions_token_lnk_uq\",\"columns\":[\"transfer_token_permission_id\",\"transfer_token_id\"],\"type\":\"unique\"},{\"name\":\"strapi_transfer_token_permissions_token_lnk_oifk\",\"columns\":[\"transfer_token_permission_ord\"]}],\"foreignKeys\":[{\"name\":\"strapi_transfer_token_permissions_token_lnk_fk\",\"columns\":[\"transfer_token_permission_id\"],\"referencedColumns\":[\"id\"],\"referencedTable\":\"strapi_transfer_token_permissions\",\"onDelete\":\"CASCADE\"},{\"name\":\"strapi_transfer_token_permissions_token_lnk_ifk\",\"columns\":[\"transfer_token_id\"],\"referencedColumns\":[\"id\"],\"referencedTable\":\"strapi_transfer_tokens\",\"onDelete\":\"CASCADE\"}],\"columns\":[{\"name\":\"id\",\"type\":\"increments\",\"args\":[{\"primary\":true,\"primaryKey\":true}],\"defaultTo\":null,\"notNullable\":true,\"unsigned\":false},{\"name\":\"transfer_token_permission_id\",\"type\":\"integer\",\"args\":[],\"defaultTo\":null,\"notNullable\":false,\"unsigned\":true},{\"name\":\"transfer_token_id\",\"type\":\"integer\",\"args\":[],\"defaultTo\":null,\"notNullable\":false,\"unsigned\":true},{\"name\":\"transfer_token_permission_ord\",\"type\":\"double\",\"args\":[],\"defaultTo\":null,\"notNullable\":false,\"unsigned\":true}]}]}', '2025-11-12 18:26:16', '1b9ebbec6f26f8535fb2cf9b4d95f4a7b453e63494c5fcb8c6b1257f9a262cb5');

-- ----------------------------
-- Table structure for strapi_history_versions
-- ----------------------------
DROP TABLE IF EXISTS `strapi_history_versions`;
CREATE TABLE `strapi_history_versions`  (
  `id` int(10) UNSIGNED NOT NULL AUTO_INCREMENT,
  `content_type` varchar(255) CHARACTER SET utf8mb4 COLLATE utf8mb4_general_ci NOT NULL,
  `related_document_id` varchar(255) CHARACTER SET utf8mb4 COLLATE utf8mb4_general_ci NULL DEFAULT NULL,
  `locale` varchar(255) CHARACTER SET utf8mb4 COLLATE utf8mb4_general_ci NULL DEFAULT NULL,
  `status` varchar(255) CHARACTER SET utf8mb4 COLLATE utf8mb4_general_ci NULL DEFAULT NULL,
  `data` longtext CHARACTER SET utf8mb4 COLLATE utf8mb4_bin NULL,
  `schema` longtext CHARACTER SET utf8mb4 COLLATE utf8mb4_bin NULL,
  `created_at` datetime(6) NULL DEFAULT NULL,
  `created_by_id` int(10) UNSIGNED NULL DEFAULT NULL,
  PRIMARY KEY (`id`) USING BTREE,
  INDEX `strapi_history_versions_created_by_id_fk`(`created_by_id`) USING BTREE,
  CONSTRAINT `strapi_history_versions_created_by_id_fk` FOREIGN KEY (`created_by_id`) REFERENCES `admin_users` (`id`) ON DELETE SET NULL ON UPDATE RESTRICT
) ENGINE = InnoDB AUTO_INCREMENT = 1 CHARACTER SET = utf8mb4 COLLATE = utf8mb4_general_ci ROW_FORMAT = Dynamic;

-- ----------------------------
-- Table structure for strapi_migrations
-- ----------------------------
DROP TABLE IF EXISTS `strapi_migrations`;
CREATE TABLE `strapi_migrations`  (
  `id` int(10) UNSIGNED NOT NULL AUTO_INCREMENT,
  `name` varchar(255) CHARACTER SET utf8mb4 COLLATE utf8mb4_general_ci NULL DEFAULT NULL,
  `time` datetime(0) NULL DEFAULT NULL,
  PRIMARY KEY (`id`) USING BTREE
) ENGINE = InnoDB AUTO_INCREMENT = 1 CHARACTER SET = utf8mb4 COLLATE = utf8mb4_general_ci ROW_FORMAT = Dynamic;

-- ----------------------------
-- Table structure for strapi_migrations_internal
-- ----------------------------
DROP TABLE IF EXISTS `strapi_migrations_internal`;
CREATE TABLE `strapi_migrations_internal`  (
  `id` int(10) UNSIGNED NOT NULL AUTO_INCREMENT,
  `name` varchar(255) CHARACTER SET utf8mb4 COLLATE utf8mb4_general_ci NULL DEFAULT NULL,
  `time` datetime(0) NULL DEFAULT NULL,
  PRIMARY KEY (`id`) USING BTREE
) ENGINE = InnoDB AUTO_INCREMENT = 7 CHARACTER SET = utf8mb4 COLLATE = utf8mb4_general_ci ROW_FORMAT = Dynamic;

-- ----------------------------
-- Records of strapi_migrations_internal
-- ----------------------------
INSERT INTO `strapi_migrations_internal` VALUES (1, '5.0.0-rename-identifiers-longer-than-max-length', '2025-09-19 14:41:46');
INSERT INTO `strapi_migrations_internal` VALUES (2, '5.0.0-02-created-document-id', '2025-09-19 14:41:46');
INSERT INTO `strapi_migrations_internal` VALUES (3, '5.0.0-03-created-locale', '2025-09-19 14:41:47');
INSERT INTO `strapi_migrations_internal` VALUES (4, '5.0.0-04-created-published-at', '2025-09-19 14:41:47');
INSERT INTO `strapi_migrations_internal` VALUES (5, '5.0.0-05-drop-slug-fields-index', '2025-09-19 14:41:47');
INSERT INTO `strapi_migrations_internal` VALUES (6, 'core::5.0.0-discard-drafts', '2025-09-19 14:41:47');

-- ----------------------------
-- Table structure for strapi_release_actions
-- ----------------------------
DROP TABLE IF EXISTS `strapi_release_actions`;
CREATE TABLE `strapi_release_actions`  (
  `id` int(10) UNSIGNED NOT NULL AUTO_INCREMENT,
  `document_id` varchar(255) CHARACTER SET utf8mb4 COLLATE utf8mb4_general_ci NULL DEFAULT NULL,
  `type` varchar(255) CHARACTER SET utf8mb4 COLLATE utf8mb4_general_ci NULL DEFAULT NULL,
  `content_type` varchar(255) CHARACTER SET utf8mb4 COLLATE utf8mb4_general_ci NULL DEFAULT NULL,
  `entry_document_id` varchar(255) CHARACTER SET utf8mb4 COLLATE utf8mb4_general_ci NULL DEFAULT NULL,
  `locale` varchar(255) CHARACTER SET utf8mb4 COLLATE utf8mb4_general_ci NULL DEFAULT NULL,
  `is_entry_valid` tinyint(1) NULL DEFAULT NULL,
  `created_at` datetime(6) NULL DEFAULT NULL,
  `updated_at` datetime(6) NULL DEFAULT NULL,
  `published_at` datetime(6) NULL DEFAULT NULL,
  `created_by_id` int(10) UNSIGNED NULL DEFAULT NULL,
  `updated_by_id` int(10) UNSIGNED NULL DEFAULT NULL,
  PRIMARY KEY (`id`) USING BTREE,
  INDEX `strapi_release_actions_documents_idx`(`document_id`, `locale`, `published_at`) USING BTREE,
  INDEX `strapi_release_actions_created_by_id_fk`(`created_by_id`) USING BTREE,
  INDEX `strapi_release_actions_updated_by_id_fk`(`updated_by_id`) USING BTREE,
  CONSTRAINT `strapi_release_actions_created_by_id_fk` FOREIGN KEY (`created_by_id`) REFERENCES `admin_users` (`id`) ON DELETE SET NULL ON UPDATE RESTRICT,
  CONSTRAINT `strapi_release_actions_updated_by_id_fk` FOREIGN KEY (`updated_by_id`) REFERENCES `admin_users` (`id`) ON DELETE SET NULL ON UPDATE RESTRICT
) ENGINE = InnoDB AUTO_INCREMENT = 1 CHARACTER SET = utf8mb4 COLLATE = utf8mb4_general_ci ROW_FORMAT = Dynamic;

-- ----------------------------
-- Table structure for strapi_release_actions_release_lnk
-- ----------------------------
DROP TABLE IF EXISTS `strapi_release_actions_release_lnk`;
CREATE TABLE `strapi_release_actions_release_lnk`  (
  `id` int(10) UNSIGNED NOT NULL AUTO_INCREMENT,
  `release_action_id` int(10) UNSIGNED NULL DEFAULT NULL,
  `release_id` int(10) UNSIGNED NULL DEFAULT NULL,
  `release_action_ord` double unsigned NULL,
  PRIMARY KEY (`id`) USING BTREE,
  UNIQUE INDEX `strapi_release_actions_release_lnk_uq`(`release_action_id`, `release_id`) USING BTREE,
  INDEX `strapi_release_actions_release_lnk_fk`(`release_action_id`) USING BTREE,
  INDEX `strapi_release_actions_release_lnk_ifk`(`release_id`) USING BTREE,
  INDEX `strapi_release_actions_release_lnk_oifk`(`release_action_ord`) USING BTREE,
  CONSTRAINT `strapi_release_actions_release_lnk_fk` FOREIGN KEY (`release_action_id`) REFERENCES `strapi_release_actions` (`id`) ON DELETE CASCADE ON UPDATE RESTRICT,
  CONSTRAINT `strapi_release_actions_release_lnk_ifk` FOREIGN KEY (`release_id`) REFERENCES `strapi_releases` (`id`) ON DELETE CASCADE ON UPDATE RESTRICT
) ENGINE = InnoDB AUTO_INCREMENT = 1 CHARACTER SET = utf8mb4 COLLATE = utf8mb4_general_ci ROW_FORMAT = Dynamic;

-- ----------------------------
-- Table structure for strapi_releases
-- ----------------------------
DROP TABLE IF EXISTS `strapi_releases`;
CREATE TABLE `strapi_releases`  (
  `id` int(10) UNSIGNED NOT NULL AUTO_INCREMENT,
  `document_id` varchar(255) CHARACTER SET utf8mb4 COLLATE utf8mb4_general_ci NULL DEFAULT NULL,
  `name` varchar(255) CHARACTER SET utf8mb4 COLLATE utf8mb4_general_ci NULL DEFAULT NULL,
  `released_at` datetime(6) NULL DEFAULT NULL,
  `scheduled_at` datetime(6) NULL DEFAULT NULL,
  `timezone` varchar(255) CHARACTER SET utf8mb4 COLLATE utf8mb4_general_ci NULL DEFAULT NULL,
  `status` varchar(255) CHARACTER SET utf8mb4 COLLATE utf8mb4_general_ci NULL DEFAULT NULL,
  `created_at` datetime(6) NULL DEFAULT NULL,
  `updated_at` datetime(6) NULL DEFAULT NULL,
  `published_at` datetime(6) NULL DEFAULT NULL,
  `created_by_id` int(10) UNSIGNED NULL DEFAULT NULL,
  `updated_by_id` int(10) UNSIGNED NULL DEFAULT NULL,
  `locale` varchar(255) CHARACTER SET utf8mb4 COLLATE utf8mb4_general_ci NULL DEFAULT NULL,
  PRIMARY KEY (`id`) USING BTREE,
  INDEX `strapi_releases_documents_idx`(`document_id`, `locale`, `published_at`) USING BTREE,
  INDEX `strapi_releases_created_by_id_fk`(`created_by_id`) USING BTREE,
  INDEX `strapi_releases_updated_by_id_fk`(`updated_by_id`) USING BTREE,
  CONSTRAINT `strapi_releases_created_by_id_fk` FOREIGN KEY (`created_by_id`) REFERENCES `admin_users` (`id`) ON DELETE SET NULL ON UPDATE RESTRICT,
  CONSTRAINT `strapi_releases_updated_by_id_fk` FOREIGN KEY (`updated_by_id`) REFERENCES `admin_users` (`id`) ON DELETE SET NULL ON UPDATE RESTRICT
) ENGINE = InnoDB AUTO_INCREMENT = 1 CHARACTER SET = utf8mb4 COLLATE = utf8mb4_general_ci ROW_FORMAT = Dynamic;

-- ----------------------------
-- Table structure for strapi_transfer_token_permissions
-- ----------------------------
DROP TABLE IF EXISTS `strapi_transfer_token_permissions`;
CREATE TABLE `strapi_transfer_token_permissions`  (
  `id` int(10) UNSIGNED NOT NULL AUTO_INCREMENT,
  `document_id` varchar(255) CHARACTER SET utf8mb4 COLLATE utf8mb4_general_ci NULL DEFAULT NULL,
  `action` varchar(255) CHARACTER SET utf8mb4 COLLATE utf8mb4_general_ci NULL DEFAULT NULL,
  `created_at` datetime(6) NULL DEFAULT NULL,
  `updated_at` datetime(6) NULL DEFAULT NULL,
  `published_at` datetime(6) NULL DEFAULT NULL,
  `created_by_id` int(10) UNSIGNED NULL DEFAULT NULL,
  `updated_by_id` int(10) UNSIGNED NULL DEFAULT NULL,
  `locale` varchar(255) CHARACTER SET utf8mb4 COLLATE utf8mb4_general_ci NULL DEFAULT NULL,
  PRIMARY KEY (`id`) USING BTREE,
  INDEX `strapi_transfer_token_permissions_documents_idx`(`document_id`, `locale`, `published_at`) USING BTREE,
  INDEX `strapi_transfer_token_permissions_created_by_id_fk`(`created_by_id`) USING BTREE,
  INDEX `strapi_transfer_token_permissions_updated_by_id_fk`(`updated_by_id`) USING BTREE,
  CONSTRAINT `strapi_transfer_token_permissions_created_by_id_fk` FOREIGN KEY (`created_by_id`) REFERENCES `admin_users` (`id`) ON DELETE SET NULL ON UPDATE RESTRICT,
  CONSTRAINT `strapi_transfer_token_permissions_updated_by_id_fk` FOREIGN KEY (`updated_by_id`) REFERENCES `admin_users` (`id`) ON DELETE SET NULL ON UPDATE RESTRICT
) ENGINE = InnoDB AUTO_INCREMENT = 1 CHARACTER SET = utf8mb4 COLLATE = utf8mb4_general_ci ROW_FORMAT = Dynamic;

-- ----------------------------
-- Table structure for strapi_transfer_token_permissions_token_lnk
-- ----------------------------
DROP TABLE IF EXISTS `strapi_transfer_token_permissions_token_lnk`;
CREATE TABLE `strapi_transfer_token_permissions_token_lnk`  (
  `id` int(10) UNSIGNED NOT NULL AUTO_INCREMENT,
  `transfer_token_permission_id` int(10) UNSIGNED NULL DEFAULT NULL,
  `transfer_token_id` int(10) UNSIGNED NULL DEFAULT NULL,
  `transfer_token_permission_ord` double unsigned NULL,
  PRIMARY KEY (`id`) USING BTREE,
  UNIQUE INDEX `strapi_transfer_token_permissions_token_lnk_uq`(`transfer_token_permission_id`, `transfer_token_id`) USING BTREE,
  INDEX `strapi_transfer_token_permissions_token_lnk_fk`(`transfer_token_permission_id`) USING BTREE,
  INDEX `strapi_transfer_token_permissions_token_lnk_ifk`(`transfer_token_id`) USING BTREE,
  INDEX `strapi_transfer_token_permissions_token_lnk_oifk`(`transfer_token_permission_ord`) USING BTREE,
  CONSTRAINT `strapi_transfer_token_permissions_token_lnk_fk` FOREIGN KEY (`transfer_token_permission_id`) REFERENCES `strapi_transfer_token_permissions` (`id`) ON DELETE CASCADE ON UPDATE RESTRICT,
  CONSTRAINT `strapi_transfer_token_permissions_token_lnk_ifk` FOREIGN KEY (`transfer_token_id`) REFERENCES `strapi_transfer_tokens` (`id`) ON DELETE CASCADE ON UPDATE RESTRICT
) ENGINE = InnoDB AUTO_INCREMENT = 1 CHARACTER SET = utf8mb4 COLLATE = utf8mb4_general_ci ROW_FORMAT = Dynamic;

-- ----------------------------
-- Table structure for strapi_transfer_tokens
-- ----------------------------
DROP TABLE IF EXISTS `strapi_transfer_tokens`;
CREATE TABLE `strapi_transfer_tokens`  (
  `id` int(10) UNSIGNED NOT NULL AUTO_INCREMENT,
  `document_id` varchar(255) CHARACTER SET utf8mb4 COLLATE utf8mb4_general_ci NULL DEFAULT NULL,
  `name` varchar(255) CHARACTER SET utf8mb4 COLLATE utf8mb4_general_ci NULL DEFAULT NULL,
  `description` varchar(255) CHARACTER SET utf8mb4 COLLATE utf8mb4_general_ci NULL DEFAULT NULL,
  `access_key` varchar(255) CHARACTER SET utf8mb4 COLLATE utf8mb4_general_ci NULL DEFAULT NULL,
  `last_used_at` datetime(6) NULL DEFAULT NULL,
  `expires_at` datetime(6) NULL DEFAULT NULL,
  `lifespan` bigint(20) NULL DEFAULT NULL,
  `created_at` datetime(6) NULL DEFAULT NULL,
  `updated_at` datetime(6) NULL DEFAULT NULL,
  `published_at` datetime(6) NULL DEFAULT NULL,
  `created_by_id` int(10) UNSIGNED NULL DEFAULT NULL,
  `updated_by_id` int(10) UNSIGNED NULL DEFAULT NULL,
  `locale` varchar(255) CHARACTER SET utf8mb4 COLLATE utf8mb4_general_ci NULL DEFAULT NULL,
  PRIMARY KEY (`id`) USING BTREE,
  INDEX `strapi_transfer_tokens_documents_idx`(`document_id`, `locale`, `published_at`) USING BTREE,
  INDEX `strapi_transfer_tokens_created_by_id_fk`(`created_by_id`) USING BTREE,
  INDEX `strapi_transfer_tokens_updated_by_id_fk`(`updated_by_id`) USING BTREE,
  CONSTRAINT `strapi_transfer_tokens_created_by_id_fk` FOREIGN KEY (`created_by_id`) REFERENCES `admin_users` (`id`) ON DELETE SET NULL ON UPDATE RESTRICT,
  CONSTRAINT `strapi_transfer_tokens_updated_by_id_fk` FOREIGN KEY (`updated_by_id`) REFERENCES `admin_users` (`id`) ON DELETE SET NULL ON UPDATE RESTRICT
) ENGINE = InnoDB AUTO_INCREMENT = 1 CHARACTER SET = utf8mb4 COLLATE = utf8mb4_general_ci ROW_FORMAT = Dynamic;

-- ----------------------------
-- Table structure for strapi_webhooks
-- ----------------------------
DROP TABLE IF EXISTS `strapi_webhooks`;
CREATE TABLE `strapi_webhooks`  (
  `id` int(10) UNSIGNED NOT NULL AUTO_INCREMENT,
  `name` varchar(255) CHARACTER SET utf8mb4 COLLATE utf8mb4_general_ci NULL DEFAULT NULL,
  `url` longtext CHARACTER SET utf8mb4 COLLATE utf8mb4_general_ci NULL,
  `headers` longtext CHARACTER SET utf8mb4 COLLATE utf8mb4_bin NULL,
  `events` longtext CHARACTER SET utf8mb4 COLLATE utf8mb4_bin NULL,
  `enabled` tinyint(1) NULL DEFAULT NULL,
  PRIMARY KEY (`id`) USING BTREE
) ENGINE = InnoDB AUTO_INCREMENT = 1 CHARACTER SET = utf8mb4 COLLATE = utf8mb4_general_ci ROW_FORMAT = Dynamic;

-- ----------------------------
-- Table structure for strapi_workflows
-- ----------------------------
DROP TABLE IF EXISTS `strapi_workflows`;
CREATE TABLE `strapi_workflows`  (
  `id` int(10) UNSIGNED NOT NULL AUTO_INCREMENT,
  `document_id` varchar(255) CHARACTER SET utf8mb4 COLLATE utf8mb4_general_ci NULL DEFAULT NULL,
  `name` varchar(255) CHARACTER SET utf8mb4 COLLATE utf8mb4_general_ci NULL DEFAULT NULL,
  `content_types` longtext CHARACTER SET utf8mb4 COLLATE utf8mb4_bin NULL,
  `created_at` datetime(6) NULL DEFAULT NULL,
  `updated_at` datetime(6) NULL DEFAULT NULL,
  `published_at` datetime(6) NULL DEFAULT NULL,
  `created_by_id` int(10) UNSIGNED NULL DEFAULT NULL,
  `updated_by_id` int(10) UNSIGNED NULL DEFAULT NULL,
  `locale` varchar(255) CHARACTER SET utf8mb4 COLLATE utf8mb4_general_ci NULL DEFAULT NULL,
  PRIMARY KEY (`id`) USING BTREE,
  INDEX `strapi_workflows_documents_idx`(`document_id`, `locale`, `published_at`) USING BTREE,
  INDEX `strapi_workflows_created_by_id_fk`(`created_by_id`) USING BTREE,
  INDEX `strapi_workflows_updated_by_id_fk`(`updated_by_id`) USING BTREE,
  CONSTRAINT `strapi_workflows_created_by_id_fk` FOREIGN KEY (`created_by_id`) REFERENCES `admin_users` (`id`) ON DELETE SET NULL ON UPDATE RESTRICT,
  CONSTRAINT `strapi_workflows_updated_by_id_fk` FOREIGN KEY (`updated_by_id`) REFERENCES `admin_users` (`id`) ON DELETE SET NULL ON UPDATE RESTRICT
) ENGINE = InnoDB AUTO_INCREMENT = 1 CHARACTER SET = utf8mb4 COLLATE = utf8mb4_general_ci ROW_FORMAT = Dynamic;

-- ----------------------------
-- Table structure for strapi_workflows_stage_required_to_publish_lnk
-- ----------------------------
DROP TABLE IF EXISTS `strapi_workflows_stage_required_to_publish_lnk`;
CREATE TABLE `strapi_workflows_stage_required_to_publish_lnk`  (
  `id` int(10) UNSIGNED NOT NULL AUTO_INCREMENT,
  `workflow_id` int(10) UNSIGNED NULL DEFAULT NULL,
  `workflow_stage_id` int(10) UNSIGNED NULL DEFAULT NULL,
  PRIMARY KEY (`id`) USING BTREE,
  UNIQUE INDEX `strapi_workflows_stage_required_to_publish_lnk_uq`(`workflow_id`, `workflow_stage_id`) USING BTREE,
  INDEX `strapi_workflows_stage_required_to_publish_lnk_fk`(`workflow_id`) USING BTREE,
  INDEX `strapi_workflows_stage_required_to_publish_lnk_ifk`(`workflow_stage_id`) USING BTREE,
  CONSTRAINT `strapi_workflows_stage_required_to_publish_lnk_fk` FOREIGN KEY (`workflow_id`) REFERENCES `strapi_workflows` (`id`) ON DELETE CASCADE ON UPDATE RESTRICT,
  CONSTRAINT `strapi_workflows_stage_required_to_publish_lnk_ifk` FOREIGN KEY (`workflow_stage_id`) REFERENCES `strapi_workflows_stages` (`id`) ON DELETE CASCADE ON UPDATE RESTRICT
) ENGINE = InnoDB AUTO_INCREMENT = 1 CHARACTER SET = utf8mb4 COLLATE = utf8mb4_general_ci ROW_FORMAT = Dynamic;

-- ----------------------------
-- Table structure for strapi_workflows_stages
-- ----------------------------
DROP TABLE IF EXISTS `strapi_workflows_stages`;
CREATE TABLE `strapi_workflows_stages`  (
  `id` int(10) UNSIGNED NOT NULL AUTO_INCREMENT,
  `document_id` varchar(255) CHARACTER SET utf8mb4 COLLATE utf8mb4_general_ci NULL DEFAULT NULL,
  `name` varchar(255) CHARACTER SET utf8mb4 COLLATE utf8mb4_general_ci NULL DEFAULT NULL,
  `color` varchar(255) CHARACTER SET utf8mb4 COLLATE utf8mb4_general_ci NULL DEFAULT NULL,
  `created_at` datetime(6) NULL DEFAULT NULL,
  `updated_at` datetime(6) NULL DEFAULT NULL,
  `published_at` datetime(6) NULL DEFAULT NULL,
  `created_by_id` int(10) UNSIGNED NULL DEFAULT NULL,
  `updated_by_id` int(10) UNSIGNED NULL DEFAULT NULL,
  `locale` varchar(255) CHARACTER SET utf8mb4 COLLATE utf8mb4_general_ci NULL DEFAULT NULL,
  PRIMARY KEY (`id`) USING BTREE,
  INDEX `strapi_workflows_stages_documents_idx`(`document_id`, `locale`, `published_at`) USING BTREE,
  INDEX `strapi_workflows_stages_created_by_id_fk`(`created_by_id`) USING BTREE,
  INDEX `strapi_workflows_stages_updated_by_id_fk`(`updated_by_id`) USING BTREE,
  CONSTRAINT `strapi_workflows_stages_created_by_id_fk` FOREIGN KEY (`created_by_id`) REFERENCES `admin_users` (`id`) ON DELETE SET NULL ON UPDATE RESTRICT,
  CONSTRAINT `strapi_workflows_stages_updated_by_id_fk` FOREIGN KEY (`updated_by_id`) REFERENCES `admin_users` (`id`) ON DELETE SET NULL ON UPDATE RESTRICT
) ENGINE = InnoDB AUTO_INCREMENT = 1 CHARACTER SET = utf8mb4 COLLATE = utf8mb4_general_ci ROW_FORMAT = Dynamic;

-- ----------------------------
-- Table structure for strapi_workflows_stages_permissions_lnk
-- ----------------------------
DROP TABLE IF EXISTS `strapi_workflows_stages_permissions_lnk`;
CREATE TABLE `strapi_workflows_stages_permissions_lnk`  (
  `id` int(10) UNSIGNED NOT NULL AUTO_INCREMENT,
  `workflow_stage_id` int(10) UNSIGNED NULL DEFAULT NULL,
  `permission_id` int(10) UNSIGNED NULL DEFAULT NULL,
  `permission_ord` double unsigned NULL,
  PRIMARY KEY (`id`) USING BTREE,
  UNIQUE INDEX `strapi_workflows_stages_permissions_lnk_uq`(`workflow_stage_id`, `permission_id`) USING BTREE,
  INDEX `strapi_workflows_stages_permissions_lnk_fk`(`workflow_stage_id`) USING BTREE,
  INDEX `strapi_workflows_stages_permissions_lnk_ifk`(`permission_id`) USING BTREE,
  INDEX `strapi_workflows_stages_permissions_lnk_ofk`(`permission_ord`) USING BTREE,
  CONSTRAINT `strapi_workflows_stages_permissions_lnk_fk` FOREIGN KEY (`workflow_stage_id`) REFERENCES `strapi_workflows_stages` (`id`) ON DELETE CASCADE ON UPDATE RESTRICT,
  CONSTRAINT `strapi_workflows_stages_permissions_lnk_ifk` FOREIGN KEY (`permission_id`) REFERENCES `admin_permissions` (`id`) ON DELETE CASCADE ON UPDATE RESTRICT
) ENGINE = InnoDB AUTO_INCREMENT = 1 CHARACTER SET = utf8mb4 COLLATE = utf8mb4_general_ci ROW_FORMAT = Dynamic;

-- ----------------------------
-- Table structure for strapi_workflows_stages_workflow_lnk
-- ----------------------------
DROP TABLE IF EXISTS `strapi_workflows_stages_workflow_lnk`;
CREATE TABLE `strapi_workflows_stages_workflow_lnk`  (
  `id` int(10) UNSIGNED NOT NULL AUTO_INCREMENT,
  `workflow_stage_id` int(10) UNSIGNED NULL DEFAULT NULL,
  `workflow_id` int(10) UNSIGNED NULL DEFAULT NULL,
  `workflow_stage_ord` double unsigned NULL,
  PRIMARY KEY (`id`) USING BTREE,
  UNIQUE INDEX `strapi_workflows_stages_workflow_lnk_uq`(`workflow_stage_id`, `workflow_id`) USING BTREE,
  INDEX `strapi_workflows_stages_workflow_lnk_fk`(`workflow_stage_id`) USING BTREE,
  INDEX `strapi_workflows_stages_workflow_lnk_ifk`(`workflow_id`) USING BTREE,
  INDEX `strapi_workflows_stages_workflow_lnk_oifk`(`workflow_stage_ord`) USING BTREE,
  CONSTRAINT `strapi_workflows_stages_workflow_lnk_fk` FOREIGN KEY (`workflow_stage_id`) REFERENCES `strapi_workflows_stages` (`id`) ON DELETE CASCADE ON UPDATE RESTRICT,
  CONSTRAINT `strapi_workflows_stages_workflow_lnk_ifk` FOREIGN KEY (`workflow_id`) REFERENCES `strapi_workflows` (`id`) ON DELETE CASCADE ON UPDATE RESTRICT
) ENGINE = InnoDB AUTO_INCREMENT = 1 CHARACTER SET = utf8mb4 COLLATE = utf8mb4_general_ci ROW_FORMAT = Dynamic;

-- ----------------------------
-- Table structure for team_members
-- ----------------------------
DROP TABLE IF EXISTS `team_members`;
CREATE TABLE `team_members`  (
  `id` int(10) UNSIGNED NOT NULL AUTO_INCREMENT,
  `document_id` varchar(255) CHARACTER SET utf8mb4 COLLATE utf8mb4_general_ci NULL DEFAULT NULL,
  `name` varchar(255) CHARACTER SET utf8mb4 COLLATE utf8mb4_general_ci NULL DEFAULT NULL,
  `description` longtext CHARACTER SET utf8mb4 COLLATE utf8mb4_general_ci NULL,
  `alt` varchar(255) CHARACTER SET utf8mb4 COLLATE utf8mb4_general_ci NULL DEFAULT NULL,
  `position` varchar(255) CHARACTER SET utf8mb4 COLLATE utf8mb4_general_ci NULL DEFAULT NULL,
  `created_at` datetime(6) NULL DEFAULT NULL,
  `updated_at` datetime(6) NULL DEFAULT NULL,
  `published_at` datetime(6) NULL DEFAULT NULL,
  `created_by_id` int(10) UNSIGNED NULL DEFAULT NULL,
  `updated_by_id` int(10) UNSIGNED NULL DEFAULT NULL,
  `locale` varchar(255) CHARACTER SET utf8mb4 COLLATE utf8mb4_general_ci NULL DEFAULT NULL,
  PRIMARY KEY (`id`) USING BTREE,
  INDEX `team_members_documents_idx`(`document_id`, `locale`, `published_at`) USING BTREE,
  INDEX `team_members_created_by_id_fk`(`created_by_id`) USING BTREE,
  INDEX `team_members_updated_by_id_fk`(`updated_by_id`) USING BTREE,
  CONSTRAINT `team_members_created_by_id_fk` FOREIGN KEY (`created_by_id`) REFERENCES `admin_users` (`id`) ON DELETE SET NULL ON UPDATE RESTRICT,
  CONSTRAINT `team_members_updated_by_id_fk` FOREIGN KEY (`updated_by_id`) REFERENCES `admin_users` (`id`) ON DELETE SET NULL ON UPDATE RESTRICT
) ENGINE = InnoDB AUTO_INCREMENT = 3 CHARACTER SET = utf8mb4 COLLATE = utf8mb4_general_ci ROW_FORMAT = Dynamic;

-- ----------------------------
-- Records of team_members
-- ----------------------------
INSERT INTO `team_members` VALUES (1, 'b2qv9auk4bhv11bt633gkesk', 'Fouad Najjar', 'With over a decade of banking and advisory experience across MENA, Fouad guides businesses through complex financial decisionsfrom strategic planning to mergers & acquisitions. He turns data into actionable insights, empowering teams to make confident, growth-driven choices, and is known for his collaborative approach and clear communication.', 'Fouad Najjar', 'Managing Director', '2025-09-24 18:08:20.426000', '2025-09-24 18:08:20.426000', NULL, 1, 1, NULL);
INSERT INTO `team_members` VALUES (2, 'b2qv9auk4bhv11bt633gkesk', 'Fouad Najjar', 'With over a decade of banking and advisory experience across MENA, Fouad guides businesses through complex financial decisionsfrom strategic planning to mergers & acquisitions. He turns data into actionable insights, empowering teams to make confident, growth-driven choices, and is known for his collaborative approach and clear communication.', 'Fouad Najjar', 'Managing Director', '2025-09-24 18:08:20.426000', '2025-09-24 18:08:20.426000', '2025-09-24 18:08:20.465000', 1, 1, NULL);

-- ----------------------------
-- Table structure for up_permissions
-- ----------------------------
DROP TABLE IF EXISTS `up_permissions`;
CREATE TABLE `up_permissions`  (
  `id` int(10) UNSIGNED NOT NULL AUTO_INCREMENT,
  `document_id` varchar(255) CHARACTER SET utf8mb4 COLLATE utf8mb4_general_ci NULL DEFAULT NULL,
  `action` varchar(255) CHARACTER SET utf8mb4 COLLATE utf8mb4_general_ci NULL DEFAULT NULL,
  `created_at` datetime(6) NULL DEFAULT NULL,
  `updated_at` datetime(6) NULL DEFAULT NULL,
  `published_at` datetime(6) NULL DEFAULT NULL,
  `created_by_id` int(10) UNSIGNED NULL DEFAULT NULL,
  `updated_by_id` int(10) UNSIGNED NULL DEFAULT NULL,
  `locale` varchar(255) CHARACTER SET utf8mb4 COLLATE utf8mb4_general_ci NULL DEFAULT NULL,
  PRIMARY KEY (`id`) USING BTREE,
  INDEX `up_permissions_documents_idx`(`document_id`, `locale`, `published_at`) USING BTREE,
  INDEX `up_permissions_created_by_id_fk`(`created_by_id`) USING BTREE,
  INDEX `up_permissions_updated_by_id_fk`(`updated_by_id`) USING BTREE,
  CONSTRAINT `up_permissions_created_by_id_fk` FOREIGN KEY (`created_by_id`) REFERENCES `admin_users` (`id`) ON DELETE SET NULL ON UPDATE RESTRICT,
  CONSTRAINT `up_permissions_updated_by_id_fk` FOREIGN KEY (`updated_by_id`) REFERENCES `admin_users` (`id`) ON DELETE SET NULL ON UPDATE RESTRICT
) ENGINE = InnoDB AUTO_INCREMENT = 54 CHARACTER SET = utf8mb4 COLLATE = utf8mb4_general_ci ROW_FORMAT = Dynamic;

-- ----------------------------
-- Records of up_permissions
-- ----------------------------
INSERT INTO `up_permissions` VALUES (1, 'wj7rp3qbo88zng4tcj5u9nzg', 'plugin::users-permissions.user.me', '2025-09-19 14:41:50.200000', '2025-09-19 14:41:50.200000', '2025-09-19 14:41:50.200000', NULL, NULL, NULL);
INSERT INTO `up_permissions` VALUES (2, 'wcz8fkbxcf7r2qdx70v13emc', 'plugin::users-permissions.auth.changePassword', '2025-09-19 14:41:50.200000', '2025-09-19 14:41:50.200000', '2025-09-19 14:41:50.200000', NULL, NULL, NULL);
INSERT INTO `up_permissions` VALUES (3, 'cdyh0a249e2x3givte2g06p7', 'plugin::users-permissions.auth.callback', '2025-09-19 14:41:50.213000', '2025-09-19 14:41:50.213000', '2025-09-19 14:41:50.213000', NULL, NULL, NULL);
INSERT INTO `up_permissions` VALUES (4, 'tcgjmiszm3b2vy0k7qkud2xc', 'plugin::users-permissions.auth.connect', '2025-09-19 14:41:50.213000', '2025-09-19 14:41:50.213000', '2025-09-19 14:41:50.213000', NULL, NULL, NULL);
INSERT INTO `up_permissions` VALUES (5, 'lt6jx3egxuf8po1m66rvzol3', 'plugin::users-permissions.auth.resetPassword', '2025-09-19 14:41:50.213000', '2025-09-19 14:41:50.213000', '2025-09-19 14:41:50.213000', NULL, NULL, NULL);
INSERT INTO `up_permissions` VALUES (6, 'yxy3zt4te691btakyzrlbh2t', 'plugin::users-permissions.auth.forgotPassword', '2025-09-19 14:41:50.213000', '2025-09-19 14:41:50.213000', '2025-09-19 14:41:50.213000', NULL, NULL, NULL);
INSERT INTO `up_permissions` VALUES (7, 'sujnd3ay7f5cn2jk1ujh4wq2', 'plugin::users-permissions.auth.register', '2025-09-19 14:41:50.213000', '2025-09-19 14:41:50.213000', '2025-09-19 14:41:50.213000', NULL, NULL, NULL);
INSERT INTO `up_permissions` VALUES (8, 'bfs9dfm6upo6y0jjqsglkmu6', 'plugin::users-permissions.auth.emailConfirmation', '2025-09-19 14:41:50.213000', '2025-09-19 14:41:50.213000', '2025-09-19 14:41:50.213000', NULL, NULL, NULL);
INSERT INTO `up_permissions` VALUES (9, 'njd8yemi4l1ovo9ovcg6hjnx', 'plugin::users-permissions.auth.sendEmailConfirmation', '2025-09-19 14:41:50.213000', '2025-09-19 14:41:50.213000', '2025-09-19 14:41:50.213000', NULL, NULL, NULL);
INSERT INTO `up_permissions` VALUES (12, 'ye6y6feb41yye33djlecojle', 'api::service.service.find', '2025-09-19 15:43:13.199000', '2025-09-19 15:43:13.199000', '2025-09-19 15:43:13.200000', NULL, NULL, NULL);
INSERT INTO `up_permissions` VALUES (13, 'xe5ui15juklquf9yz215wp19', 'api::service.service.findOne', '2025-09-19 15:43:13.199000', '2025-09-19 15:43:13.199000', '2025-09-19 15:43:13.200000', NULL, NULL, NULL);
INSERT INTO `up_permissions` VALUES (20, 'ztrb4z4uzoi49mbmpihpq4au', 'api::navigation.navigation.find', '2025-09-24 18:00:27.019000', '2025-09-24 18:00:27.019000', '2025-09-24 18:00:27.019000', NULL, NULL, NULL);
INSERT INTO `up_permissions` VALUES (21, 'f1sr5qabwqtdxcolsoons1wh', 'api::footer.footer.find', '2025-09-24 18:00:32.931000', '2025-09-24 18:00:32.931000', '2025-09-24 18:00:32.931000', NULL, NULL, NULL);
INSERT INTO `up_permissions` VALUES (26, 'xnn7qrsrvk0fxrg8cqycz266', 'api::client-review.client-review.find', '2025-09-24 18:04:06.891000', '2025-09-24 18:04:06.891000', '2025-09-24 18:04:06.892000', NULL, NULL, NULL);
INSERT INTO `up_permissions` VALUES (27, 'kwrzzz796isk4icr4jxl627v', 'api::client-review.client-review.findOne', '2025-09-24 18:04:06.891000', '2025-09-24 18:04:06.891000', '2025-09-24 18:04:06.892000', NULL, NULL, NULL);
INSERT INTO `up_permissions` VALUES (28, 'y7fu4lkb0ig05va7n3fqgf1m', 'api::contact-form-submission.contact-form-submission.find', '2025-09-24 18:04:12.875000', '2025-09-24 18:04:12.875000', '2025-09-24 18:04:12.875000', NULL, NULL, NULL);
INSERT INTO `up_permissions` VALUES (29, 'bu4rp744fnmvxagip5cf3xe3', 'api::contact-form-submission.contact-form-submission.findOne', '2025-09-24 18:04:12.875000', '2025-09-24 18:04:12.875000', '2025-09-24 18:04:12.875000', NULL, NULL, NULL);
INSERT INTO `up_permissions` VALUES (30, 'bn0yjnbhou68yxbbjmmq5b4q', 'api::contact-form-submission.contact-form-submission.create', '2025-09-24 18:04:12.875000', '2025-09-24 18:04:12.875000', '2025-09-24 18:04:12.875000', NULL, NULL, NULL);
INSERT INTO `up_permissions` VALUES (31, 'n7kccen42io95e76b1snl3ge', 'api::office-location.office-location.find', '2025-09-24 18:04:22.547000', '2025-09-24 18:04:22.547000', '2025-09-24 18:04:22.547000', NULL, NULL, NULL);
INSERT INTO `up_permissions` VALUES (32, 'o9kyb0ixp15hiflfhwhjxxa8', 'api::office-location.office-location.findOne', '2025-09-24 18:04:22.547000', '2025-09-24 18:04:22.547000', '2025-09-24 18:04:22.547000', NULL, NULL, NULL);
INSERT INTO `up_permissions` VALUES (33, 'z4zdywqfn26s01th1ctdwo4p', 'api::page-hero-section.page-hero-section.find', '2025-09-24 18:04:25.697000', '2025-09-24 18:04:25.697000', '2025-09-24 18:04:25.697000', NULL, NULL, NULL);
INSERT INTO `up_permissions` VALUES (34, 'aywq6qfrx2oitj3402okg9fc', 'api::page-hero-section.page-hero-section.findOne', '2025-09-24 18:04:25.697000', '2025-09-24 18:04:25.697000', '2025-09-24 18:04:25.697000', NULL, NULL, NULL);
INSERT INTO `up_permissions` VALUES (35, 'mpd9k9ddujz56rn094bbxp33', 'api::page-section.page-section.find', '2025-09-24 18:04:29.300000', '2025-09-24 18:04:29.300000', '2025-09-24 18:04:29.301000', NULL, NULL, NULL);
INSERT INTO `up_permissions` VALUES (36, 'uydsr0ex79odlq6ixxyoma0m', 'api::page-section.page-section.findOne', '2025-09-24 18:04:29.300000', '2025-09-24 18:04:29.300000', '2025-09-24 18:04:29.301000', NULL, NULL, NULL);
INSERT INTO `up_permissions` VALUES (37, 'dxmtjhhcou26608k7rnm5gvw', 'api::page-service-section.page-service-section.find', '2025-09-24 18:04:32.694000', '2025-09-24 18:04:32.694000', '2025-09-24 18:04:32.694000', NULL, NULL, NULL);
INSERT INTO `up_permissions` VALUES (38, 'tueplk6moe6pky6kjs2qopqg', 'api::page-service-section.page-service-section.findOne', '2025-09-24 18:04:32.694000', '2025-09-24 18:04:32.694000', '2025-09-24 18:04:32.694000', NULL, NULL, NULL);
INSERT INTO `up_permissions` VALUES (39, 't0a4w8h120je067uwc8op2qy', 'api::team-member.team-member.find', '2025-09-24 18:04:41.728000', '2025-09-24 18:04:41.728000', '2025-09-24 18:04:41.728000', NULL, NULL, NULL);
INSERT INTO `up_permissions` VALUES (40, 'iw7abdktwnsccj3lp8rfb6lw', 'api::team-member.team-member.findOne', '2025-09-24 18:04:41.728000', '2025-09-24 18:04:41.728000', '2025-09-24 18:04:41.728000', NULL, NULL, NULL);
INSERT INTO `up_permissions` VALUES (41, 'd0pl9wqcfnudmyc6nsselutj', 'api::industry.industry.find', '2025-11-10 03:33:25.641000', '2025-11-10 03:33:25.641000', '2025-11-10 03:33:25.642000', NULL, NULL, NULL);
INSERT INTO `up_permissions` VALUES (42, 'o9q4l6x9d6gmved6rd8lmdp3', 'api::industry.industry.findOne', '2025-11-10 03:33:25.641000', '2025-11-10 03:33:25.641000', '2025-11-10 03:33:25.642000', NULL, NULL, NULL);
INSERT INTO `up_permissions` VALUES (43, 'z1ex2a8rvv49sjd6nx3vdg1s', 'api::home-hero-footer-logo.home-hero-footer-logo.find', '2025-11-10 16:20:59.318000', '2025-11-10 16:20:59.318000', '2025-11-10 16:20:59.319000', NULL, NULL, NULL);
INSERT INTO `up_permissions` VALUES (44, 'reuuoas5vvcjb31ew0shcsxy', 'api::home-hero-footer-logo.home-hero-footer-logo.findOne', '2025-11-10 16:20:59.318000', '2025-11-10 16:20:59.318000', '2025-11-10 16:20:59.319000', NULL, NULL, NULL);
INSERT INTO `up_permissions` VALUES (45, 'h6sm3g94qdjzvf7qxunwiroe', 'api::home-industry-perspective.home-industry-perspective.find', '2025-11-10 16:20:59.318000', '2025-11-10 16:20:59.318000', '2025-11-10 16:20:59.319000', NULL, NULL, NULL);
INSERT INTO `up_permissions` VALUES (46, 'xitzh79u9iukgdllncvpe7sr', 'api::home-industry-perspective.home-industry-perspective.findOne', '2025-11-10 16:20:59.318000', '2025-11-10 16:20:59.318000', '2025-11-10 16:20:59.320000', NULL, NULL, NULL);
INSERT INTO `up_permissions` VALUES (47, 'ua5ypv1lbm2gt6vn6nj5dg6g', 'api::home-stock-section.home-stock-section.find', '2025-11-10 16:20:59.318000', '2025-11-10 16:20:59.318000', '2025-11-10 16:20:59.320000', NULL, NULL, NULL);
INSERT INTO `up_permissions` VALUES (48, 'as45kr5s1sq7rnculkp6n88g', 'api::home-stock-section.home-stock-section.findOne', '2025-11-10 16:20:59.318000', '2025-11-10 16:20:59.318000', '2025-11-10 16:20:59.320000', NULL, NULL, NULL);
INSERT INTO `up_permissions` VALUES (49, 'r3impquc06ukex2e838fgcaa', 'api::home-strategic-growth.home-strategic-growth.find', '2025-11-10 16:20:59.318000', '2025-11-10 16:20:59.318000', '2025-11-10 16:20:59.321000', NULL, NULL, NULL);
INSERT INTO `up_permissions` VALUES (50, 'yhdqkazrpoogwhfm6xkmxps1', 'api::home-strategic-growth.home-strategic-growth.findOne', '2025-11-10 16:20:59.318000', '2025-11-10 16:20:59.318000', '2025-11-10 16:20:59.321000', NULL, NULL, NULL);
INSERT INTO `up_permissions` VALUES (51, 'khryeghi8lxmdb0sbnrw7x5u', 'api::home-hero-section.home-hero-section.find', '2025-11-10 16:21:13.533000', '2025-11-10 16:21:13.533000', '2025-11-10 16:21:13.533000', NULL, NULL, NULL);
INSERT INTO `up_permissions` VALUES (52, 'eihg046lato4ajkf4strgt3i', 'api::home-hero-section.home-hero-section.findOne', '2025-11-10 16:21:13.533000', '2025-11-10 16:21:13.533000', '2025-11-10 16:21:13.533000', NULL, NULL, NULL);
INSERT INTO `up_permissions` VALUES (53, 'xu9f4b2bpnzg1m03hue6nzhx', 'api::about-team-section.about-team-section.find', '2025-11-11 15:48:57.691000', '2025-11-11 15:48:57.691000', '2025-11-11 15:48:57.692000', NULL, NULL, NULL);

-- ----------------------------
-- Table structure for up_permissions_role_lnk
-- ----------------------------
DROP TABLE IF EXISTS `up_permissions_role_lnk`;
CREATE TABLE `up_permissions_role_lnk`  (
  `id` int(10) UNSIGNED NOT NULL AUTO_INCREMENT,
  `permission_id` int(10) UNSIGNED NULL DEFAULT NULL,
  `role_id` int(10) UNSIGNED NULL DEFAULT NULL,
  `permission_ord` double unsigned NULL,
  PRIMARY KEY (`id`) USING BTREE,
  UNIQUE INDEX `up_permissions_role_lnk_uq`(`permission_id`, `role_id`) USING BTREE,
  INDEX `up_permissions_role_lnk_fk`(`permission_id`) USING BTREE,
  INDEX `up_permissions_role_lnk_ifk`(`role_id`) USING BTREE,
  INDEX `up_permissions_role_lnk_oifk`(`permission_ord`) USING BTREE,
  CONSTRAINT `up_permissions_role_lnk_fk` FOREIGN KEY (`permission_id`) REFERENCES `up_permissions` (`id`) ON DELETE CASCADE ON UPDATE RESTRICT,
  CONSTRAINT `up_permissions_role_lnk_ifk` FOREIGN KEY (`role_id`) REFERENCES `up_roles` (`id`) ON DELETE CASCADE ON UPDATE RESTRICT
) ENGINE = InnoDB AUTO_INCREMENT = 54 CHARACTER SET = utf8mb4 COLLATE = utf8mb4_general_ci ROW_FORMAT = Dynamic;

-- ----------------------------
-- Records of up_permissions_role_lnk
-- ----------------------------
INSERT INTO `up_permissions_role_lnk` VALUES (1, 1, 1, 1);
INSERT INTO `up_permissions_role_lnk` VALUES (2, 2, 1, 2);
INSERT INTO `up_permissions_role_lnk` VALUES (3, 3, 2, 1);
INSERT INTO `up_permissions_role_lnk` VALUES (4, 7, 2, 2);
INSERT INTO `up_permissions_role_lnk` VALUES (5, 4, 2, 2);
INSERT INTO `up_permissions_role_lnk` VALUES (6, 9, 2, 2);
INSERT INTO `up_permissions_role_lnk` VALUES (7, 8, 2, 2);
INSERT INTO `up_permissions_role_lnk` VALUES (8, 5, 2, 2);
INSERT INTO `up_permissions_role_lnk` VALUES (9, 6, 2, 2);
INSERT INTO `up_permissions_role_lnk` VALUES (12, 13, 2, 4);
INSERT INTO `up_permissions_role_lnk` VALUES (13, 12, 2, 4);
INSERT INTO `up_permissions_role_lnk` VALUES (20, 20, 2, 7);
INSERT INTO `up_permissions_role_lnk` VALUES (21, 21, 2, 8);
INSERT INTO `up_permissions_role_lnk` VALUES (26, 27, 2, 12);
INSERT INTO `up_permissions_role_lnk` VALUES (27, 26, 2, 12);
INSERT INTO `up_permissions_role_lnk` VALUES (28, 28, 2, 13);
INSERT INTO `up_permissions_role_lnk` VALUES (29, 30, 2, 14);
INSERT INTO `up_permissions_role_lnk` VALUES (30, 29, 2, 14);
INSERT INTO `up_permissions_role_lnk` VALUES (31, 31, 2, 15);
INSERT INTO `up_permissions_role_lnk` VALUES (32, 32, 2, 15);
INSERT INTO `up_permissions_role_lnk` VALUES (33, 33, 2, 16);
INSERT INTO `up_permissions_role_lnk` VALUES (34, 34, 2, 17);
INSERT INTO `up_permissions_role_lnk` VALUES (35, 35, 2, 18);
INSERT INTO `up_permissions_role_lnk` VALUES (36, 36, 2, 19);
INSERT INTO `up_permissions_role_lnk` VALUES (37, 38, 2, 20);
INSERT INTO `up_permissions_role_lnk` VALUES (38, 37, 2, 20);
INSERT INTO `up_permissions_role_lnk` VALUES (39, 39, 2, 21);
INSERT INTO `up_permissions_role_lnk` VALUES (40, 40, 2, 22);
INSERT INTO `up_permissions_role_lnk` VALUES (41, 41, 2, 23);
INSERT INTO `up_permissions_role_lnk` VALUES (42, 42, 2, 23);
INSERT INTO `up_permissions_role_lnk` VALUES (43, 43, 2, 24);
INSERT INTO `up_permissions_role_lnk` VALUES (44, 44, 2, 24);
INSERT INTO `up_permissions_role_lnk` VALUES (45, 45, 2, 24);
INSERT INTO `up_permissions_role_lnk` VALUES (46, 48, 2, 24);
INSERT INTO `up_permissions_role_lnk` VALUES (47, 49, 2, 24);
INSERT INTO `up_permissions_role_lnk` VALUES (48, 47, 2, 24);
INSERT INTO `up_permissions_role_lnk` VALUES (49, 46, 2, 24);
INSERT INTO `up_permissions_role_lnk` VALUES (50, 50, 2, 25);
INSERT INTO `up_permissions_role_lnk` VALUES (51, 51, 2, 26);
INSERT INTO `up_permissions_role_lnk` VALUES (52, 52, 2, 27);
INSERT INTO `up_permissions_role_lnk` VALUES (53, 53, 2, 28);

-- ----------------------------
-- Table structure for up_roles
-- ----------------------------
DROP TABLE IF EXISTS `up_roles`;
CREATE TABLE `up_roles`  (
  `id` int(10) UNSIGNED NOT NULL AUTO_INCREMENT,
  `document_id` varchar(255) CHARACTER SET utf8mb4 COLLATE utf8mb4_general_ci NULL DEFAULT NULL,
  `name` varchar(255) CHARACTER SET utf8mb4 COLLATE utf8mb4_general_ci NULL DEFAULT NULL,
  `description` varchar(255) CHARACTER SET utf8mb4 COLLATE utf8mb4_general_ci NULL DEFAULT NULL,
  `type` varchar(255) CHARACTER SET utf8mb4 COLLATE utf8mb4_general_ci NULL DEFAULT NULL,
  `created_at` datetime(6) NULL DEFAULT NULL,
  `updated_at` datetime(6) NULL DEFAULT NULL,
  `published_at` datetime(6) NULL DEFAULT NULL,
  `created_by_id` int(10) UNSIGNED NULL DEFAULT NULL,
  `updated_by_id` int(10) UNSIGNED NULL DEFAULT NULL,
  `locale` varchar(255) CHARACTER SET utf8mb4 COLLATE utf8mb4_general_ci NULL DEFAULT NULL,
  PRIMARY KEY (`id`) USING BTREE,
  INDEX `up_roles_documents_idx`(`document_id`, `locale`, `published_at`) USING BTREE,
  INDEX `up_roles_created_by_id_fk`(`created_by_id`) USING BTREE,
  INDEX `up_roles_updated_by_id_fk`(`updated_by_id`) USING BTREE,
  CONSTRAINT `up_roles_created_by_id_fk` FOREIGN KEY (`created_by_id`) REFERENCES `admin_users` (`id`) ON DELETE SET NULL ON UPDATE RESTRICT,
  CONSTRAINT `up_roles_updated_by_id_fk` FOREIGN KEY (`updated_by_id`) REFERENCES `admin_users` (`id`) ON DELETE SET NULL ON UPDATE RESTRICT
) ENGINE = InnoDB AUTO_INCREMENT = 3 CHARACTER SET = utf8mb4 COLLATE = utf8mb4_general_ci ROW_FORMAT = Dynamic;

-- ----------------------------
-- Records of up_roles
-- ----------------------------
INSERT INTO `up_roles` VALUES (1, 'vjhjgtcfq4em51ahznc67p38', 'Authenticated', 'Default role given to authenticated user.', 'authenticated', '2025-09-19 14:41:50.187000', '2025-09-19 14:41:50.187000', '2025-09-19 14:41:50.187000', NULL, NULL, NULL);
INSERT INTO `up_roles` VALUES (2, 'kvjxncpzjqfql6dn2equal5e', 'Public', 'Default role given to unauthenticated user.', 'public', '2025-09-19 14:41:50.191000', '2025-11-11 15:48:57.685000', '2025-09-19 14:41:50.191000', NULL, NULL, NULL);

-- ----------------------------
-- Table structure for up_users
-- ----------------------------
DROP TABLE IF EXISTS `up_users`;
CREATE TABLE `up_users`  (
  `id` int(10) UNSIGNED NOT NULL AUTO_INCREMENT,
  `document_id` varchar(255) CHARACTER SET utf8mb4 COLLATE utf8mb4_general_ci NULL DEFAULT NULL,
  `username` varchar(255) CHARACTER SET utf8mb4 COLLATE utf8mb4_general_ci NULL DEFAULT NULL,
  `email` varchar(255) CHARACTER SET utf8mb4 COLLATE utf8mb4_general_ci NULL DEFAULT NULL,
  `provider` varchar(255) CHARACTER SET utf8mb4 COLLATE utf8mb4_general_ci NULL DEFAULT NULL,
  `password` varchar(255) CHARACTER SET utf8mb4 COLLATE utf8mb4_general_ci NULL DEFAULT NULL,
  `reset_password_token` varchar(255) CHARACTER SET utf8mb4 COLLATE utf8mb4_general_ci NULL DEFAULT NULL,
  `confirmation_token` varchar(255) CHARACTER SET utf8mb4 COLLATE utf8mb4_general_ci NULL DEFAULT NULL,
  `confirmed` tinyint(1) NULL DEFAULT NULL,
  `blocked` tinyint(1) NULL DEFAULT NULL,
  `created_at` datetime(6) NULL DEFAULT NULL,
  `updated_at` datetime(6) NULL DEFAULT NULL,
  `published_at` datetime(6) NULL DEFAULT NULL,
  `created_by_id` int(10) UNSIGNED NULL DEFAULT NULL,
  `updated_by_id` int(10) UNSIGNED NULL DEFAULT NULL,
  `locale` varchar(255) CHARACTER SET utf8mb4 COLLATE utf8mb4_general_ci NULL DEFAULT NULL,
  PRIMARY KEY (`id`) USING BTREE,
  INDEX `up_users_documents_idx`(`document_id`, `locale`, `published_at`) USING BTREE,
  INDEX `up_users_created_by_id_fk`(`created_by_id`) USING BTREE,
  INDEX `up_users_updated_by_id_fk`(`updated_by_id`) USING BTREE,
  CONSTRAINT `up_users_created_by_id_fk` FOREIGN KEY (`created_by_id`) REFERENCES `admin_users` (`id`) ON DELETE SET NULL ON UPDATE RESTRICT,
  CONSTRAINT `up_users_updated_by_id_fk` FOREIGN KEY (`updated_by_id`) REFERENCES `admin_users` (`id`) ON DELETE SET NULL ON UPDATE RESTRICT
) ENGINE = InnoDB AUTO_INCREMENT = 1 CHARACTER SET = utf8mb4 COLLATE = utf8mb4_general_ci ROW_FORMAT = Dynamic;

-- ----------------------------
-- Table structure for up_users_role_lnk
-- ----------------------------
DROP TABLE IF EXISTS `up_users_role_lnk`;
CREATE TABLE `up_users_role_lnk`  (
  `id` int(10) UNSIGNED NOT NULL AUTO_INCREMENT,
  `user_id` int(10) UNSIGNED NULL DEFAULT NULL,
  `role_id` int(10) UNSIGNED NULL DEFAULT NULL,
  `user_ord` double unsigned NULL,
  PRIMARY KEY (`id`) USING BTREE,
  UNIQUE INDEX `up_users_role_lnk_uq`(`user_id`, `role_id`) USING BTREE,
  INDEX `up_users_role_lnk_fk`(`user_id`) USING BTREE,
  INDEX `up_users_role_lnk_ifk`(`role_id`) USING BTREE,
  INDEX `up_users_role_lnk_oifk`(`user_ord`) USING BTREE,
  CONSTRAINT `up_users_role_lnk_fk` FOREIGN KEY (`user_id`) REFERENCES `up_users` (`id`) ON DELETE CASCADE ON UPDATE RESTRICT,
  CONSTRAINT `up_users_role_lnk_ifk` FOREIGN KEY (`role_id`) REFERENCES `up_roles` (`id`) ON DELETE CASCADE ON UPDATE RESTRICT
) ENGINE = InnoDB AUTO_INCREMENT = 1 CHARACTER SET = utf8mb4 COLLATE = utf8mb4_general_ci ROW_FORMAT = Dynamic;

-- ----------------------------
-- Table structure for upload_folders
-- ----------------------------
DROP TABLE IF EXISTS `upload_folders`;
CREATE TABLE `upload_folders`  (
  `id` int(10) UNSIGNED NOT NULL AUTO_INCREMENT,
  `document_id` varchar(255) CHARACTER SET utf8mb4 COLLATE utf8mb4_general_ci NULL DEFAULT NULL,
  `name` varchar(255) CHARACTER SET utf8mb4 COLLATE utf8mb4_general_ci NULL DEFAULT NULL,
  `path_id` int(11) NULL DEFAULT NULL,
  `path` varchar(255) CHARACTER SET utf8mb4 COLLATE utf8mb4_general_ci NULL DEFAULT NULL,
  `created_at` datetime(6) NULL DEFAULT NULL,
  `updated_at` datetime(6) NULL DEFAULT NULL,
  `published_at` datetime(6) NULL DEFAULT NULL,
  `created_by_id` int(10) UNSIGNED NULL DEFAULT NULL,
  `updated_by_id` int(10) UNSIGNED NULL DEFAULT NULL,
  `locale` varchar(255) CHARACTER SET utf8mb4 COLLATE utf8mb4_general_ci NULL DEFAULT NULL,
  PRIMARY KEY (`id`) USING BTREE,
  UNIQUE INDEX `upload_folders_path_id_index`(`path_id`) USING BTREE,
  UNIQUE INDEX `upload_folders_path_index`(`path`) USING BTREE,
  INDEX `upload_folders_documents_idx`(`document_id`, `locale`, `published_at`) USING BTREE,
  INDEX `upload_folders_created_by_id_fk`(`created_by_id`) USING BTREE,
  INDEX `upload_folders_updated_by_id_fk`(`updated_by_id`) USING BTREE,
  CONSTRAINT `upload_folders_created_by_id_fk` FOREIGN KEY (`created_by_id`) REFERENCES `admin_users` (`id`) ON DELETE SET NULL ON UPDATE RESTRICT,
  CONSTRAINT `upload_folders_updated_by_id_fk` FOREIGN KEY (`updated_by_id`) REFERENCES `admin_users` (`id`) ON DELETE SET NULL ON UPDATE RESTRICT
) ENGINE = InnoDB AUTO_INCREMENT = 1 CHARACTER SET = utf8mb4 COLLATE = utf8mb4_general_ci ROW_FORMAT = Dynamic;

-- ----------------------------
-- Table structure for upload_folders_parent_lnk
-- ----------------------------
DROP TABLE IF EXISTS `upload_folders_parent_lnk`;
CREATE TABLE `upload_folders_parent_lnk`  (
  `id` int(10) UNSIGNED NOT NULL AUTO_INCREMENT,
  `folder_id` int(10) UNSIGNED NULL DEFAULT NULL,
  `inv_folder_id` int(10) UNSIGNED NULL DEFAULT NULL,
  `folder_ord` double unsigned NULL,
  PRIMARY KEY (`id`) USING BTREE,
  UNIQUE INDEX `upload_folders_parent_lnk_uq`(`folder_id`, `inv_folder_id`) USING BTREE,
  INDEX `upload_folders_parent_lnk_fk`(`folder_id`) USING BTREE,
  INDEX `upload_folders_parent_lnk_ifk`(`inv_folder_id`) USING BTREE,
  INDEX `upload_folders_parent_lnk_oifk`(`folder_ord`) USING BTREE,
  CONSTRAINT `upload_folders_parent_lnk_fk` FOREIGN KEY (`folder_id`) REFERENCES `upload_folders` (`id`) ON DELETE CASCADE ON UPDATE RESTRICT,
  CONSTRAINT `upload_folders_parent_lnk_ifk` FOREIGN KEY (`inv_folder_id`) REFERENCES `upload_folders` (`id`) ON DELETE CASCADE ON UPDATE RESTRICT
) ENGINE = InnoDB AUTO_INCREMENT = 1 CHARACTER SET = utf8mb4 COLLATE = utf8mb4_general_ci ROW_FORMAT = Dynamic;

SET FOREIGN_KEY_CHECKS = 1;
